dataset,model,metric,ISR,ISR_ci95_lo,ISR_ci95_hi,frame_median_abs_delta,featurization_median_abs_delta,n_frame_pairs,n_featurization_pairs,frame_tags,featurization_tags,draw,n_pockets_requested,n_pockets_unique
colab47_crop_subsample_subsample_n4,diffsbdd,mean_qed,0.718,0.142,1.287,0.04102,0.05711,4,8,crop_radius_minus_1.5,"atom_shuffle,coordinate_jitter",0,4,4
colab47_crop_subsample_subsample_n4,diffsbdd,mean_qed,1.41,0.646,3.9,0.04256,0.03018,4,8,crop_radius_minus_1.5,"atom_shuffle,coordinate_jitter",1,4,4
colab47_crop_subsample_subsample_n4,diffsbdd,mean_qed,3.968,1.566,10.314,0.09886,0.02491,4,8,crop_radius_minus_1.5,"atom_shuffle,coordinate_jitter",2,4,4
colab47_crop_subsample_subsample_n4,diffsbdd,mean_qed,1.473,0.216,4.837,0.0649,0.04405,4,8,crop_radius_minus_1.5,"atom_shuffle,coordinate_jitter",3,4,4
colab47_crop_subsample_subsample_n4,diffsbdd,mean_qed,2.222,0.284,7.046,0.04747,0.02136,4,8,crop_radius_minus_1.5,"atom_shuffle,coordinate_jitter",4,4,4
colab47_crop_subsample_subsample_n4,diffsbdd,mean_qed,3.44,0.237,7.433,0.07915,0.02301,4,8,crop_radius_minus_1.5,"atom_shuffle,coordinate_jitter",5,4,4
colab47_crop_subsample_subsample_n4,diffsbdd,mean_qed,1.66,0.13,6.847,0.04149,0.025,4,8,crop_radius_minus_1.5,"atom_shuffle,coordinate_jitter",6,4,4
colab47_crop_subsample_subsample_n4,diffsbdd,mean_qed,1.168,0.175,2.254,0.06083,0.05209,4,8,crop_radius_minus_1.5,"atom_shuffle,coordinate_jitter",7,4,4
colab47_crop_subsample_subsample_n4,diffsbdd,mean_qed,2.329,1.193,6.654,0.05804,0.02491,4,8,crop_radius_minus_1.5,"atom_shuffle,coordinate_jitter",8,4,4
colab47_crop_subsample_subsample_n4,diffsbdd,mean_qed,1.834,0.673,6.838,0.0648,0.03533,4,8,crop_radius_minus_1.5,"atom_shuffle,coordinate_jitter",9,4,4
colab47_crop_subsample_subsample_n4,diffsbdd,mean_qed,1.276,0.142,3.075,0.04864,0.03813,4,8,crop_radius_minus_1.5,"atom_shuffle,coordinate_jitter",10,4,4
colab47_crop_subsample_subsample_n4,diffsbdd,mean_qed,4.48,1.949,18.946,0.13928,0.03109,3,6,crop_radius_minus_1.5,"atom_shuffle,coordinate_jitter",11,4,3
colab47_crop_subsample_subsample_n4,diffsbdd,mean_qed,0.941,0.343,1.892,0.03034,0.03224,4,8,crop_radius_minus_1.5,"atom_shuffle,coordinate_jitter",12,4,4
colab47_crop_subsample_subsample_n4,diffsbdd,mean_qed,4.545,0.415,10.956,0.10356,0.02279,4,8,crop_radius_minus_1.5,"atom_shuffle,coordinate_jitter",13,4,4
colab47_crop_subsample_subsample_n4,diffsbdd,mean_qed,1.011,0.624,2.586,0.04016,0.0397,4,8,crop_radius_minus_1.5,"atom_shuffle,coordinate_jitter",14,4,4
colab47_crop_subsample_subsample_n4,diffsbdd,mean_qed,1.975,0.145,9.982,0.04544,0.02301,3,6,crop_radius_minus_1.5,"atom_shuffle,coordinate_jitter",15,4,3
colab47_crop_subsample_subsample_n4,diffsbdd,mean_qed,2.598,0.196,7.482,0.07215,0.02777,4,8,crop_radius_minus_1.5,"atom_shuffle,coordinate_jitter",16,4,4
colab47_crop_subsample_subsample_n4,diffsbdd,mean_qed,2.016,0.394,4.017,0.04581,0.02272,4,8,crop_radius_minus_1.5,"atom_shuffle,coordinate_jitter",17,4,4
colab47_crop_subsample_subsample_n4,diffsbdd,mean_qed,1.151,0.736,2.881,0.04364,0.03793,4,8,crop_radius_minus_1.5,"atom_shuffle,coordinate_jitter",18,4,4
colab47_crop_subsample_subsample_n4,diffsbdd,mean_qed,1.142,0.279,2.037,0.04211,0.03687,3,6,crop_radius_minus_1.5,"atom_shuffle,coordinate_jitter",19,4,3
colab47_crop_subsample_subsample_n4,diffsbdd,mean_qed,5.84,1.784,23.425,0.09716,0.01664,3,6,crop_radius_minus_1.5,"atom_shuffle,coordinate_jitter",20,4,3
colab47_crop_subsample_subsample_n4,diffsbdd,mean_qed,1.977,0.219,5.372,0.07574,0.03831,4,8,crop_radius_minus_1.5,"atom_shuffle,coordinate_jitter",21,4,4
colab47_crop_subsample_subsample_n4,diffsbdd,mean_qed,0.627,0.071,2.995,0.0254,0.04051,4,8,crop_radius_minus_1.5,"atom_shuffle,coordinate_jitter",22,4,4
colab47_crop_subsample_subsample_n4,diffsbdd,mean_qed,0.588,0.124,2.988,0.02825,0.04807,4,8,crop_radius_minus_1.5,"atom_shuffle,coordinate_jitter",23,4,4
colab47_crop_subsample_subsample_n4,diffsbdd,mean_qed,1.154,0.456,2.276,0.04256,0.03687,4,8,crop_radius_minus_1.5,"atom_shuffle,coordinate_jitter",24,4,4
colab47_crop_subsample_subsample_n4,diffsbdd,mean_qed,1.707,0.603,3.356,0.05191,0.03041,4,8,crop_radius_minus_1.5,"atom_shuffle,coordinate_jitter",25,4,4
colab47_crop_subsample_subsample_n4,diffsbdd,mean_qed,1.529,0.879,2.863,0.06213,0.04062,4,8,crop_radius_minus_1.5,"atom_shuffle,coordinate_jitter",26,4,4
colab47_crop_subsample_subsample_n4,diffsbdd,mean_qed,2.382,1.826,4.913,0.06821,0.02863,4,8,crop_radius_minus_1.5,"atom_shuffle,coordinate_jitter",27,4,4
colab47_crop_subsample_subsample_n4,diffsbdd,mean_qed,1.88,0.826,6.931,0.0495,0.02633,3,6,crop_radius_minus_1.5,"atom_shuffle,coordinate_jitter",28,4,3
colab47_crop_subsample_subsample_n4,diffsbdd,mean_qed,3.494,1.203,10.98,0.09807,0.02807,4,8,crop_radius_minus_1.5,"atom_shuffle,coordinate_jitter",29,4,4
colab47_crop_subsample_subsample_n4,diffsbdd,mean_qed,2.296,1.059,4.091,0.06798,0.02961,4,8,crop_radius_minus_1.5,"atom_shuffle,coordinate_jitter",30,4,4
colab47_crop_subsample_subsample_n4,diffsbdd,mean_qed,1.743,0.5,4.045,0.05843,0.03352,4,8,crop_radius_minus_1.5,"atom_shuffle,coordinate_jitter",31,4,4
colab47_crop_subsample_subsample_n4,diffsbdd,mean_qed,0.91,0.242,2.453,0.02704,0.02971,4,8,crop_radius_minus_1.5,"atom_shuffle,coordinate_jitter",32,4,4
colab47_crop_subsample_subsample_n4,diffsbdd,mean_qed,3.411,0.378,8.698,0.07241,0.02122,4,8,crop_radius_minus_1.5,"atom_shuffle,coordinate_jitter",33,4,4
colab47_crop_subsample_subsample_n4,diffsbdd,mean_qed,1.559,0.076,4.663,0.04326,0.02774,4,8,crop_radius_minus_1.5,"atom_shuffle,coordinate_jitter",34,4,4
colab47_crop_subsample_subsample_n4,diffsbdd,mean_qed,2.543,0.323,4.584,0.06169,0.02426,4,8,crop_radius_minus_1.5,"atom_shuffle,coordinate_jitter",35,4,4
colab47_crop_subsample_subsample_n4,diffsbdd,mean_qed,2.722,1.105,6.742,0.05703,0.02095,4,8,crop_radius_minus_1.5,"atom_shuffle,coordinate_jitter",36,4,4
colab47_crop_subsample_subsample_n4,diffsbdd,mean_qed,1.654,0.498,3.293,0.05786,0.03498,3,6,crop_radius_minus_1.5,"atom_shuffle,coordinate_jitter",37,4,3
colab47_crop_subsample_subsample_n4,diffsbdd,mean_qed,2.446,0.81,7.419,0.07271,0.02973,4,8,crop_radius_minus_1.5,"atom_shuffle,coordinate_jitter",38,4,4
colab47_crop_subsample_subsample_n4,diffsbdd,mean_qed,0.734,0.1,5.372,0.04766,0.06495,4,8,crop_radius_minus_1.5,"atom_shuffle,coordinate_jitter",39,4,4
colab47_crop_subsample_subsample_n4,diffsbdd,mean_qed,1.702,0.361,2.939,0.04999,0.02937,4,8,crop_radius_minus_1.5,"atom_shuffle,coordinate_jitter",40,4,4
colab47_crop_subsample_subsample_n4,diffsbdd,mean_qed,3.238,1.457,15.691,0.06784,0.02095,3,6,crop_radius_minus_1.5,"atom_shuffle,coordinate_jitter",41,4,3
colab47_crop_subsample_subsample_n4,diffsbdd,mean_qed,1.715,0.546,3.396,0.0308,0.01796,4,8,crop_radius_minus_1.5,"atom_shuffle,coordinate_jitter",42,4,4
colab47_crop_subsample_subsample_n4,diffsbdd,mean_qed,1.299,0.12,4.131,0.04057,0.03123,4,8,crop_radius_minus_1.5,"atom_shuffle,coordinate_jitter",43,4,4
colab47_crop_subsample_subsample_n4,diffsbdd,mean_qed,1.245,0.104,4.48,0.05967,0.04794,3,6,crop_radius_minus_1.5,"atom_shuffle,coordinate_jitter",44,4,3
colab47_crop_subsample_subsample_n4,diffsbdd,mean_qed,3.216,0.197,4.883,0.07155,0.02225,4,8,crop_radius_minus_1.5,"atom_shuffle,coordinate_jitter",45,4,4
colab47_crop_subsample_subsample_n4,diffsbdd,mean_qed,1.924,0.288,3.316,0.05641,0.02932,3,6,crop_radius_minus_1.5,"atom_shuffle,coordinate_jitter",46,4,3
colab47_crop_subsample_subsample_n4,diffsbdd,mean_qed,0.377,0.104,1.452,0.02033,0.05387,3,6,crop_radius_minus_1.5,"atom_shuffle,coordinate_jitter",47,4,3
colab47_crop_subsample_subsample_n4,diffsbdd,mean_qed,0.862,0.131,1.476,0.0288,0.03341,4,8,crop_radius_minus_1.5,"atom_shuffle,coordinate_jitter",48,4,4
colab47_crop_subsample_subsample_n4,diffsbdd,mean_qed,2.123,0.161,8.83,0.06177,0.02909,4,8,crop_radius_minus_1.5,"atom_shuffle,coordinate_jitter",49,4,4
colab47_crop_subsample_subsample_n4,diffsbdd,mean_qed,2.055,0.776,6.97,0.04422,0.02152,4,8,crop_radius_minus_1.5,"atom_shuffle,coordinate_jitter",50,4,4
colab47_crop_subsample_subsample_n4,diffsbdd,mean_qed,1.851,0.884,4.629,0.0724,0.03912,4,8,crop_radius_minus_1.5,"atom_shuffle,coordinate_jitter",51,4,4
colab47_crop_subsample_subsample_n4,diffsbdd,mean_qed,4.326,1.646,11.036,0.09857,0.02279,4,8,crop_radius_minus_1.5,"atom_shuffle,coordinate_jitter",52,4,4
colab47_crop_subsample_subsample_n4,diffsbdd,mean_qed,1.269,0.689,4.356,0.04625,0.03644,4,8,crop_radius_minus_1.5,"atom_shuffle,coordinate_jitter",53,4,4
colab47_crop_subsample_subsample_n4,diffsbdd,mean_qed,1.674,0.331,6.108,0.03446,0.02059,4,8,crop_radius_minus_1.5,"atom_shuffle,coordinate_jitter",54,4,4
colab47_crop_subsample_subsample_n4,diffsbdd,mean_qed,1.26,0.554,2.37,0.05689,0.04514,4,8,crop_radius_minus_1.5,"atom_shuffle,coordinate_jitter",55,4,4
colab47_crop_subsample_subsample_n4,diffsbdd,mean_qed,1.846,0.673,3.945,0.07713,0.04178,3,6,crop_radius_minus_1.5,"atom_shuffle,coordinate_jitter",56,4,3
colab47_crop_subsample_subsample_n4,diffsbdd,mean_qed,3.08,0.157,9.707,0.07384,0.02398,4,8,crop_radius_minus_1.5,"atom_shuffle,coordinate_jitter",57,4,4
colab47_crop_subsample_subsample_n4,diffsbdd,mean_qed,3.665,1.551,10.299,0.06959,0.01898,4,8,crop_radius_minus_1.5,"atom_shuffle,coordinate_jitter",58,4,4
colab47_crop_subsample_subsample_n4,diffsbdd,mean_qed,1.335,0.179,3.563,0.03978,0.0298,4,8,crop_radius_minus_1.5,"atom_shuffle,coordinate_jitter",59,4,4
colab47_crop_subsample_subsample_n4,diffsbdd,mean_qed,2.276,0.63,9.815,0.09178,0.04033,4,8,crop_radius_minus_1.5,"atom_shuffle,coordinate_jitter",60,4,4
colab47_crop_subsample_subsample_n4,diffsbdd,mean_qed,1.805,0.13,3.34,0.05233,0.02898,4,8,crop_radius_minus_1.5,"atom_shuffle,coordinate_jitter",61,4,4
colab47_crop_subsample_subsample_n4,diffsbdd,mean_qed,2.283,0.165,4.816,0.07247,0.03175,4,8,crop_radius_minus_1.5,"atom_shuffle,coordinate_jitter",62,4,4
colab47_crop_subsample_subsample_n4,diffsbdd,mean_qed,1.731,0.789,4.427,0.06951,0.04016,4,8,crop_radius_minus_1.5,"atom_shuffle,coordinate_jitter",63,4,4
colab47_crop_subsample_subsample_n4,diffsbdd,mean_qed,2.112,1.107,4.038,0.06627,0.03138,4,8,crop_radius_minus_1.5,"atom_shuffle,coordinate_jitter",64,4,4
colab47_crop_subsample_subsample_n4,diffsbdd,mean_qed,0.963,0.288,2.023,0.03751,0.03897,4,8,crop_radius_minus_1.5,"atom_shuffle,coordinate_jitter",65,4,4
colab47_crop_subsample_subsample_n4,diffsbdd,mean_qed,0.856,0.252,5.997,0.03597,0.04203,4,8,crop_radius_minus_1.5,"atom_shuffle,coordinate_jitter",66,4,4
colab47_crop_subsample_subsample_n4,diffsbdd,mean_qed,1.213,0.617,2.733,0.06083,0.05014,4,8,crop_radius_minus_1.5,"atom_shuffle,coordinate_jitter",67,4,4
colab47_crop_subsample_subsample_n4,diffsbdd,mean_qed,2.701,0.722,4.743,0.07603,0.02815,4,8,crop_radius_minus_1.5,"atom_shuffle,coordinate_jitter",68,4,4
colab47_crop_subsample_subsample_n4,diffsbdd,mean_qed,2.741,0.243,3.616,0.06029,0.022,4,8,crop_radius_minus_1.5,"atom_shuffle,coordinate_jitter",69,4,4
colab47_crop_subsample_subsample_n4,diffsbdd,mean_qed,1.863,0.832,4.537,0.07286,0.03912,3,6,crop_radius_minus_1.5,"atom_shuffle,coordinate_jitter",70,4,3
colab47_crop_subsample_subsample_n4,diffsbdd,mean_qed,1.474,0.471,9.903,0.05622,0.03814,4,8,crop_radius_minus_1.5,"atom_shuffle,coordinate_jitter",71,4,4
colab47_crop_subsample_subsample_n4,diffsbdd,mean_qed,2.005,0.73,6.7,0.05749,0.02867,4,8,crop_radius_minus_1.5,"atom_shuffle,coordinate_jitter",72,4,4
colab47_crop_subsample_subsample_n4,diffsbdd,mean_qed,2.968,1.448,8.234,0.0649,0.02186,4,8,crop_radius_minus_1.5,"atom_shuffle,coordinate_jitter",73,4,4
colab47_crop_subsample_subsample_n4,diffsbdd,mean_qed,1.457,0.299,2.819,0.04102,0.02815,4,8,crop_radius_minus_1.5,"atom_shuffle,coordinate_jitter",74,4,4
colab47_crop_subsample_subsample_n4,diffsbdd,mean_qed,2.417,0.345,4.654,0.07409,0.03065,4,8,crop_radius_minus_1.5,"atom_shuffle,coordinate_jitter",75,4,4
colab47_crop_subsample_subsample_n4,diffsbdd,mean_qed,4.788,1.286,19.568,0.09716,0.02029,3,6,crop_radius_minus_1.5,"atom_shuffle,coordinate_jitter",76,4,3
colab47_crop_subsample_subsample_n4,diffsbdd,mean_qed,1.856,0.971,6.055,0.07479,0.04031,3,6,crop_radius_minus_1.5,"atom_shuffle,coordinate_jitter",77,4,3
colab47_crop_subsample_subsample_n4,diffsbdd,mean_qed,1.953,0.722,7.473,0.05497,0.02815,4,8,crop_radius_minus_1.5,"atom_shuffle,coordinate_jitter",78,4,4
colab47_crop_subsample_subsample_n4,diffsbdd,mean_qed,1.228,0.154,2.875,0.04256,0.03466,4,8,crop_radius_minus_1.5,"atom_shuffle,coordinate_jitter",79,4,4
colab47_crop_subsample_subsample_n4,diffsbdd,mean_qed,2.083,0.949,5.188,0.0831,0.03989,3,6,crop_radius_minus_1.5,"atom_shuffle,coordinate_jitter",80,4,3
colab47_crop_subsample_subsample_n4,diffsbdd,mean_qed,1.555,1.058,2.783,0.04761,0.03062,4,8,crop_radius_minus_1.5,"atom_shuffle,coordinate_jitter",81,4,4
colab47_crop_subsample_subsample_n4,diffsbdd,mean_qed,2.836,0.297,11.916,0.0649,0.02288,4,8,crop_radius_minus_1.5,"atom_shuffle,coordinate_jitter",82,4,4
colab47_crop_subsample_subsample_n4,diffsbdd,mean_qed,1.89,0.928,3.974,0.06563,0.03473,4,8,crop_radius_minus_1.5,"atom_shuffle,coordinate_jitter",83,4,4
colab47_crop_subsample_subsample_n4,diffsbdd,mean_qed,2.736,1.898,6.044,0.05285,0.01932,4,8,crop_radius_minus_1.5,"atom_shuffle,coordinate_jitter",84,4,4
colab47_crop_subsample_subsample_n4,diffsbdd,mean_qed,2.012,1.242,14.273,0.06815,0.03387,4,8,crop_radius_minus_1.5,"atom_shuffle,coordinate_jitter",85,4,4
colab47_crop_subsample_subsample_n4,diffsbdd,mean_qed,3.758,0.948,14.436,0.10301,0.02741,4,8,crop_radius_minus_1.5,"atom_shuffle,coordinate_jitter",86,4,4
colab47_crop_subsample_subsample_n4,diffsbdd,mean_qed,1.838,0.204,7.198,0.04703,0.02558,4,8,crop_radius_minus_1.5,"atom_shuffle,coordinate_jitter",87,4,4
colab47_crop_subsample_subsample_n4,diffsbdd,mean_qed,1.577,0.852,7.266,0.04926,0.03123,4,8,crop_radius_minus_1.5,"atom_shuffle,coordinate_jitter",88,4,4
colab47_crop_subsample_subsample_n4,diffsbdd,mean_qed,1.814,0.118,3.89,0.043,0.02371,3,6,crop_radius_minus_1.5,"atom_shuffle,coordinate_jitter",89,4,3
colab47_crop_subsample_subsample_n4,diffsbdd,mean_qed,1.935,0.999,2.973,0.07312,0.03779,4,8,crop_radius_minus_1.5,"atom_shuffle,coordinate_jitter",90,4,4
colab47_crop_subsample_subsample_n4,diffsbdd,mean_qed,2.052,0.448,3.585,0.04957,0.02416,4,8,crop_radius_minus_1.5,"atom_shuffle,coordinate_jitter",91,4,4
colab47_crop_subsample_subsample_n4,diffsbdd,mean_qed,1.318,0.105,2.719,0.04672,0.03544,4,8,crop_radius_minus_1.5,"atom_shuffle,coordinate_jitter",92,4,4
colab47_crop_subsample_subsample_n4,diffsbdd,mean_qed,1.372,0.29,7.427,0.02825,0.02059,4,8,crop_radius_minus_1.5,"atom_shuffle,coordinate_jitter",93,4,4
colab47_crop_subsample_subsample_n4,diffsbdd,mean_qed,3.631,1.715,12.505,0.07061,0.01944,4,8,crop_radius_minus_1.5,"atom_shuffle,coordinate_jitter",94,4,4
colab47_crop_subsample_subsample_n4,diffsbdd,mean_qed,1.354,0.273,2.519,0.04015,0.02964,4,8,crop_radius_minus_1.5,"atom_shuffle,coordinate_jitter",95,4,4
colab47_crop_subsample_subsample_n4,diffsbdd,mean_qed,0.526,0.264,6.085,0.01082,0.02059,4,8,crop_radius_minus_1.5,"atom_shuffle,coordinate_jitter",96,4,4
colab47_crop_subsample_subsample_n4,diffsbdd,mean_qed,4.394,1.15,10.878,0.08916,0.02029,4,8,crop_radius_minus_1.5,"atom_shuffle,coordinate_jitter",97,4,4
colab47_crop_subsample_subsample_n4,diffsbdd,mean_qed,2.549,0.267,5.868,0.06215,0.02439,4,8,crop_radius_minus_1.5,"atom_shuffle,coordinate_jitter",98,4,4
colab47_crop_subsample_subsample_n4,diffsbdd,mean_qed,2.619,0.937,5.526,0.07288,0.02783,3,6,crop_radius_minus_1.5,"atom_shuffle,coordinate_jitter",99,4,3
colab47_crop_subsample_subsample_n4,diffsbdd,mean_qed,1.58,0.457,2.54,0.06317,0.03998,4,8,crop_radius_minus_1.5,"atom_shuffle,coordinate_jitter",100,4,4
colab47_crop_subsample_subsample_n4,diffsbdd,mean_qed,1.754,0.518,10.214,0.06862,0.03912,4,8,crop_radius_minus_1.5,"atom_shuffle,coordinate_jitter",101,4,4
colab47_crop_subsample_subsample_n4,diffsbdd,mean_qed,0.683,0.08,2.58,0.02662,0.03897,4,8,crop_radius_minus_1.5,"atom_shuffle,coordinate_jitter",102,4,4
colab47_crop_subsample_subsample_n4,diffsbdd,mean_qed,1.194,0.131,3.356,0.03423,0.02867,4,8,crop_radius_minus_1.5,"atom_shuffle,coordinate_jitter",103,4,4
colab47_crop_subsample_subsample_n4,diffsbdd,mean_qed,4.47,0.989,18.148,0.08886,0.01988,4,8,crop_radius_minus_1.5,"atom_shuffle,coordinate_jitter",104,4,4
colab47_crop_subsample_subsample_n4,diffsbdd,mean_qed,3.796,1.191,9.931,0.06533,0.01721,4,8,crop_radius_minus_1.5,"atom_shuffle,coordinate_jitter",105,4,4
colab47_crop_subsample_subsample_n4,diffsbdd,mean_qed,1.574,0.514,7.23,0.07106,0.04514,4,8,crop_radius_minus_1.5,"atom_shuffle,coordinate_jitter",106,4,4
colab47_crop_subsample_subsample_n4,diffsbdd,mean_qed,0.251,0.056,0.681,0.0081,0.03224,3,6,crop_radius_minus_1.5,"atom_shuffle,coordinate_jitter",107,4,3
colab47_crop_subsample_subsample_n4,diffsbdd,mean_qed,1.657,0.127,3.262,0.04935,0.02979,4,8,crop_radius_minus_1.5,"atom_shuffle,coordinate_jitter",108,4,4
colab47_crop_subsample_subsample_n4,diffsbdd,mean_qed,3.058,1.024,15.817,0.06406,0.02095,4,8,crop_radius_minus_1.5,"atom_shuffle,coordinate_jitter",109,4,4
colab47_crop_subsample_subsample_n4,diffsbdd,mean_qed,0.878,0.535,1.622,0.04685,0.05334,4,8,crop_radius_minus_1.5,"atom_shuffle,coordinate_jitter",110,4,4
colab47_crop_subsample_subsample_n4,diffsbdd,mean_qed,2.023,1.137,2.86,0.05695,0.02815,4,8,crop_radius_minus_1.5,"atom_shuffle,coordinate_jitter",111,4,4
colab47_crop_subsample_subsample_n4,diffsbdd,mean_qed,3.267,1.602,12.992,0.0825,0.02525,4,8,crop_radius_minus_1.5,"atom_shuffle,coordinate_jitter",112,4,4
colab47_crop_subsample_subsample_n4,diffsbdd,mean_qed,1.523,0.128,7.264,0.04685,0.03075,4,8,crop_radius_minus_1.5,"atom_shuffle,coordinate_jitter",113,4,4
colab47_crop_subsample_subsample_n4,diffsbdd,mean_qed,2.128,0.846,3.777,0.06465,0.03037,4,8,crop_radius_minus_1.5,"atom_shuffle,coordinate_jitter",114,4,4
colab47_crop_subsample_subsample_n4,diffsbdd,mean_qed,2.24,0.949,6.699,0.04426,0.01976,4,8,crop_radius_minus_1.5,"atom_shuffle,coordinate_jitter",115,4,4
colab47_crop_subsample_subsample_n4,diffsbdd,mean_qed,2.166,0.813,4.864,0.08989,0.0415,4,8,crop_radius_minus_1.5,"atom_shuffle,coordinate_jitter",116,4,4
colab47_crop_subsample_subsample_n4,diffsbdd,mean_qed,2.572,0.986,5.195,0.06112,0.02377,4,8,crop_radius_minus_1.5,"atom_shuffle,coordinate_jitter",117,4,4
colab47_crop_subsample_subsample_n4,diffsbdd,mean_qed,2.091,0.12,3.746,0.06536,0.03127,4,8,crop_radius_minus_1.5,"atom_shuffle,coordinate_jitter",118,4,4
colab47_crop_subsample_subsample_n4,diffsbdd,mean_qed,1.337,0.156,3.821,0.03339,0.02497,4,8,crop_radius_minus_1.5,"atom_shuffle,coordinate_jitter",119,4,4
colab47_crop_subsample_subsample_n4,diffsbdd,mean_qed,3.403,1.348,12.377,0.06112,0.01796,4,8,crop_radius_minus_1.5,"atom_shuffle,coordinate_jitter",120,4,4
colab47_crop_subsample_subsample_n4,diffsbdd,mean_qed,2.391,1.116,3.82,0.08739,0.03655,4,8,crop_radius_minus_1.5,"atom_shuffle,coordinate_jitter",121,4,4
colab47_crop_subsample_subsample_n4,diffsbdd,mean_qed,2.638,0.188,5.057,0.05804,0.022,4,8,crop_radius_minus_1.5,"atom_shuffle,coordinate_jitter",122,4,4
colab47_crop_subsample_subsample_n4,diffsbdd,mean_qed,0.749,0.13,2.468,0.02174,0.02901,4,8,crop_radius_minus_1.5,"atom_shuffle,coordinate_jitter",123,4,4
colab47_crop_subsample_subsample_n4,diffsbdd,mean_qed,1.286,0.105,8.572,0.03376,0.02626,3,6,crop_radius_minus_1.5,"atom_shuffle,coordinate_jitter",124,4,3
colab47_crop_subsample_subsample_n4,diffsbdd,mean_qed,2.358,0.148,4.719,0.07016,0.02975,4,8,crop_radius_minus_1.5,"atom_shuffle,coordinate_jitter",125,4,4
colab47_crop_subsample_subsample_n4,diffsbdd,mean_qed,1.671,1.147,3.48,0.07132,0.04267,4,8,crop_radius_minus_1.5,"atom_shuffle,coordinate_jitter",126,4,4
colab47_crop_subsample_subsample_n4,diffsbdd,mean_qed,5.492,1.208,8.165,0.07062,0.01286,4,8,crop_radius_minus_1.5,"atom_shuffle,coordinate_jitter",127,4,4
colab47_crop_subsample_subsample_n4,diffsbdd,mean_qed,1.769,0.096,2.398,0.06919,0.03912,4,8,crop_radius_minus_1.5,"atom_shuffle,coordinate_jitter",128,4,4
colab47_crop_subsample_subsample_n4,diffsbdd,mean_qed,1.837,0.969,5.206,0.05915,0.03221,4,8,crop_radius_minus_1.5,"atom_shuffle,coordinate_jitter",129,4,4
colab47_crop_subsample_subsample_n4,diffsbdd,mean_qed,2.191,0.858,3.435,0.077,0.03515,4,8,crop_radius_minus_1.5,"atom_shuffle,coordinate_jitter",130,4,4
colab47_crop_subsample_subsample_n4,diffsbdd,mean_qed,1.621,0.189,3.281,0.04581,0.02826,4,8,crop_radius_minus_1.5,"atom_shuffle,coordinate_jitter",131,4,4
colab47_crop_subsample_subsample_n4,diffsbdd,mean_qed,1.446,0.152,2.856,0.05089,0.03519,4,8,crop_radius_minus_1.5,"atom_shuffle,coordinate_jitter",132,4,4
colab47_crop_subsample_subsample_n4,diffsbdd,mean_qed,2.601,1.417,9.461,0.05958,0.02291,4,8,crop_radius_minus_1.5,"atom_shuffle,coordinate_jitter",133,4,4
colab47_crop_subsample_subsample_n4,diffsbdd,mean_qed,2.198,0.307,7.177,0.06784,0.03086,3,6,crop_radius_minus_1.5,"atom_shuffle,coordinate_jitter",134,4,3
colab47_crop_subsample_subsample_n4,diffsbdd,mean_qed,2.826,0.423,4.624,0.05609,0.01985,4,8,crop_radius_minus_1.5,"atom_shuffle,coordinate_jitter",135,4,4
colab47_crop_subsample_subsample_n4,diffsbdd,mean_qed,2.062,0.679,8.987,0.06177,0.02995,4,8,crop_radius_minus_1.5,"atom_shuffle,coordinate_jitter",136,4,4
colab47_crop_subsample_subsample_n4,diffsbdd,mean_qed,2.634,0.991,8.965,0.0656,0.02491,4,8,crop_radius_minus_1.5,"atom_shuffle,coordinate_jitter",137,4,4
colab47_crop_subsample_subsample_n4,diffsbdd,mean_qed,0.725,0.188,5.547,0.01419,0.01958,4,8,crop_radius_minus_1.5,"atom_shuffle,coordinate_jitter",138,4,4
colab47_crop_subsample_subsample_n4,diffsbdd,mean_qed,2.016,1.522,2.819,0.07548,0.03743,4,8,crop_radius_minus_1.5,"atom_shuffle,coordinate_jitter",139,4,4
colab47_crop_subsample_subsample_n4,diffsbdd,mean_qed,0.512,0.276,3.608,0.01106,0.02161,3,6,crop_radius_minus_1.5,"atom_shuffle,coordinate_jitter",140,4,3
colab47_crop_subsample_subsample_n4,diffsbdd,mean_qed,0.986,0.526,1.498,0.03639,0.03689,4,8,crop_radius_minus_1.5,"atom_shuffle,coordinate_jitter",141,4,4
colab47_crop_subsample_subsample_n4,diffsbdd,mean_qed,1.744,1.162,3.307,0.08085,0.04636,4,8,crop_radius_minus_1.5,"atom_shuffle,coordinate_jitter",142,4,4
colab47_crop_subsample_subsample_n4,diffsbdd,mean_qed,0.631,0.092,2.896,0.02574,0.04076,4,8,crop_radius_minus_1.5,"atom_shuffle,coordinate_jitter",143,4,4
colab47_crop_subsample_subsample_n4,diffsbdd,mean_qed,2.672,1.235,7.685,0.07036,0.02633,4,8,crop_radius_minus_1.5,"atom_shuffle,coordinate_jitter",144,4,4
colab47_crop_subsample_subsample_n4,diffsbdd,mean_qed,1.005,0.195,3.945,0.02703,0.02689,4,8,crop_radius_minus_1.5,"atom_shuffle,coordinate_jitter",145,4,4
colab47_crop_subsample_subsample_n4,diffsbdd,mean_qed,3.194,0.469,8.567,0.07214,0.02258,4,8,crop_radius_minus_1.5,"atom_shuffle,coordinate_jitter",146,4,4
colab47_crop_subsample_subsample_n4,diffsbdd,mean_qed,2.552,0.679,4.678,0.07644,0.02995,4,8,crop_radius_minus_1.5,"atom_shuffle,coordinate_jitter",147,4,4
colab47_crop_subsample_subsample_n4,diffsbdd,mean_qed,1.057,0.111,3.658,0.07824,0.074,4,8,crop_radius_minus_1.5,"atom_shuffle,coordinate_jitter",148,4,4
colab47_crop_subsample_subsample_n4,diffsbdd,mean_qed,0.371,0.1,1.333,0.01421,0.03827,4,8,crop_radius_minus_1.5,"atom_shuffle,coordinate_jitter",149,4,4
colab47_crop_subsample_subsample_n4,diffsbdd,mean_qed,2.869,0.948,16.817,0.06215,0.02166,4,8,crop_radius_minus_1.5,"atom_shuffle,coordinate_jitter",150,4,4
colab47_crop_subsample_subsample_n4,diffsbdd,mean_qed,4.128,1.787,12.908,0.08739,0.02117,4,8,crop_radius_minus_1.5,"atom_shuffle,coordinate_jitter",151,4,4
colab47_crop_subsample_subsample_n4,diffsbdd,mean_qed,1.907,0.413,5.844,0.04888,0.02563,4,8,crop_radius_minus_1.5,"atom_shuffle,coordinate_jitter",152,4,4
colab47_crop_subsample_subsample_n4,diffsbdd,mean_qed,2.139,0.128,11.321,0.04825,0.02255,3,6,crop_radius_minus_1.5,"atom_shuffle,coordinate_jitter",153,4,3
colab47_crop_subsample_subsample_n4,diffsbdd,mean_qed,1.76,0.619,2.676,0.05496,0.03123,4,8,crop_radius_minus_1.5,"atom_shuffle,coordinate_jitter",154,4,4
colab47_crop_subsample_subsample_n4,diffsbdd,mean_qed,4.51,0.658,17.06,0.09392,0.02083,4,8,crop_radius_minus_1.5,"atom_shuffle,coordinate_jitter",155,4,4
colab47_crop_subsample_subsample_n4,diffsbdd,mean_qed,2.603,0.3,5.725,0.04539,0.01744,4,8,crop_radius_minus_1.5,"atom_shuffle,coordinate_jitter",156,4,4
colab47_crop_subsample_subsample_n4,diffsbdd,mean_qed,1.104,0.137,2.38,0.04224,0.03827,4,8,crop_radius_minus_1.5,"atom_shuffle,coordinate_jitter",157,4,4
colab47_crop_subsample_subsample_n4,diffsbdd,mean_qed,6.319,2.871,21.75,0.08454,0.01338,4,8,crop_radius_minus_1.5,"atom_shuffle,coordinate_jitter",158,4,4
colab47_crop_subsample_subsample_n4,diffsbdd,mean_qed,2.023,0.179,2.8,0.0496,0.02451,4,8,crop_radius_minus_1.5,"atom_shuffle,coordinate_jitter",159,4,4
colab47_crop_subsample_subsample_n4,diffsbdd,mean_qed,1.443,0.378,2.74,0.05357,0.03712,4,8,crop_radius_minus_1.5,"atom_shuffle,coordinate_jitter",160,4,4
colab47_crop_subsample_subsample_n4,diffsbdd,mean_qed,2.773,1.654,7.643,0.07453,0.02688,4,8,crop_radius_minus_1.5,"atom_shuffle,coordinate_jitter",161,4,4
colab47_crop_subsample_subsample_n4,diffsbdd,mean_qed,3.008,0.214,7.034,0.07336,0.02439,4,8,crop_radius_minus_1.5,"atom_shuffle,coordinate_jitter",162,4,4
colab47_crop_subsample_subsample_n4,diffsbdd,mean_qed,2.666,1.286,9.741,0.07309,0.02742,4,8,crop_radius_minus_1.5,"atom_shuffle,coordinate_jitter",163,4,4
colab47_crop_subsample_subsample_n4,diffsbdd,mean_qed,1.776,0.683,6.52,0.04762,0.0268,4,8,crop_radius_minus_1.5,"atom_shuffle,coordinate_jitter",164,4,4
colab47_crop_subsample_subsample_n4,diffsbdd,mean_qed,0.914,0.162,2.295,0.0517,0.05659,4,8,crop_radius_minus_1.5,"atom_shuffle,coordinate_jitter",165,4,4
colab47_crop_subsample_subsample_n4,diffsbdd,mean_qed,1.596,0.141,3.205,0.0604,0.03784,4,8,crop_radius_minus_1.5,"atom_shuffle,coordinate_jitter",166,4,4
colab47_crop_subsample_subsample_n4,diffsbdd,mean_qed,2.977,0.366,5.016,0.08379,0.02815,4,8,crop_radius_minus_1.5,"atom_shuffle,coordinate_jitter",167,4,4
colab47_crop_subsample_subsample_n4,diffsbdd,mean_qed,2.574,1.186,3.648,0.06628,0.02574,4,8,crop_radius_minus_1.5,"atom_shuffle,coordinate_jitter",168,4,4
colab47_crop_subsample_subsample_n4,diffsbdd,mean_qed,1.182,0.172,2.74,0.05641,0.04773,3,6,crop_radius_minus_1.5,"atom_shuffle,coordinate_jitter",169,4,3
colab47_crop_subsample_subsample_n4,diffsbdd,mean_qed,0.9,0.163,2.716,0.02879,0.032,4,8,crop_radius_minus_1.5,"atom_shuffle,coordinate_jitter",170,4,4
colab47_crop_subsample_subsample_n4,diffsbdd,mean_qed,1.272,0.298,2.185,0.04518,0.03551,4,8,crop_radius_minus_1.5,"atom_shuffle,coordinate_jitter",171,4,4
colab47_crop_subsample_subsample_n4,diffsbdd,mean_qed,1.086,0.196,2.469,0.02593,0.02387,4,8,crop_radius_minus_1.5,"atom_shuffle,coordinate_jitter",172,4,4
colab47_crop_subsample_subsample_n4,diffsbdd,mean_qed,2.241,0.76,9.804,0.07479,0.03338,3,6,crop_radius_minus_1.5,"atom_shuffle,coordinate_jitter",173,4,3
colab47_crop_subsample_subsample_n4,diffsbdd,mean_qed,1.574,0.287,4.753,0.05808,0.0369,4,8,crop_radius_minus_1.5,"atom_shuffle,coordinate_jitter",174,4,4
colab47_crop_subsample_subsample_n4,diffsbdd,mean_qed,2.598,1.733,4.259,0.07313,0.02815,4,8,crop_radius_minus_1.5,"atom_shuffle,coordinate_jitter",175,4,4
colab47_crop_subsample_subsample_n4,diffsbdd,mean_qed,2.652,0.895,13.587,0.06177,0.02329,4,8,crop_radius_minus_1.5,"atom_shuffle,coordinate_jitter",176,4,4
colab47_crop_subsample_subsample_n4,diffsbdd,mean_qed,2.313,1.188,4.709,0.06946,0.03003,4,8,crop_radius_minus_1.5,"atom_shuffle,coordinate_jitter",177,4,4
colab47_crop_subsample_subsample_n4,diffsbdd,mean_qed,4.2,0.251,16.607,0.07336,0.01747,4,8,crop_radius_minus_1.5,"atom_shuffle,coordinate_jitter",178,4,4
colab47_crop_subsample_subsample_n4,diffsbdd,mean_qed,1.35,0.372,3.235,0.058,0.04296,4,8,crop_radius_minus_1.5,"atom_shuffle,coordinate_jitter",179,4,4
colab47_crop_subsample_subsample_n4,diffsbdd,mean_qed,2.478,0.19,8.576,0.05702,0.02301,4,8,crop_radius_minus_1.5,"atom_shuffle,coordinate_jitter",180,4,4
colab47_crop_subsample_subsample_n4,diffsbdd,mean_qed,2.39,0.283,5.643,0.05707,0.02387,4,8,crop_radius_minus_1.5,"atom_shuffle,coordinate_jitter",181,4,4
colab47_crop_subsample_subsample_n4,diffsbdd,mean_qed,5.196,2.724,18.488,0.06989,0.01345,4,8,crop_radius_minus_1.5,"atom_shuffle,coordinate_jitter",182,4,4
colab47_crop_subsample_subsample_n4,diffsbdd,mean_qed,1.364,0.793,2.755,0.05089,0.03732,4,8,crop_radius_minus_1.5,"atom_shuffle,coordinate_jitter",183,4,4
colab47_crop_subsample_subsample_n4,diffsbdd,mean_qed,2.261,1.171,9.974,0.07061,0.03123,4,8,crop_radius_minus_1.5,"atom_shuffle,coordinate_jitter",184,4,4
colab47_crop_subsample_subsample_n4,diffsbdd,mean_qed,0.839,0.066,2.527,0.03903,0.0465,3,6,crop_radius_minus_1.5,"atom_shuffle,coordinate_jitter",185,4,3
colab47_crop_subsample_subsample_n4,diffsbdd,mean_qed,2.28,0.691,3.386,0.07287,0.03197,4,8,crop_radius_minus_1.5,"atom_shuffle,coordinate_jitter",186,4,4
colab47_crop_subsample_subsample_n4,diffsbdd,mean_qed,2.509,1.348,9.631,0.0602,0.024,4,8,crop_radius_minus_1.5,"atom_shuffle,coordinate_jitter",187,4,4
colab47_crop_subsample_subsample_n4,diffsbdd,mean_qed,2.132,0.395,7.794,0.04525,0.02122,4,8,crop_radius_minus_1.5,"atom_shuffle,coordinate_jitter",188,4,4
colab47_crop_subsample_subsample_n4,diffsbdd,mean_qed,2.353,1.152,11.684,0.09203,0.03912,4,8,crop_radius_minus_1.5,"atom_shuffle,coordinate_jitter",189,4,4
colab47_crop_subsample_subsample_n4,diffsbdd,mean_qed,1.329,0.11,4.057,0.04563,0.03433,4,8,crop_radius_minus_1.5,"atom_shuffle,coordinate_jitter",190,4,4
colab47_crop_subsample_subsample_n4,diffsbdd,mean_qed,2.832,0.972,3.989,0.06453,0.02279,4,8,crop_radius_minus_1.5,"atom_shuffle,coordinate_jitter",191,4,4
colab47_crop_subsample_subsample_n4,diffsbdd,mean_qed,1.218,0.337,2.758,0.03822,0.03138,4,8,crop_radius_minus_1.5,"atom_shuffle,coordinate_jitter",192,4,4
colab47_crop_subsample_subsample_n4,diffsbdd,mean_qed,1.623,0.365,5.815,0.04509,0.02778,4,8,crop_radius_minus_1.5,"atom_shuffle,coordinate_jitter",193,4,4
colab47_crop_subsample_subsample_n4,diffsbdd,mean_qed,1.291,0.5,3.959,0.04163,0.03224,4,8,crop_radius_minus_1.5,"atom_shuffle,coordinate_jitter",194,4,4
colab47_crop_subsample_subsample_n4,diffsbdd,mean_qed,1.122,0.176,3.713,0.04386,0.03908,4,8,crop_radius_minus_1.5,"atom_shuffle,coordinate_jitter",195,4,4
colab47_crop_subsample_subsample_n4,diffsbdd,mean_qed,2.666,0.242,5.912,0.0602,0.02258,4,8,crop_radius_minus_1.5,"atom_shuffle,coordinate_jitter",196,4,4
colab47_crop_subsample_subsample_n4,diffsbdd,mean_qed,5.483,1.656,20.131,0.07336,0.01338,4,8,crop_radius_minus_1.5,"atom_shuffle,coordinate_jitter",197,4,4
colab47_crop_subsample_subsample_n4,diffsbdd,mean_qed,3.251,0.232,6.592,0.07314,0.0225,4,8,crop_radius_minus_1.5,"atom_shuffle,coordinate_jitter",198,4,4
colab47_crop_subsample_subsample_n4,diffsbdd,mean_qed,1.991,0.583,7.439,0.06417,0.03224,4,8,crop_radius_minus_1.5,"atom_shuffle,coordinate_jitter",199,4,4
colab47_crop_subsample_subsample_n4,diffsbdd,mean_qed,1.568,0.61,3.52,0.0466,0.02971,4,8,crop_radius_minus_1.5,"atom_shuffle,coordinate_jitter",200,4,4
colab47_crop_subsample_subsample_n4,diffsbdd,mean_qed,3.749,0.416,10.508,0.08053,0.02148,4,8,crop_radius_minus_1.5,"atom_shuffle,coordinate_jitter",201,4,4
colab47_crop_subsample_subsample_n4,diffsbdd,mean_qed,1.458,0.704,5.587,0.04163,0.02855,4,8,crop_radius_minus_1.5,"atom_shuffle,coordinate_jitter",202,4,4
colab47_crop_subsample_subsample_n4,diffsbdd,mean_qed,1.28,0.688,6.311,0.06533,0.05102,4,8,crop_radius_minus_1.5,"atom_shuffle,coordinate_jitter",203,4,4
colab47_crop_subsample_subsample_n4,diffsbdd,mean_qed,0.83,0.19,3.224,0.02217,0.02672,4,8,crop_radius_minus_1.5,"atom_shuffle,coordinate_jitter",204,4,4
colab47_crop_subsample_subsample_n4,diffsbdd,mean_qed,3.718,0.705,9.804,0.09791,0.02633,4,8,crop_radius_minus_1.5,"atom_shuffle,coordinate_jitter",205,4,4
colab47_crop_subsample_subsample_n4,diffsbdd,mean_qed,0.812,0.25,2.182,0.03597,0.04431,4,8,crop_radius_minus_1.5,"atom_shuffle,coordinate_jitter",206,4,4
colab47_crop_subsample_subsample_n4,diffsbdd,mean_qed,0.439,0.186,2.316,0.00797,0.01815,4,8,crop_radius_minus_1.5,"atom_shuffle,coordinate_jitter",207,4,4
colab47_crop_subsample_subsample_n4,diffsbdd,mean_qed,2.364,0.237,19.005,0.04754,0.02011,4,8,crop_radius_minus_1.5,"atom_shuffle,coordinate_jitter",208,4,4
colab47_crop_subsample_subsample_n4,diffsbdd,mean_qed,1.985,0.926,2.631,0.06169,0.03108,4,8,crop_radius_minus_1.5,"atom_shuffle,coordinate_jitter",209,4,4
colab47_crop_subsample_subsample_n4,diffsbdd,mean_qed,3.757,0.712,12.068,0.07824,0.02083,4,8,crop_radius_minus_1.5,"atom_shuffle,coordinate_jitter",210,4,4
colab47_crop_subsample_subsample_n4,diffsbdd,mean_qed,2.321,0.911,5.124,0.07644,0.03293,4,8,crop_radius_minus_1.5,"atom_shuffle,coordinate_jitter",211,4,4
colab47_crop_subsample_subsample_n4,diffsbdd,mean_qed,1.544,0.261,5.338,0.03902,0.02527,3,6,crop_radius_minus_1.5,"atom_shuffle,coordinate_jitter",212,4,3
colab47_crop_subsample_subsample_n4,diffsbdd,mean_qed,0.842,0.171,2.049,0.02574,0.03057,4,8,crop_radius_minus_1.5,"atom_shuffle,coordinate_jitter",213,4,4
colab47_crop_subsample_subsample_n4,diffsbdd,mean_qed,2.396,1.116,7.653,0.07825,0.03266,4,8,crop_radius_minus_1.5,"atom_shuffle,coordinate_jitter",214,4,4
colab47_crop_subsample_subsample_n4,diffsbdd,mean_qed,1.755,0.179,3.462,0.05134,0.02926,4,8,crop_radius_minus_1.5,"atom_shuffle,coordinate_jitter",215,4,4
colab47_crop_subsample_subsample_n4,diffsbdd,mean_qed,2.068,1.006,3.587,0.0745,0.03602,4,8,crop_radius_minus_1.5,"atom_shuffle,coordinate_jitter",216,4,4
colab47_crop_subsample_subsample_n4,diffsbdd,mean_qed,2.957,0.401,5.093,0.06202,0.02097,4,8,crop_radius_minus_1.5,"atom_shuffle,coordinate_jitter",217,4,4
colab47_crop_subsample_subsample_n4,diffsbdd,mean_qed,1.329,0.747,5.928,0.06946,0.05225,4,8,crop_radius_minus_1.5,"atom_shuffle,coordinate_jitter",218,4,4
colab47_crop_subsample_subsample_n4,diffsbdd,mean_qed,1.78,0.314,3.016,0.04762,0.02674,4,8,crop_radius_minus_1.5,"atom_shuffle,coordinate_jitter",219,4,4
colab47_crop_subsample_subsample_n4,diffsbdd,mean_qed,0.59,0.089,3.41,0.02481,0.04203,4,8,crop_radius_minus_1.5,"atom_shuffle,coordinate_jitter",220,4,4
colab47_crop_subsample_subsample_n4,diffsbdd,mean_qed,1.878,0.563,4.159,0.06164,0.03282,4,8,crop_radius_minus_1.5,"atom_shuffle,coordinate_jitter",221,4,4
colab47_crop_subsample_subsample_n4,diffsbdd,mean_qed,1.071,0.092,5.107,0.04364,0.04075,4,8,crop_radius_minus_1.5,"atom_shuffle,coordinate_jitter",222,4,4
colab47_crop_subsample_subsample_n4,diffsbdd,mean_qed,0.689,0.105,3.046,0.01949,0.02828,4,8,crop_radius_minus_1.5,"atom_shuffle,coordinate_jitter",223,4,4
colab47_crop_subsample_subsample_n4,diffsbdd,mean_qed,2.497,1.352,11.198,0.04625,0.01852,4,8,crop_radius_minus_1.5,"atom_shuffle,coordinate_jitter",224,4,4
colab47_crop_subsample_subsample_n4,diffsbdd,mean_qed,2.427,0.571,8.572,0.08116,0.03344,3,6,crop_radius_minus_1.5,"atom_shuffle,coordinate_jitter",225,4,3
colab47_crop_subsample_subsample_n4,diffsbdd,mean_qed,1.911,0.158,5.2,0.04539,0.02375,4,8,crop_radius_minus_1.5,"atom_shuffle,coordinate_jitter",226,4,4
colab47_crop_subsample_subsample_n4,diffsbdd,mean_qed,2.604,0.191,4.979,0.07285,0.02797,4,8,crop_radius_minus_1.5,"atom_shuffle,coordinate_jitter",227,4,4
colab47_crop_subsample_subsample_n4,diffsbdd,mean_qed,2.746,1.295,12.47,0.0724,0.02637,4,8,crop_radius_minus_1.5,"atom_shuffle,coordinate_jitter",228,4,4
colab47_crop_subsample_subsample_n4,diffsbdd,mean_qed,1.396,0.682,13.063,0.04544,0.03255,3,6,crop_radius_minus_1.5,"atom_shuffle,coordinate_jitter",229,4,3
colab47_crop_subsample_subsample_n4,diffsbdd,mean_qed,1.711,0.33,3.96,0.05343,0.03123,4,8,crop_radius_minus_1.5,"atom_shuffle,coordinate_jitter",230,4,4
colab47_crop_subsample_subsample_n4,diffsbdd,mean_qed,2.554,2.07,9.078,0.07188,0.02815,4,8,crop_radius_minus_1.5,"atom_shuffle,coordinate_jitter",231,4,4
colab47_crop_subsample_subsample_n4,diffsbdd,mean_qed,1.656,0.142,5.864,0.04376,0.02642,4,8,crop_radius_minus_1.5,"atom_shuffle,coordinate_jitter",232,4,4
colab47_crop_subsample_subsample_n4,diffsbdd,mean_qed,2.474,0.84,6.616,0.06785,0.02742,4,8,crop_radius_minus_1.5,"atom_shuffle,coordinate_jitter",233,4,4
colab47_crop_subsample_subsample_n4,diffsbdd,mean_qed,1.881,0.357,8.935,0.04141,0.02201,4,8,crop_radius_minus_1.5,"atom_shuffle,coordinate_jitter",234,4,4
colab47_crop_subsample_subsample_n4,diffsbdd,mean_qed,1.634,0.697,5.195,0.06562,0.04016,4,8,crop_radius_minus_1.5,"atom_shuffle,coordinate_jitter",235,4,4
colab47_crop_subsample_subsample_n4,diffsbdd,mean_qed,0.749,0.298,3.194,0.02086,0.02785,4,8,crop_radius_minus_1.5,"atom_shuffle,coordinate_jitter",236,4,4
colab47_crop_subsample_subsample_n4,diffsbdd,mean_qed,2.083,0.441,10.446,0.0396,0.01901,4,8,crop_radius_minus_1.5,"atom_shuffle,coordinate_jitter",237,4,4
colab47_crop_subsample_subsample_n4,diffsbdd,mean_qed,3.954,0.307,7.52,0.12293,0.03109,3,6,crop_radius_minus_1.5,"atom_shuffle,coordinate_jitter",238,4,3
colab47_crop_subsample_subsample_n4,diffsbdd,mean_qed,1.313,0.29,6.085,0.02703,0.02059,4,8,crop_radius_minus_1.5,"atom_shuffle,coordinate_jitter",239,4,4
colab47_crop_subsample_subsample_n4,diffsbdd,mean_qed,3.058,0.623,7.813,0.09114,0.02981,4,8,crop_radius_minus_1.5,"atom_shuffle,coordinate_jitter",240,4,4
colab47_crop_subsample_subsample_n4,diffsbdd,mean_qed,1.821,0.161,6.624,0.04325,0.02374,4,8,crop_radius_minus_1.5,"atom_shuffle,coordinate_jitter",241,4,4
colab47_crop_subsample_subsample_n4,diffsbdd,mean_qed,2.096,0.928,7.233,0.08012,0.03821,4,8,crop_radius_minus_1.5,"atom_shuffle,coordinate_jitter",242,4,4
colab47_crop_subsample_subsample_n4,diffsbdd,mean_qed,2.541,1.611,6.004,0.06366,0.02505,4,8,crop_radius_minus_1.5,"atom_shuffle,coordinate_jitter",243,4,4
colab47_crop_subsample_subsample_n4,diffsbdd,mean_qed,3.058,1.338,9.606,0.06406,0.02095,4,8,crop_radius_minus_1.5,"atom_shuffle,coordinate_jitter",244,4,4
colab47_crop_subsample_subsample_n4,diffsbdd,mean_qed,2.47,0.391,5.237,0.05306,0.02148,4,8,crop_radius_minus_1.5,"atom_shuffle,coordinate_jitter",245,4,4
colab47_crop_subsample_subsample_n4,diffsbdd,mean_qed,2.346,0.215,10.334,0.05368,0.02288,4,8,crop_radius_minus_1.5,"atom_shuffle,coordinate_jitter",246,4,4
colab47_crop_subsample_subsample_n4,diffsbdd,mean_qed,1.503,0.155,4.48,0.04708,0.03131,4,8,crop_radius_minus_1.5,"atom_shuffle,coordinate_jitter",247,4,4
colab47_crop_subsample_subsample_n4,diffsbdd,mean_qed,0.913,0.154,4.061,0.04772,0.05225,4,8,crop_radius_minus_1.5,"atom_shuffle,coordinate_jitter",248,4,4
colab47_crop_subsample_subsample_n4,diffsbdd,mean_qed,1.537,0.631,3.446,0.0412,0.0268,4,8,crop_radius_minus_1.5,"atom_shuffle,coordinate_jitter",249,4,4
colab47_crop_subsample_subsample_n4,diffsbdd,mean_qed,3.409,0.682,6.776,0.13928,0.04085,3,6,crop_radius_minus_1.5,"atom_shuffle,coordinate_jitter",250,4,3
colab47_crop_subsample_subsample_n4,diffsbdd,mean_qed,0.568,0.185,2.249,0.01349,0.02374,4,8,crop_radius_minus_1.5,"atom_shuffle,coordinate_jitter",251,4,4
colab47_crop_subsample_subsample_n4,diffsbdd,mean_qed,3.493,1.541,19.568,0.0495,0.01417,3,6,crop_radius_minus_1.5,"atom_shuffle,coordinate_jitter",252,4,3
colab47_crop_subsample_subsample_n4,diffsbdd,mean_qed,1.81,0.299,4.194,0.0508,0.02807,4,8,crop_radius_minus_1.5,"atom_shuffle,coordinate_jitter",253,4,4
colab47_crop_subsample_subsample_n4,diffsbdd,mean_qed,1.11,0.189,2.097,0.03341,0.03009,4,8,crop_radius_minus_1.5,"atom_shuffle,coordinate_jitter",254,4,4
colab47_crop_subsample_subsample_n4,diffsbdd,mean_qed,1.504,0.316,6.915,0.05289,0.03516,4,8,crop_radius_minus_1.5,"atom_shuffle,coordinate_jitter",255,4,4
colab47_crop_subsample_subsample_n4,diffsbdd,mean_qed,1.732,0.837,3.736,0.05426,0.03132,4,8,crop_radius_minus_1.5,"atom_shuffle,coordinate_jitter",256,4,4
colab47_crop_subsample_subsample_n4,diffsbdd,mean_qed,1.537,0.78,3.71,0.03308,0.02152,4,8,crop_radius_minus_1.5,"atom_shuffle,coordinate_jitter",257,4,4
colab47_crop_subsample_subsample_n4,diffsbdd,mean_qed,2.212,0.949,5.428,0.08085,0.03656,4,8,crop_radius_minus_1.5,"atom_shuffle,coordinate_jitter",258,4,4
colab47_crop_subsample_subsample_n4,diffsbdd,mean_qed,2.45,0.862,6.204,0.08723,0.03561,4,8,crop_radius_minus_1.5,"atom_shuffle,coordinate_jitter",259,4,4
colab47_crop_subsample_subsample_n4,diffsbdd,mean_qed,3.844,1.066,10.582,0.07702,0.02004,4,8,crop_radius_minus_1.5,"atom_shuffle,coordinate_jitter",260,4,4
colab47_crop_subsample_subsample_n4,diffsbdd,mean_qed,1.178,0.293,2.506,0.04672,0.03967,4,8,crop_radius_minus_1.5,"atom_shuffle,coordinate_jitter",261,4,4
colab47_crop_subsample_subsample_n4,diffsbdd,mean_qed,3.638,0.167,11.321,0.07288,0.02004,3,6,crop_radius_minus_1.5,"atom_shuffle,coordinate_jitter",262,4,3
colab47_crop_subsample_subsample_n4,diffsbdd,mean_qed,3.373,1.322,9.804,0.06122,0.01815,4,8,crop_radius_minus_1.5,"atom_shuffle,coordinate_jitter",263,4,4
colab47_crop_subsample_subsample_n4,diffsbdd,mean_qed,0.862,0.205,8.182,0.01945,0.02255,4,8,crop_radius_minus_1.5,"atom_shuffle,coordinate_jitter",264,4,4
colab47_crop_subsample_subsample_n4,diffsbdd,mean_qed,2.023,0.238,9.295,0.06888,0.03405,4,8,crop_radius_minus_1.5,"atom_shuffle,coordinate_jitter",265,4,4
colab47_crop_subsample_subsample_n4,diffsbdd,mean_qed,2.053,0.829,6.327,0.0626,0.03049,4,8,crop_radius_minus_1.5,"atom_shuffle,coordinate_jitter",266,4,4
colab47_crop_subsample_subsample_n4,diffsbdd,mean_qed,2.75,0.206,7.615,0.07247,0.02635,4,8,crop_radius_minus_1.5,"atom_shuffle,coordinate_jitter",267,4,4
colab47_crop_subsample_subsample_n4,diffsbdd,mean_qed,0.844,0.167,4.825,0.02217,0.02626,4,8,crop_radius_minus_1.5,"atom_shuffle,coordinate_jitter",268,4,4
colab47_crop_subsample_subsample_n4,diffsbdd,mean_qed,2.566,1.034,4.027,0.06029,0.02349,4,8,crop_radius_minus_1.5,"atom_shuffle,coordinate_jitter",269,4,4
colab47_crop_subsample_subsample_n4,diffsbdd,mean_qed,0.994,0.108,2.272,0.04935,0.04964,4,8,crop_radius_minus_1.5,"atom_shuffle,coordinate_jitter",270,4,4
colab47_crop_subsample_subsample_n4,diffsbdd,mean_qed,1.844,0.35,5.931,0.04422,0.02398,4,8,crop_radius_minus_1.5,"atom_shuffle,coordinate_jitter",271,4,4
colab47_crop_subsample_subsample_n4,diffsbdd,mean_qed,1.219,0.646,5.708,0.05689,0.04668,4,8,crop_radius_minus_1.5,"atom_shuffle,coordinate_jitter",272,4,4
colab47_crop_subsample_subsample_n4,diffsbdd,mean_qed,1.952,0.287,4.777,0.06862,0.03516,4,8,crop_radius_minus_1.5,"atom_shuffle,coordinate_jitter",273,4,4
colab47_crop_subsample_subsample_n4,diffsbdd,mean_qed,1.891,0.871,7.426,0.06654,0.03519,4,8,crop_radius_minus_1.5,"atom_shuffle,coordinate_jitter",274,4,4
colab47_crop_subsample_subsample_n4,diffsbdd,mean_qed,3.453,1.086,5.257,0.10736,0.03109,4,8,crop_radius_minus_1.5,"atom_shuffle,coordinate_jitter",275,4,4
colab47_crop_subsample_subsample_n4,diffsbdd,mean_qed,0.649,0.197,2.343,0.01687,0.02601,4,8,crop_radius_minus_1.5,"atom_shuffle,coordinate_jitter",276,4,4
colab47_crop_subsample_subsample_n4,diffsbdd,mean_qed,0.456,0.142,2.631,0.00973,0.02136,4,8,crop_radius_minus_1.5,"atom_shuffle,coordinate_jitter",277,4,4
colab47_crop_subsample_subsample_n4,diffsbdd,mean_qed,1.01,0.549,5.678,0.03376,0.03344,3,6,crop_radius_minus_1.5,"atom_shuffle,coordinate_jitter",278,4,3
colab47_crop_subsample_subsample_n4,diffsbdd,mean_qed,1.293,0.356,3.276,0.03837,0.02967,4,8,crop_radius_minus_1.5,"atom_shuffle,coordinate_jitter",279,4,4
colab47_crop_subsample_subsample_n4,diffsbdd,mean_qed,1.384,0.244,2.307,0.0601,0.04343,4,8,crop_radius_minus_1.5,"atom_shuffle,coordinate_jitter",280,4,4
colab47_crop_subsample_subsample_n4,diffsbdd,mean_qed,1.854,0.244,3.637,0.06438,0.03472,3,6,crop_radius_minus_1.5,"atom_shuffle,coordinate_jitter",281,4,3
colab47_crop_subsample_subsample_n4,diffsbdd,mean_qed,1.356,0.451,2.342,0.04999,0.03687,4,8,crop_radius_minus_1.5,"atom_shuffle,coordinate_jitter",282,4,4
colab47_crop_subsample_subsample_n4,diffsbdd,mean_qed,0.855,0.293,2.69,0.02315,0.02708,3,6,crop_radius_minus_1.5,"atom_shuffle,coordinate_jitter",283,4,3
colab47_crop_subsample_subsample_n4,diffsbdd,mean_qed,1.815,0.518,10.403,0.06503,0.03584,2,4,crop_radius_minus_1.5,"atom_shuffle,coordinate_jitter",284,4,2
colab47_crop_subsample_subsample_n4,diffsbdd,mean_qed,2.564,0.393,7.608,0.07215,0.02815,4,8,crop_radius_minus_1.5,"atom_shuffle,coordinate_jitter",285,4,4
colab47_crop_subsample_subsample_n4,diffsbdd,mean_qed,1.269,0.778,9.918,0.04211,0.03319,3,6,crop_radius_minus_1.5,"atom_shuffle,coordinate_jitter",286,4,3
colab47_crop_subsample_subsample_n4,diffsbdd,mean_qed,2.426,0.209,4.958,0.05082,0.02095,4,8,crop_radius_minus_1.5,"atom_shuffle,coordinate_jitter",287,4,4
colab47_crop_subsample_subsample_n4,diffsbdd,mean_qed,2.197,1.042,3.478,0.06453,0.02937,4,8,crop_radius_minus_1.5,"atom_shuffle,coordinate_jitter",288,4,4
colab47_crop_subsample_subsample_n4,diffsbdd,mean_qed,2.044,0.955,3.216,0.07596,0.03717,4,8,crop_radius_minus_1.5,"atom_shuffle,coordinate_jitter",289,4,4
colab47_crop_subsample_subsample_n4,diffsbdd,mean_qed,2.152,0.737,9.003,0.06872,0.03194,4,8,crop_radius_minus_1.5,"atom_shuffle,coordinate_jitter",290,4,4
colab47_crop_subsample_subsample_n4,diffsbdd,mean_qed,1.977,0.531,5.052,0.07575,0.03831,4,8,crop_radius_minus_1.5,"atom_shuffle,coordinate_jitter",291,4,4
colab47_crop_subsample_subsample_n4,diffsbdd,mean_qed,2.969,0.884,9.804,0.07727,0.02602,4,8,crop_radius_minus_1.5,"atom_shuffle,coordinate_jitter",292,4,4
colab47_crop_subsample_subsample_n4,diffsbdd,mean_qed,2.539,0.255,5.732,0.05456,0.02149,4,8,crop_radius_minus_1.5,"atom_shuffle,coordinate_jitter",293,4,4
colab47_crop_subsample_subsample_n4,diffsbdd,mean_qed,1.23,0.81,10.362,0.05694,0.04631,4,8,crop_radius_minus_1.5,"atom_shuffle,coordinate_jitter",294,4,4
colab47_crop_subsample_subsample_n4,diffsbdd,mean_qed,0.665,0.12,2.489,0.02086,0.03138,4,8,crop_radius_minus_1.5,"atom_shuffle,coordinate_jitter",295,4,4
colab47_crop_subsample_subsample_n4,diffsbdd,mean_qed,1.95,0.512,3.475,0.04214,0.02161,4,8,crop_radius_minus_1.5,"atom_shuffle,coordinate_jitter",296,4,4
colab47_crop_subsample_subsample_n4,diffsbdd,mean_qed,2.098,1.082,5.97,0.07124,0.03395,4,8,crop_radius_minus_1.5,"atom_shuffle,coordinate_jitter",297,4,4
colab47_crop_subsample_subsample_n4,diffsbdd,mean_qed,2.057,0.107,3.414,0.07239,0.03519,4,8,crop_radius_minus_1.5,"atom_shuffle,coordinate_jitter",298,4,4
colab47_crop_subsample_subsample_n4,diffsbdd,mean_qed,1.73,0.862,2.547,0.06628,0.03831,4,8,crop_radius_minus_1.5,"atom_shuffle,coordinate_jitter",299,4,4
colab47_crop_subsample_subsample_n4,diffsbdd,mean_qed,5.957,1.656,21.64,0.0566,0.0095,4,8,crop_radius_minus_1.5,"atom_shuffle,coordinate_jitter",300,4,4
colab47_crop_subsample_subsample_n4,diffsbdd,mean_qed,1.413,0.612,2.086,0.07133,0.05046,4,8,crop_radius_minus_1.5,"atom_shuffle,coordinate_jitter",301,4,4
colab47_crop_subsample_subsample_n4,diffsbdd,mean_qed,1.719,0.992,3.526,0.05369,0.03123,4,8,crop_radius_minus_1.5,"atom_shuffle,coordinate_jitter",302,4,4
colab47_crop_subsample_subsample_n4,diffsbdd,mean_qed,1.082,0.473,13.124,0.03291,0.03041,3,6,crop_radius_minus_1.5,"atom_shuffle,coordinate_jitter",303,4,3
colab47_crop_subsample_subsample_n4,diffsbdd,mean_qed,1.283,0.56,4.058,0.04211,0.03282,3,6,crop_radius_minus_1.5,"atom_shuffle,coordinate_jitter",304,4,3
colab47_crop_subsample_subsample_n4,diffsbdd,mean_qed,2.097,0.152,4.177,0.0604,0.0288,4,8,crop_radius_minus_1.5,"atom_shuffle,coordinate_jitter",305,4,4
colab47_crop_subsample_subsample_n4,diffsbdd,mean_qed,2.573,0.446,6.721,0.04844,0.01883,4,8,crop_radius_minus_1.5,"atom_shuffle,coordinate_jitter",306,4,4
colab47_crop_subsample_subsample_n4,diffsbdd,mean_qed,1.801,0.968,5.965,0.08015,0.0445,4,8,crop_radius_minus_1.5,"atom_shuffle,coordinate_jitter",307,4,4
colab47_crop_subsample_subsample_n4,diffsbdd,mean_qed,1.245,0.24,4.554,0.04163,0.03344,4,8,crop_radius_minus_1.5,"atom_shuffle,coordinate_jitter",308,4,4
colab47_crop_subsample_subsample_n4,diffsbdd,mean_qed,0.918,0.49,3.755,0.04057,0.0442,4,8,crop_radius_minus_1.5,"atom_shuffle,coordinate_jitter",309,4,4
colab47_crop_subsample_subsample_n4,diffsbdd,mean_qed,2.415,0.19,3.39,0.06029,0.02497,4,8,crop_radius_minus_1.5,"atom_shuffle,coordinate_jitter",310,4,4
colab47_crop_subsample_subsample_n4,diffsbdd,mean_qed,3.25,0.683,9.003,0.08712,0.0268,4,8,crop_radius_minus_1.5,"atom_shuffle,coordinate_jitter",311,4,4
colab47_crop_subsample_subsample_n4,diffsbdd,mean_qed,2.624,1.05,8.783,0.05734,0.02186,4,8,crop_radius_minus_1.5,"atom_shuffle,coordinate_jitter",312,4,4
colab47_crop_subsample_subsample_n4,diffsbdd,mean_qed,0.372,0.176,4.011,0.00682,0.0183,4,8,crop_radius_minus_1.5,"atom_shuffle,coordinate_jitter",313,4,4
colab47_crop_subsample_subsample_n4,diffsbdd,mean_qed,1.865,0.636,7.046,0.05548,0.02975,4,8,crop_radius_minus_1.5,"atom_shuffle,coordinate_jitter",314,4,4
colab47_crop_subsample_subsample_n4,diffsbdd,mean_qed,2.825,0.238,5.922,0.06215,0.022,4,8,crop_radius_minus_1.5,"atom_shuffle,coordinate_jitter",315,4,4
colab47_crop_subsample_subsample_n4,diffsbdd,mean_qed,3.324,1.275,11.13,0.07266,0.02186,4,8,crop_radius_minus_1.5,"atom_shuffle,coordinate_jitter",316,4,4
colab47_crop_subsample_subsample_n4,diffsbdd,mean_qed,0.827,0.603,1.591,0.04518,0.05462,4,8,crop_radius_minus_1.5,"atom_shuffle,coordinate_jitter",317,4,4
colab47_crop_subsample_subsample_n4,diffsbdd,mean_qed,2.722,0.995,14.273,0.05547,0.02038,4,8,crop_radius_minus_1.5,"atom_shuffle,coordinate_jitter",318,4,4
colab47_crop_subsample_subsample_n4,diffsbdd,mean_qed,3.246,0.921,11.739,0.05869,0.01808,4,8,crop_radius_minus_1.5,"atom_shuffle,coordinate_jitter",319,4,4
colab47_crop_subsample_subsample_n4,diffsbdd,mean_qed,2.023,0.576,4.453,0.06522,0.03224,4,8,crop_radius_minus_1.5,"atom_shuffle,coordinate_jitter",320,4,4
colab47_crop_subsample_subsample_n4,diffsbdd,mean_qed,2.564,0.299,5.137,0.07215,0.02815,4,8,crop_radius_minus_1.5,"atom_shuffle,coordinate_jitter",321,4,4
colab47_crop_subsample_subsample_n4,diffsbdd,mean_qed,4.164,0.195,11.321,0.09392,0.02255,4,8,crop_radius_minus_1.5,"atom_shuffle,coordinate_jitter",322,4,4
colab47_crop_subsample_subsample_n4,diffsbdd,mean_qed,1.495,0.576,2.038,0.07809,0.05225,3,6,crop_radius_minus_1.5,"atom_shuffle,coordinate_jitter",323,4,3
colab47_crop_subsample_subsample_n4,diffsbdd,mean_qed,1.053,0.531,1.93,0.05228,0.04964,4,8,crop_radius_minus_1.5,"atom_shuffle,coordinate_jitter",324,4,4
colab47_crop_subsample_subsample_n4,diffsbdd,mean_qed,2.561,0.191,7.432,0.07163,0.02797,4,8,crop_radius_minus_1.5,"atom_shuffle,coordinate_jitter",325,4,4
colab47_crop_subsample_subsample_n4,diffsbdd,mean_qed,4.162,0.264,14.283,0.06922,0.01663,4,8,crop_radius_minus_1.5,"atom_shuffle,coordinate_jitter",326,4,4
colab47_crop_subsample_subsample_n4,diffsbdd,mean_qed,2.251,0.165,2.996,0.06552,0.02911,3,6,crop_radius_minus_1.5,"atom_shuffle,coordinate_jitter",327,4,3
colab47_crop_subsample_subsample_n4,diffsbdd,mean_qed,2.171,1.285,4.116,0.05708,0.02629,4,8,crop_radius_minus_1.5,"atom_shuffle,coordinate_jitter",328,4,4
colab47_crop_subsample_subsample_n4,diffsbdd,mean_qed,1.324,0.638,3.599,0.0534,0.04033,4,8,crop_radius_minus_1.5,"atom_shuffle,coordinate_jitter",329,4,4
colab47_crop_subsample_subsample_n4,diffsbdd,mean_qed,2.77,0.309,7.132,0.07798,0.02815,4,8,crop_radius_minus_1.5,"atom_shuffle,coordinate_jitter",330,4,4
colab47_crop_subsample_subsample_n4,diffsbdd,mean_qed,4.484,1.407,15.429,0.1076,0.024,4,8,crop_radius_minus_1.5,"atom_shuffle,coordinate_jitter",331,4,4
colab47_crop_subsample_subsample_n4,diffsbdd,mean_qed,1.235,0.43,5.185,0.03263,0.02642,4,8,crop_radius_minus_1.5,"atom_shuffle,coordinate_jitter",332,4,4
colab47_crop_subsample_subsample_n4,diffsbdd,mean_qed,2.683,0.196,4.269,0.0745,0.02777,4,8,crop_radius_minus_1.5,"atom_shuffle,coordinate_jitter",333,4,4
colab47_crop_subsample_subsample_n4,diffsbdd,mean_qed,1.162,0.111,2.946,0.03922,0.03374,4,8,crop_radius_minus_1.5,"atom_shuffle,coordinate_jitter",334,4,4
colab47_crop_subsample_subsample_n4,diffsbdd,mean_qed,3.297,0.175,8.728,0.0825,0.02502,4,8,crop_radius_minus_1.5,"atom_shuffle,coordinate_jitter",335,4,4
colab47_crop_subsample_subsample_n4,diffsbdd,mean_qed,2.363,0.145,9.787,0.06118,0.02589,4,8,crop_radius_minus_1.5,"atom_shuffle,coordinate_jitter",336,4,4
colab47_crop_subsample_subsample_n4,diffsbdd,mean_qed,0.993,0.175,2.2,0.03201,0.03224,4,8,crop_radius_minus_1.5,"atom_shuffle,coordinate_jitter",337,4,4
colab47_crop_subsample_subsample_n4,diffsbdd,mean_qed,0.24,0.15,4.395,0.00523,0.02184,3,6,crop_radius_minus_1.5,"atom_shuffle,coordinate_jitter",338,4,3
colab47_crop_subsample_subsample_n4,diffsbdd,mean_qed,1.214,0.715,2.937,0.05233,0.04311,4,8,crop_radius_minus_1.5,"atom_shuffle,coordinate_jitter",339,4,4
colab47_crop_subsample_subsample_n4,diffsbdd,mean_qed,2.288,1.227,6.616,0.05459,0.02386,4,8,crop_radius_minus_1.5,"atom_shuffle,coordinate_jitter",340,4,4
colab47_crop_subsample_subsample_n4,diffsbdd,mean_qed,1.458,0.65,5.58,0.04163,0.02855,4,8,crop_radius_minus_1.5,"atom_shuffle,coordinate_jitter",341,4,4
colab47_crop_subsample_subsample_n4,diffsbdd,mean_qed,1.489,0.562,3.408,0.04801,0.03224,4,8,crop_radius_minus_1.5,"atom_shuffle,coordinate_jitter",342,4,4
colab47_crop_subsample_subsample_n4,diffsbdd,mean_qed,1.374,0.632,5.226,0.06106,0.04446,4,8,crop_radius_minus_1.5,"atom_shuffle,coordinate_jitter",343,4,4
colab47_crop_subsample_subsample_n4,diffsbdd,mean_qed,1.688,0.128,6.428,0.05776,0.03421,4,8,crop_radius_minus_1.5,"atom_shuffle,coordinate_jitter",344,4,4
colab47_crop_subsample_subsample_n4,diffsbdd,mean_qed,0.675,0.104,2.908,0.03376,0.05004,3,6,crop_radius_minus_1.5,"atom_shuffle,coordinate_jitter",345,4,3
colab47_crop_subsample_subsample_n4,diffsbdd,mean_qed,2.503,1.622,6.653,0.06611,0.02641,4,8,crop_radius_minus_1.5,"atom_shuffle,coordinate_jitter",346,4,4
colab47_crop_subsample_subsample_n4,diffsbdd,mean_qed,0.288,0.076,1.182,0.01421,0.04937,4,8,crop_radius_minus_1.5,"atom_shuffle,coordinate_jitter",347,4,4
colab47_crop_subsample_subsample_n4,diffsbdd,mean_qed,4.046,0.391,6.648,0.08691,0.02148,4,8,crop_radius_minus_1.5,"atom_shuffle,coordinate_jitter",348,4,4
colab47_crop_subsample_subsample_n4,diffsbdd,mean_qed,3.079,2.168,6.653,0.07713,0.02505,3,6,crop_radius_minus_1.5,"atom_shuffle,coordinate_jitter",349,4,3
colab47_crop_subsample_subsample_n4,diffsbdd,mean_qed,2.32,0.221,3.504,0.05794,0.02497,4,8,crop_radius_minus_1.5,"atom_shuffle,coordinate_jitter",350,4,4
colab47_crop_subsample_subsample_n4,diffsbdd,mean_qed,1.315,0.328,3.826,0.04364,0.03318,4,8,crop_radius_minus_1.5,"atom_shuffle,coordinate_jitter",351,4,4
colab47_crop_subsample_subsample_n4,diffsbdd,mean_qed,1.799,0.269,4.625,0.0562,0.03123,4,8,crop_radius_minus_1.5,"atom_shuffle,coordinate_jitter",352,4,4
colab47_crop_subsample_subsample_n4,diffsbdd,mean_qed,1.251,0.155,5.454,0.03537,0.02826,4,8,crop_radius_minus_1.5,"atom_shuffle,coordinate_jitter",353,4,4
colab47_crop_subsample_subsample_n4,diffsbdd,mean_qed,1.524,0.778,2.9,0.04761,0.03123,4,8,crop_radius_minus_1.5,"atom_shuffle,coordinate_jitter",354,4,4
colab47_crop_subsample_subsample_n4,diffsbdd,mean_qed,0.719,0.129,2.604,0.04518,0.06288,4,8,crop_radius_minus_1.5,"atom_shuffle,coordinate_jitter",355,4,4
colab47_crop_subsample_subsample_n4,diffsbdd,mean_qed,1.842,0.182,5.922,0.05306,0.0288,4,8,crop_radius_minus_1.5,"atom_shuffle,coordinate_jitter",356,4,4
colab47_crop_subsample_subsample_n4,diffsbdd,mean_qed,1.562,0.83,3.874,0.06879,0.04405,4,8,crop_radius_minus_1.5,"atom_shuffle,coordinate_jitter",357,4,4
colab47_crop_subsample_subsample_n4,diffsbdd,mean_qed,1.334,0.155,6.479,0.02326,0.01744,4,8,crop_radius_minus_1.5,"atom_shuffle,coordinate_jitter",358,4,4
colab47_crop_subsample_subsample_n4,diffsbdd,mean_qed,2.184,0.568,5.571,0.05357,0.02453,4,8,crop_radius_minus_1.5,"atom_shuffle,coordinate_jitter",359,4,4
colab47_crop_subsample_subsample_n4,diffsbdd,mean_qed,2.035,0.348,5.885,0.04686,0.02302,4,8,crop_radius_minus_1.5,"atom_shuffle,coordinate_jitter",360,4,4
colab47_crop_subsample_subsample_n4,diffsbdd,mean_qed,1.0,0.595,2.848,0.03108,0.0311,4,8,crop_radius_minus_1.5,"atom_shuffle,coordinate_jitter",361,4,4
colab47_crop_subsample_subsample_n4,diffsbdd,mean_qed,1.839,0.301,4.662,0.06464,0.03516,4,8,crop_radius_minus_1.5,"atom_shuffle,coordinate_jitter",362,4,4
colab47_crop_subsample_subsample_n4,diffsbdd,mean_qed,1.322,0.465,2.608,0.07713,0.05837,3,6,crop_radius_minus_1.5,"atom_shuffle,coordinate_jitter",363,4,3
colab47_crop_subsample_subsample_n4,diffsbdd,mean_qed,1.662,0.311,3.459,0.05915,0.0356,4,8,crop_radius_minus_1.5,"atom_shuffle,coordinate_jitter",364,4,4
colab47_crop_subsample_subsample_n4,diffsbdd,mean_qed,1.34,0.201,4.48,0.04433,0.03309,4,8,crop_radius_minus_1.5,"atom_shuffle,coordinate_jitter",365,4,4
colab47_crop_subsample_subsample_n4,diffsbdd,mean_qed,3.042,0.723,4.577,0.08574,0.02819,4,8,crop_radius_minus_1.5,"atom_shuffle,coordinate_jitter",366,4,4
colab47_crop_subsample_subsample_n4,diffsbdd,mean_qed,0.576,0.251,3.311,0.01857,0.03224,3,6,crop_radius_minus_1.5,"atom_shuffle,coordinate_jitter",367,4,3
colab47_crop_subsample_subsample_n4,diffsbdd,mean_qed,3.502,0.193,10.107,0.0798,0.02279,4,8,crop_radius_minus_1.5,"atom_shuffle,coordinate_jitter",368,4,4
colab47_crop_subsample_subsample_n4,diffsbdd,mean_qed,1.756,0.914,3.966,0.07547,0.04299,4,8,crop_radius_minus_1.5,"atom_shuffle,coordinate_jitter",369,4,4
colab47_crop_subsample_subsample_n4,diffsbdd,mean_qed,1.138,0.131,2.414,0.03263,0.02867,4,8,crop_radius_minus_1.5,"atom_shuffle,coordinate_jitter",370,4,4
colab47_crop_subsample_subsample_n4,diffsbdd,mean_qed,5.451,0.161,12.389,0.06784,0.01245,3,6,crop_radius_minus_1.5,"atom_shuffle,coordinate_jitter",371,4,3
colab47_crop_subsample_subsample_n4,diffsbdd,mean_qed,1.735,0.47,4.527,0.0308,0.01776,4,8,crop_radius_minus_1.5,"atom_shuffle,coordinate_jitter",372,4,4
colab47_crop_subsample_subsample_n4,diffsbdd,mean_qed,1.848,0.233,6.096,0.0466,0.02522,4,8,crop_radius_minus_1.5,"atom_shuffle,coordinate_jitter",373,4,4
colab47_crop_subsample_subsample_n4,diffsbdd,mean_qed,1.298,0.206,2.668,0.04321,0.03329,4,8,crop_radius_minus_1.5,"atom_shuffle,coordinate_jitter",374,4,4
colab47_crop_subsample_subsample_n4,diffsbdd,mean_qed,1.314,0.179,4.735,0.03404,0.0259,4,8,crop_radius_minus_1.5,"atom_shuffle,coordinate_jitter",375,4,4
colab47_crop_subsample_subsample_n4,diffsbdd,mean_qed,2.737,0.372,6.895,0.06563,0.02398,4,8,crop_radius_minus_1.5,"atom_shuffle,coordinate_jitter",376,4,4
colab47_crop_subsample_subsample_n4,diffsbdd,mean_qed,4.048,1.457,7.391,0.05867,0.01449,4,8,crop_radius_minus_1.5,"atom_shuffle,coordinate_jitter",377,4,4
colab47_crop_subsample_subsample_n4,diffsbdd,mean_qed,1.631,0.13,4.57,0.04222,0.02589,4,8,crop_radius_minus_1.5,"atom_shuffle,coordinate_jitter",378,4,4
colab47_crop_subsample_subsample_n4,diffsbdd,mean_qed,2.313,0.817,3.69,0.06438,0.02783,4,8,crop_radius_minus_1.5,"atom_shuffle,coordinate_jitter",379,4,4
colab47_crop_subsample_subsample_n4,diffsbdd,mean_qed,1.318,0.085,2.417,0.05804,0.04405,4,8,crop_radius_minus_1.5,"atom_shuffle,coordinate_jitter",380,4,4
colab47_crop_subsample_subsample_n4,diffsbdd,mean_qed,1.456,0.134,5.295,0.04098,0.02815,4,8,crop_radius_minus_1.5,"atom_shuffle,coordinate_jitter",381,4,4
colab47_crop_subsample_subsample_n4,diffsbdd,mean_qed,0.984,0.172,1.806,0.03291,0.03344,3,6,crop_radius_minus_1.5,"atom_shuffle,coordinate_jitter",382,4,3
colab47_crop_subsample_subsample_n4,diffsbdd,mean_qed,2.804,0.171,4.837,0.07016,0.02502,4,8,crop_radius_minus_1.5,"atom_shuffle,coordinate_jitter",383,4,4
colab47_crop_subsample_subsample_n4,diffsbdd,mean_qed,2.422,1.652,3.902,0.0918,0.03789,4,8,crop_radius_minus_1.5,"atom_shuffle,coordinate_jitter",384,4,4
colab47_crop_subsample_subsample_n4,diffsbdd,mean_qed,2.272,0.926,12.601,0.09572,0.04213,4,8,crop_radius_minus_1.5,"atom_shuffle,coordinate_jitter",385,4,4
colab47_crop_subsample_subsample_n4,diffsbdd,mean_qed,2.172,1.442,2.573,0.06438,0.02964,4,8,crop_radius_minus_1.5,"atom_shuffle,coordinate_jitter",386,4,4
colab47_crop_subsample_subsample_n4,diffsbdd,mean_qed,2.884,1.15,4.607,0.0811,0.02813,4,8,crop_radius_minus_1.5,"atom_shuffle,coordinate_jitter",387,4,4
colab47_crop_subsample_subsample_n4,diffsbdd,mean_qed,0.642,0.208,2.753,0.02175,0.03385,4,8,crop_radius_minus_1.5,"atom_shuffle,coordinate_jitter",388,4,4
colab47_crop_subsample_subsample_n4,diffsbdd,mean_qed,1.866,0.881,7.745,0.06145,0.03293,4,8,crop_radius_minus_1.5,"atom_shuffle,coordinate_jitter",389,4,4
colab47_crop_subsample_subsample_n4,diffsbdd,mean_qed,2.776,0.197,11.661,0.05278,0.01901,4,8,crop_radius_minus_1.5,"atom_shuffle,coordinate_jitter",390,4,4
colab47_crop_subsample_subsample_n4,diffsbdd,mean_qed,1.904,0.944,2.69,0.05651,0.02968,4,8,crop_radius_minus_1.5,"atom_shuffle,coordinate_jitter",391,4,4
colab47_crop_subsample_subsample_n4,diffsbdd,mean_qed,0.934,0.64,3.362,0.06471,0.06928,4,8,crop_radius_minus_1.5,"atom_shuffle,coordinate_jitter",392,4,4
colab47_crop_subsample_subsample_n4,diffsbdd,mean_qed,1.525,0.216,3.734,0.05707,0.03743,4,8,crop_radius_minus_1.5,"atom_shuffle,coordinate_jitter",393,4,4
colab47_crop_subsample_subsample_n4,diffsbdd,mean_qed,0.766,0.147,2.171,0.02659,0.03472,4,8,crop_radius_minus_1.5,"atom_shuffle,coordinate_jitter",394,4,4
colab47_crop_subsample_subsample_n4,diffsbdd,mean_qed,2.449,0.164,8.984,0.05609,0.02291,4,8,crop_radius_minus_1.5,"atom_shuffle,coordinate_jitter",395,4,4
colab47_crop_subsample_subsample_n4,diffsbdd,mean_qed,1.262,0.159,3.291,0.04762,0.03773,4,8,crop_radius_minus_1.5,"atom_shuffle,coordinate_jitter",396,4,4
colab47_crop_subsample_subsample_n4,diffsbdd,mean_qed,2.357,0.458,5.749,0.05695,0.02416,4,8,crop_radius_minus_1.5,"atom_shuffle,coordinate_jitter",397,4,4
colab47_crop_subsample_subsample_n4,diffsbdd,mean_qed,1.153,0.072,3.09,0.06297,0.05462,4,8,crop_radius_minus_1.5,"atom_shuffle,coordinate_jitter",398,4,4
colab47_crop_subsample_subsample_n4,diffsbdd,mean_qed,1.69,0.974,5.569,0.0604,0.03573,4,8,crop_radius_minus_1.5,"atom_shuffle,coordinate_jitter",399,4,4
colab47_crop_subsample_subsample_n4,diffsbdd,mean_qed,3.209,1.249,10.37,0.07728,0.02408,4,8,crop_radius_minus_1.5,"atom_shuffle,coordinate_jitter",400,4,4
colab47_crop_subsample_subsample_n4,diffsbdd,mean_qed,2.108,0.943,12.76,0.05632,0.02672,4,8,crop_radius_minus_1.5,"atom_shuffle,coordinate_jitter",401,4,4
colab47_crop_subsample_subsample_n4,diffsbdd,mean_qed,0.526,0.264,3.43,0.01481,0.02819,4,8,crop_radius_minus_1.5,"atom_shuffle,coordinate_jitter",402,4,4
colab47_crop_subsample_subsample_n4,diffsbdd,mean_qed,0.736,0.123,5.079,0.03241,0.04405,4,8,crop_radius_minus_1.5,"atom_shuffle,coordinate_jitter",403,4,4
colab47_crop_subsample_subsample_n4,diffsbdd,mean_qed,2.559,0.837,4.975,0.05542,0.02166,4,8,crop_radius_minus_1.5,"atom_shuffle,coordinate_jitter",404,4,4
colab47_crop_subsample_subsample_n4,diffsbdd,mean_qed,1.216,0.082,2.33,0.05595,0.046,4,8,crop_radius_minus_1.5,"atom_shuffle,coordinate_jitter",405,4,4
colab47_crop_subsample_subsample_n4,diffsbdd,mean_qed,5.833,0.351,13.642,0.07266,0.01246,4,8,crop_radius_minus_1.5,"atom_shuffle,coordinate_jitter",406,4,4
colab47_crop_subsample_subsample_n4,diffsbdd,mean_qed,1.451,0.965,2.593,0.043,0.02964,3,6,crop_radius_minus_1.5,"atom_shuffle,coordinate_jitter",407,4,3
colab47_crop_subsample_subsample_n4,diffsbdd,mean_qed,2.359,0.576,2.884,0.07603,0.03224,4,8,crop_radius_minus_1.5,"atom_shuffle,coordinate_jitter",408,4,4
colab47_crop_subsample_subsample_n4,diffsbdd,mean_qed,1.707,0.87,3.837,0.07895,0.04625,4,8,crop_radius_minus_1.5,"atom_shuffle,coordinate_jitter",409,4,4
colab47_crop_subsample_subsample_n4,diffsbdd,mean_qed,2.678,0.561,6.233,0.05283,0.01972,4,8,crop_radius_minus_1.5,"atom_shuffle,coordinate_jitter",410,4,4
colab47_crop_subsample_subsample_n4,diffsbdd,mean_qed,1.039,0.494,4.247,0.04057,0.03907,4,8,crop_radius_minus_1.5,"atom_shuffle,coordinate_jitter",411,4,4
colab47_crop_subsample_subsample_n4,diffsbdd,mean_qed,2.847,1.097,6.48,0.08014,0.02815,4,8,crop_radius_minus_1.5,"atom_shuffle,coordinate_jitter",412,4,4
colab47_crop_subsample_subsample_n4,diffsbdd,mean_qed,2.443,0.148,6.278,0.06202,0.02538,4,8,crop_radius_minus_1.5,"atom_shuffle,coordinate_jitter",413,4,4
colab47_crop_subsample_subsample_n4,diffsbdd,mean_qed,1.421,0.569,4.174,0.04581,0.03224,4,8,crop_radius_minus_1.5,"atom_shuffle,coordinate_jitter",414,4,4
colab47_crop_subsample_subsample_n4,diffsbdd,mean_qed,1.567,0.193,2.711,0.0357,0.02279,4,8,crop_radius_minus_1.5,"atom_shuffle,coordinate_jitter",415,4,4
colab47_crop_subsample_subsample_n4,diffsbdd,mean_qed,2.82,0.199,3.954,0.06202,0.022,4,8,crop_radius_minus_1.5,"atom_shuffle,coordinate_jitter",416,4,4
colab47_crop_subsample_subsample_n4,diffsbdd,mean_qed,1.778,0.458,12.254,0.03633,0.02043,4,8,crop_radius_minus_1.5,"atom_shuffle,coordinate_jitter",417,4,4
colab47_crop_subsample_subsample_n4,diffsbdd,mean_qed,0.46,0.069,1.54,0.02511,0.05462,4,8,crop_radius_minus_1.5,"atom_shuffle,coordinate_jitter",418,4,4
colab47_crop_subsample_subsample_n4,diffsbdd,mean_qed,3.956,0.936,12.676,0.06533,0.01652,4,8,crop_radius_minus_1.5,"atom_shuffle,coordinate_jitter",419,4,4
colab47_crop_subsample_subsample_n4,diffsbdd,mean_qed,1.225,0.485,12.4,0.04128,0.03369,3,6,crop_radius_minus_1.5,"atom_shuffle,coordinate_jitter",420,4,3
colab47_crop_subsample_subsample_n4,diffsbdd,mean_qed,3.635,1.538,12.714,0.09572,0.02633,4,8,crop_radius_minus_1.5,"atom_shuffle,coordinate_jitter",421,4,4
colab47_crop_subsample_subsample_n4,diffsbdd,mean_qed,0.712,0.185,1.827,0.02241,0.03146,4,8,crop_radius_minus_1.5,"atom_shuffle,coordinate_jitter",422,4,4
colab47_crop_subsample_subsample_n4,diffsbdd,mean_qed,2.159,1.734,5.019,0.07286,0.03374,3,6,crop_radius_minus_1.5,"atom_shuffle,coordinate_jitter",423,4,3
colab47_crop_subsample_subsample_n4,diffsbdd,mean_qed,1.53,0.161,7.297,0.04525,0.02957,4,8,crop_radius_minus_1.5,"atom_shuffle,coordinate_jitter",424,4,4
colab47_crop_subsample_subsample_n4,diffsbdd,mean_qed,3.168,0.188,8.413,0.07409,0.02339,4,8,crop_radius_minus_1.5,"atom_shuffle,coordinate_jitter",425,4,4
colab47_crop_subsample_subsample_n4,diffsbdd,mean_qed,2.408,0.372,5.619,0.07155,0.02972,4,8,crop_radius_minus_1.5,"atom_shuffle,coordinate_jitter",426,4,4
colab47_crop_subsample_subsample_n4,diffsbdd,mean_qed,1.017,0.207,2.283,0.03978,0.03912,4,8,crop_radius_minus_1.5,"atom_shuffle,coordinate_jitter",427,4,4
colab47_crop_subsample_subsample_n4,diffsbdd,mean_qed,0.812,0.575,2.351,0.03903,0.04809,3,6,crop_radius_minus_1.5,"atom_shuffle,coordinate_jitter",428,4,3
colab47_crop_subsample_subsample_n4,diffsbdd,mean_qed,2.963,0.997,7.341,0.06144,0.02074,4,8,crop_radius_minus_1.5,"atom_shuffle,coordinate_jitter",429,4,4
colab47_crop_subsample_subsample_n4,diffsbdd,mean_qed,1.858,1.077,4.302,0.05786,0.03115,3,6,crop_radius_minus_1.5,"atom_shuffle,coordinate_jitter",430,4,3
colab47_crop_subsample_subsample_n4,diffsbdd,mean_qed,1.546,0.099,4.119,0.04825,0.03121,3,6,crop_radius_minus_1.5,"atom_shuffle,coordinate_jitter",431,4,3
colab47_crop_subsample_subsample_n4,diffsbdd,mean_qed,1.56,0.183,3.372,0.04573,0.02931,4,8,crop_radius_minus_1.5,"atom_shuffle,coordinate_jitter",432,4,4
colab47_crop_subsample_subsample_n4,diffsbdd,mean_qed,2.623,1.301,3.769,0.07016,0.02674,4,8,crop_radius_minus_1.5,"atom_shuffle,coordinate_jitter",433,4,4
colab47_crop_subsample_subsample_n4,diffsbdd,mean_qed,1.601,0.217,3.988,0.0323,0.02018,4,8,crop_radius_minus_1.5,"atom_shuffle,coordinate_jitter",434,4,4
colab47_crop_subsample_subsample_n4,diffsbdd,mean_qed,1.804,0.503,3.412,0.03968,0.022,4,8,crop_radius_minus_1.5,"atom_shuffle,coordinate_jitter",435,4,4
colab47_crop_subsample_subsample_n4,diffsbdd,mean_qed,1.372,0.568,3.106,0.04422,0.03224,4,8,crop_radius_minus_1.5,"atom_shuffle,coordinate_jitter",436,4,4
colab47_crop_subsample_subsample_n4,diffsbdd,mean_qed,2.731,0.681,12.977,0.04544,0.01664,3,6,crop_radius_minus_1.5,"atom_shuffle,coordinate_jitter",437,4,3
colab47_crop_subsample_subsample_n4,diffsbdd,mean_qed,0.801,0.232,2.525,0.03122,0.03897,4,8,crop_radius_minus_1.5,"atom_shuffle,coordinate_jitter",438,4,4
colab47_crop_subsample_subsample_n4,diffsbdd,mean_qed,2.222,1.109,3.07,0.06628,0.02983,4,8,crop_radius_minus_1.5,"atom_shuffle,coordinate_jitter",439,4,4
colab47_crop_subsample_subsample_n4,diffsbdd,mean_qed,4.912,2.512,11.5,0.14404,0.02932,4,8,crop_radius_minus_1.5,"atom_shuffle,coordinate_jitter",440,4,4
colab47_crop_subsample_subsample_n4,diffsbdd,mean_qed,1.841,0.233,7.073,0.04235,0.02301,4,8,crop_radius_minus_1.5,"atom_shuffle,coordinate_jitter",441,4,4
colab47_crop_subsample_subsample_n4,diffsbdd,mean_qed,2.192,1.244,2.519,0.06529,0.02978,4,8,crop_radius_minus_1.5,"atom_shuffle,coordinate_jitter",442,4,4
colab47_crop_subsample_subsample_n4,diffsbdd,mean_qed,2.332,0.394,4.969,0.06537,0.02803,4,8,crop_radius_minus_1.5,"atom_shuffle,coordinate_jitter",443,4,4
colab47_crop_subsample_subsample_n4,diffsbdd,mean_qed,2.051,0.366,7.745,0.04223,0.02059,4,8,crop_radius_minus_1.5,"atom_shuffle,coordinate_jitter",444,4,4
colab47_crop_subsample_subsample_n4,diffsbdd,mean_qed,0.401,0.108,2.788,0.0084,0.02097,3,6,crop_radius_minus_1.5,"atom_shuffle,coordinate_jitter",445,4,3
colab47_crop_subsample_subsample_n4,diffsbdd,mean_qed,0.931,0.44,2.277,0.03795,0.04076,4,8,crop_radius_minus_1.5,"atom_shuffle,coordinate_jitter",446,4,4
colab47_crop_subsample_subsample_n4,diffsbdd,mean_qed,0.909,0.445,2.35,0.03751,0.04125,4,8,crop_radius_minus_1.5,"atom_shuffle,coordinate_jitter",447,4,4
colab47_crop_subsample_subsample_n4,diffsbdd,mean_qed,1.129,0.3,5.825,0.04058,0.03596,4,8,crop_radius_minus_1.5,"atom_shuffle,coordinate_jitter",448,4,4
colab47_crop_subsample_subsample_n4,diffsbdd,mean_qed,1.082,0.435,2.064,0.05967,0.05518,3,6,crop_radius_minus_1.5,"atom_shuffle,coordinate_jitter",449,4,3
colab47_crop_subsample_subsample_n4,diffsbdd,mean_qed,2.504,0.13,12.92,0.07501,0.02996,4,8,crop_radius_minus_1.5,"atom_shuffle,coordinate_jitter",450,4,4
colab47_crop_subsample_subsample_n4,diffsbdd,mean_qed,1.349,0.081,3.837,0.03931,0.02915,4,8,crop_radius_minus_1.5,"atom_shuffle,coordinate_jitter",451,4,4
colab47_crop_subsample_subsample_n4,diffsbdd,mean_qed,0.887,0.093,2.526,0.03596,0.04052,4,8,crop_radius_minus_1.5,"atom_shuffle,coordinate_jitter",452,4,4
colab47_crop_subsample_subsample_n4,diffsbdd,mean_qed,1.279,0.147,4.012,0.07062,0.05523,4,8,crop_radius_minus_1.5,"atom_shuffle,coordinate_jitter",453,4,4
colab47_crop_subsample_subsample_n4,diffsbdd,mean_qed,1.242,0.12,4.291,0.04174,0.03361,4,8,crop_radius_minus_1.5,"atom_shuffle,coordinate_jitter",454,4,4
colab47_crop_subsample_subsample_n4,diffsbdd,mean_qed,1.136,0.101,3.754,0.03251,0.02861,4,8,crop_radius_minus_1.5,"atom_shuffle,coordinate_jitter",455,4,4
colab47_crop_subsample_subsample_n4,diffsbdd,mean_qed,2.417,0.693,7.115,0.0648,0.0268,4,8,crop_radius_minus_1.5,"atom_shuffle,coordinate_jitter",456,4,4
colab47_crop_subsample_subsample_n4,diffsbdd,mean_qed,5.012,0.755,25.63,0.07193,0.01435,3,6,crop_radius_minus_1.5,"atom_shuffle,coordinate_jitter",457,4,3
colab47_crop_subsample_subsample_n4,diffsbdd,mean_qed,2.241,0.173,5.385,0.06677,0.0298,4,8,crop_radius_minus_1.5,"atom_shuffle,coordinate_jitter",458,4,4
colab47_crop_subsample_subsample_n4,diffsbdd,mean_qed,1.051,0.091,2.658,0.04378,0.04167,4,8,crop_radius_minus_1.5,"atom_shuffle,coordinate_jitter",459,4,4
colab47_crop_subsample_subsample_n4,diffsbdd,mean_qed,4.925,1.875,14.456,0.07915,0.01607,4,8,crop_radius_minus_1.5,"atom_shuffle,coordinate_jitter",460,4,4
colab47_crop_subsample_subsample_n4,diffsbdd,mean_qed,1.852,0.605,2.865,0.05496,0.02967,4,8,crop_radius_minus_1.5,"atom_shuffle,coordinate_jitter",461,4,4
colab47_crop_subsample_subsample_n4,diffsbdd,mean_qed,3.311,1.703,6.079,0.06285,0.01898,4,8,crop_radius_minus_1.5,"atom_shuffle,coordinate_jitter",462,4,4
colab47_crop_subsample_subsample_n4,diffsbdd,mean_qed,0.774,0.141,3.035,0.02481,0.03204,4,8,crop_radius_minus_1.5,"atom_shuffle,coordinate_jitter",463,4,4
colab47_crop_subsample_subsample_n4,diffsbdd,mean_qed,4.394,0.915,10.606,0.08916,0.02029,4,8,crop_radius_minus_1.5,"atom_shuffle,coordinate_jitter",464,4,4
colab47_crop_subsample_subsample_n4,diffsbdd,mean_qed,2.564,1.24,7.141,0.07215,0.02815,4,8,crop_radius_minus_1.5,"atom_shuffle,coordinate_jitter",465,4,4
colab47_crop_subsample_subsample_n4,diffsbdd,mean_qed,1.592,0.294,3.764,0.04897,0.03076,4,8,crop_radius_minus_1.5,"atom_shuffle,coordinate_jitter",466,4,4
colab47_crop_subsample_subsample_n4,diffsbdd,mean_qed,1.379,0.843,3.615,0.04926,0.03573,4,8,crop_radius_minus_1.5,"atom_shuffle,coordinate_jitter",467,4,4
colab47_crop_subsample_subsample_n4,diffsbdd,mean_qed,0.989,0.243,2.813,0.03918,0.03962,4,8,crop_radius_minus_1.5,"atom_shuffle,coordinate_jitter",468,4,4
colab47_crop_subsample_subsample_n4,diffsbdd,mean_qed,1.311,0.709,10.85,0.08403,0.06408,4,8,crop_radius_minus_1.5,"atom_shuffle,coordinate_jitter",469,4,4
colab47_crop_subsample_subsample_n4,diffsbdd,mean_qed,1.865,0.342,4.593,0.0604,0.03238,4,8,crop_radius_minus_1.5,"atom_shuffle,coordinate_jitter",470,4,4
colab47_crop_subsample_subsample_n4,diffsbdd,mean_qed,1.247,0.268,3.611,0.04222,0.03385,4,8,crop_radius_minus_1.5,"atom_shuffle,coordinate_jitter",471,4,4
colab47_crop_subsample_subsample_n4,diffsbdd,mean_qed,1.691,0.168,4.764,0.03748,0.02216,4,8,crop_radius_minus_1.5,"atom_shuffle,coordinate_jitter",472,4,4
colab47_crop_subsample_subsample_n4,diffsbdd,mean_qed,1.872,0.193,7.046,0.04685,0.02502,4,8,crop_radius_minus_1.5,"atom_shuffle,coordinate_jitter",473,4,4
colab47_crop_subsample_subsample_n4,diffsbdd,mean_qed,3.347,0.388,16.74,0.04613,0.01378,4,8,crop_radius_minus_1.5,"atom_shuffle,coordinate_jitter",474,4,4
colab47_crop_subsample_subsample_n4,diffsbdd,mean_qed,2.695,0.181,6.032,0.07963,0.02955,4,8,crop_radius_minus_1.5,"atom_shuffle,coordinate_jitter",475,4,4
colab47_crop_subsample_subsample_n4,diffsbdd,mean_qed,1.417,0.868,6.452,0.04426,0.03123,4,8,crop_radius_minus_1.5,"atom_shuffle,coordinate_jitter",476,4,4
colab47_crop_subsample_subsample_n4,diffsbdd,mean_qed,2.051,0.754,3.58,0.05708,0.02783,4,8,crop_radius_minus_1.5,"atom_shuffle,coordinate_jitter",477,4,4
colab47_crop_subsample_subsample_n4,diffsbdd,mean_qed,2.019,0.64,4.256,0.05786,0.02866,3,6,crop_radius_minus_1.5,"atom_shuffle,coordinate_jitter",478,4,3
colab47_crop_subsample_subsample_n4,diffsbdd,mean_qed,7.79,2.337,21.31,0.10634,0.01365,4,8,crop_radius_minus_1.5,"atom_shuffle,coordinate_jitter",479,4,4
colab47_crop_subsample_subsample_n4,diffsbdd,mean_qed,0.837,0.076,2.3,0.04466,0.05334,4,8,crop_radius_minus_1.5,"atom_shuffle,coordinate_jitter",480,4,4
colab47_crop_subsample_subsample_n4,diffsbdd,mean_qed,3.728,1.464,14.889,0.06203,0.01664,4,8,crop_radius_minus_1.5,"atom_shuffle,coordinate_jitter",481,4,4
colab47_crop_subsample_subsample_n4,diffsbdd,mean_qed,4.635,0.324,13.98,0.07655,0.01651,4,8,crop_radius_minus_1.5,"atom_shuffle,coordinate_jitter",482,4,4
colab47_crop_subsample_subsample_n4,diffsbdd,mean_qed,1.646,0.8,4.408,0.05794,0.03519,4,8,crop_radius_minus_1.5,"atom_shuffle,coordinate_jitter",483,4,4
colab47_crop_subsample_subsample_n4,diffsbdd,mean_qed,0.987,0.072,2.78,0.03863,0.03912,4,8,crop_radius_minus_1.5,"atom_shuffle,coordinate_jitter",484,4,4
colab47_crop_subsample_subsample_n4,diffsbdd,mean_qed,2.116,0.158,18.12,0.03633,0.01717,4,8,crop_radius_minus_1.5,"atom_shuffle,coordinate_jitter",485,4,4
colab47_crop_subsample_subsample_n4,diffsbdd,mean_qed,1.6,0.81,4.054,0.0745,0.04657,4,8,crop_radius_minus_1.5,"atom_shuffle,coordinate_jitter",486,4,4
colab47_crop_subsample_subsample_n4,diffsbdd,mean_qed,1.221,0.172,2.038,0.03639,0.0298,4,8,crop_radius_minus_1.5,"atom_shuffle,coordinate_jitter",487,4,4
colab47_crop_subsample_subsample_n4,diffsbdd,mean_qed,1.944,0.96,2.804,0.0745,0.03831,4,8,crop_radius_minus_1.5,"atom_shuffle,coordinate_jitter",488,4,4
colab47_crop_subsample_subsample_n4,diffsbdd,mean_qed,2.583,0.222,9.591,0.06083,0.02355,4,8,crop_radius_minus_1.5,"atom_shuffle,coordinate_jitter",489,4,4
colab47_crop_subsample_subsample_n4,diffsbdd,mean_qed,0.714,0.082,1.972,0.02817,0.03947,4,8,crop_radius_minus_1.5,"atom_shuffle,coordinate_jitter",490,4,4
colab47_crop_subsample_subsample_n4,diffsbdd,mean_qed,2.034,0.994,5.019,0.05916,0.02909,4,8,crop_radius_minus_1.5,"atom_shuffle,coordinate_jitter",491,4,4
colab47_crop_subsample_subsample_n4,diffsbdd,mean_qed,1.955,0.568,2.412,0.06464,0.03306,4,8,crop_radius_minus_1.5,"atom_shuffle,coordinate_jitter",492,4,4
colab47_crop_subsample_subsample_n4,diffsbdd,mean_qed,2.695,0.19,5.287,0.077,0.02857,4,8,crop_radius_minus_1.5,"atom_shuffle,coordinate_jitter",493,4,4
colab47_crop_subsample_subsample_n4,diffsbdd,mean_qed,2.4,0.977,5.307,0.07288,0.03037,3,6,crop_radius_minus_1.5,"atom_shuffle,coordinate_jitter",494,4,3
colab47_crop_subsample_subsample_n4,diffsbdd,mean_qed,0.717,0.184,3.51,0.01578,0.02201,4,8,crop_radius_minus_1.5,"atom_shuffle,coordinate_jitter",495,4,4
colab47_crop_subsample_subsample_n4,diffsbdd,mean_qed,1.967,0.333,4.091,0.04971,0.02526,4,8,crop_radius_minus_1.5,"atom_shuffle,coordinate_jitter",496,4,4
colab47_crop_subsample_subsample_n4,diffsbdd,mean_qed,1.789,0.339,2.767,0.05594,0.03128,4,8,crop_radius_minus_1.5,"atom_shuffle,coordinate_jitter",497,4,4
colab47_crop_subsample_subsample_n4,diffsbdd,mean_qed,0.189,0.072,1.196,0.00666,0.03521,4,8,crop_radius_minus_1.5,"atom_shuffle,coordinate_jitter",498,4,4
colab47_crop_subsample_subsample_n4,diffsbdd,mean_qed,1.397,0.596,3.316,0.04364,0.03123,4,8,crop_radius_minus_1.5,"atom_shuffle,coordinate_jitter",499,4,4
colab47_crop_subsample_subsample_n4,diffsbdd,mean_qed,1.249,0.633,3.216,0.03902,0.03123,4,8,crop_radius_minus_1.5,"atom_shuffle,coordinate_jitter",500,4,4
colab47_crop_subsample_subsample_n4,diffsbdd,mean_qed,2.489,1.149,8.117,0.07312,0.02937,4,8,crop_radius_minus_1.5,"atom_shuffle,coordinate_jitter",501,4,4
colab47_crop_subsample_subsample_n4,diffsbdd,mean_qed,1.115,0.179,2.249,0.03263,0.02926,4,8,crop_radius_minus_1.5,"atom_shuffle,coordinate_jitter",502,4,4
colab47_crop_subsample_subsample_n4,diffsbdd,mean_qed,2.16,0.19,3.805,0.06203,0.02872,4,8,crop_radius_minus_1.5,"atom_shuffle,coordinate_jitter",503,4,4
colab47_crop_subsample_subsample_n4,diffsbdd,mean_qed,2.952,0.416,7.857,0.05708,0.01934,4,8,crop_radius_minus_1.5,"atom_shuffle,coordinate_jitter",504,4,4
colab47_crop_subsample_subsample_n4,diffsbdd,mean_qed,1.36,0.232,3.05,0.0649,0.04773,4,8,crop_radius_minus_1.5,"atom_shuffle,coordinate_jitter",505,4,4
colab47_crop_subsample_subsample_n4,diffsbdd,mean_qed,1.624,1.054,4.503,0.07596,0.04679,4,8,crop_radius_minus_1.5,"atom_shuffle,coordinate_jitter",506,4,4
colab47_crop_subsample_subsample_n4,diffsbdd,mean_qed,3.629,0.205,13.351,0.07751,0.02136,4,8,crop_radius_minus_1.5,"atom_shuffle,coordinate_jitter",507,4,4
colab47_crop_subsample_subsample_n4,diffsbdd,mean_qed,1.476,0.153,7.613,0.04685,0.03175,4,8,crop_radius_minus_1.5,"atom_shuffle,coordinate_jitter",508,4,4
colab47_crop_subsample_subsample_n4,diffsbdd,mean_qed,2.666,0.193,4.491,0.07402,0.02777,4,8,crop_radius_minus_1.5,"atom_shuffle,coordinate_jitter",509,4,4
colab47_crop_subsample_subsample_n4,diffsbdd,mean_qed,1.524,0.614,4.158,0.04761,0.03123,4,8,crop_radius_minus_1.5,"atom_shuffle,coordinate_jitter",510,4,4
colab47_crop_subsample_subsample_n4,diffsbdd,mean_qed,0.61,0.12,1.957,0.0335,0.05489,4,8,crop_radius_minus_1.5,"atom_shuffle,coordinate_jitter",511,4,4
colab47_crop_subsample_subsample_n4,diffsbdd,mean_qed,1.773,1.144,4.206,0.07761,0.04378,4,8,crop_radius_minus_1.5,"atom_shuffle,coordinate_jitter",512,4,4
colab47_crop_subsample_subsample_n4,diffsbdd,mean_qed,2.085,1.266,7.178,0.07035,0.03374,4,8,crop_radius_minus_1.5,"atom_shuffle,coordinate_jitter",513,4,4
colab47_crop_subsample_subsample_n4,diffsbdd,mean_qed,2.112,0.695,6.056,0.06627,0.03138,4,8,crop_radius_minus_1.5,"atom_shuffle,coordinate_jitter",514,4,4
colab47_crop_subsample_subsample_n4,diffsbdd,mean_qed,1.226,0.128,1.92,0.03639,0.02968,4,8,crop_radius_minus_1.5,"atom_shuffle,coordinate_jitter",515,4,4
colab47_crop_subsample_subsample_n4,diffsbdd,mean_qed,1.755,0.192,4.175,0.04015,0.02288,4,8,crop_radius_minus_1.5,"atom_shuffle,coordinate_jitter",516,4,4
colab47_crop_subsample_subsample_n4,diffsbdd,mean_qed,0.495,0.13,2.285,0.01436,0.02901,4,8,crop_radius_minus_1.5,"atom_shuffle,coordinate_jitter",517,4,4
colab47_crop_subsample_subsample_n4,diffsbdd,mean_qed,2.231,0.184,6.033,0.05805,0.02602,4,8,crop_radius_minus_1.5,"atom_shuffle,coordinate_jitter",518,4,4
colab47_crop_subsample_subsample_n4,diffsbdd,mean_qed,1.092,0.595,2.154,0.07338,0.06721,3,6,crop_radius_minus_1.5,"atom_shuffle,coordinate_jitter",519,4,3
colab47_crop_subsample_subsample_n4,diffsbdd,mean_qed,2.185,0.159,5.896,0.06012,0.02752,4,8,crop_radius_minus_1.5,"atom_shuffle,coordinate_jitter",520,4,4
colab47_crop_subsample_subsample_n4,diffsbdd,mean_qed,0.828,0.137,2.403,0.03241,0.03912,4,8,crop_radius_minus_1.5,"atom_shuffle,coordinate_jitter",521,4,4
colab47_crop_subsample_subsample_n4,diffsbdd,mean_qed,2.54,0.204,4.103,0.0648,0.02551,4,8,crop_radius_minus_1.5,"atom_shuffle,coordinate_jitter",522,4,4
colab47_crop_subsample_subsample_n4,diffsbdd,mean_qed,0.451,0.136,6.406,0.01333,0.02957,4,8,crop_radius_minus_1.5,"atom_shuffle,coordinate_jitter",523,4,4
colab47_crop_subsample_subsample_n4,diffsbdd,mean_qed,2.481,1.314,8.223,0.07713,0.03109,3,6,crop_radius_minus_1.5,"atom_shuffle,coordinate_jitter",524,4,3
colab47_crop_subsample_subsample_n4,diffsbdd,mean_qed,2.605,0.249,12.389,0.05284,0.02029,4,8,crop_radius_minus_1.5,"atom_shuffle,coordinate_jitter",525,4,4
colab47_crop_subsample_subsample_n4,diffsbdd,mean_qed,1.83,0.085,4.325,0.08085,0.04418,4,8,crop_radius_minus_1.5,"atom_shuffle,coordinate_jitter",526,4,4
colab47_crop_subsample_subsample_n4,diffsbdd,mean_qed,2.57,1.199,4.913,0.07285,0.02835,4,8,crop_radius_minus_1.5,"atom_shuffle,coordinate_jitter",527,4,4
colab47_crop_subsample_subsample_n4,diffsbdd,mean_qed,1.88,0.957,3.668,0.06627,0.03525,4,8,crop_radius_minus_1.5,"atom_shuffle,coordinate_jitter",528,4,4
colab47_crop_subsample_subsample_n4,diffsbdd,mean_qed,2.782,0.811,5.384,0.07809,0.02807,3,6,crop_radius_minus_1.5,"atom_shuffle,coordinate_jitter",529,4,3
colab47_crop_subsample_subsample_n4,diffsbdd,mean_qed,1.722,0.309,5.005,0.04685,0.02721,4,8,crop_radius_minus_1.5,"atom_shuffle,coordinate_jitter",530,4,4
colab47_crop_subsample_subsample_n4,diffsbdd,mean_qed,1.429,0.232,8.648,0.03288,0.02301,4,8,crop_radius_minus_1.5,"atom_shuffle,coordinate_jitter",531,4,4
colab47_crop_subsample_subsample_n4,diffsbdd,mean_qed,3.033,1.752,9.68,0.06355,0.02095,4,8,crop_radius_minus_1.5,"atom_shuffle,coordinate_jitter",532,4,4
colab47_crop_subsample_subsample_n4,diffsbdd,mean_qed,0.766,0.104,2.28,0.04128,0.05387,3,6,crop_radius_minus_1.5,"atom_shuffle,coordinate_jitter",533,4,3
colab47_crop_subsample_subsample_n4,diffsbdd,mean_qed,0.964,0.134,4.597,0.04293,0.04453,4,8,crop_radius_minus_1.5,"atom_shuffle,coordinate_jitter",534,4,4
colab47_crop_subsample_subsample_n4,diffsbdd,mean_qed,1.74,0.377,4.708,0.05459,0.03138,4,8,crop_radius_minus_1.5,"atom_shuffle,coordinate_jitter",535,4,4
colab47_crop_subsample_subsample_n4,diffsbdd,mean_qed,1.932,0.284,6.757,0.02895,0.01499,4,8,crop_radius_minus_1.5,"atom_shuffle,coordinate_jitter",536,4,4
colab47_crop_subsample_subsample_n4,diffsbdd,mean_qed,1.184,0.247,3.569,0.04864,0.04108,4,8,crop_radius_minus_1.5,"atom_shuffle,coordinate_jitter",537,4,4
colab47_crop_subsample_subsample_n4,diffsbdd,mean_qed,2.122,1.214,5.761,0.06627,0.03123,4,8,crop_radius_minus_1.5,"atom_shuffle,coordinate_jitter",538,4,4
colab47_crop_subsample_subsample_n4,diffsbdd,mean_qed,2.459,0.978,5.019,0.07644,0.03109,4,8,crop_radius_minus_1.5,"atom_shuffle,coordinate_jitter",539,4,4
colab47_crop_subsample_subsample_n4,diffsbdd,mean_qed,1.68,0.055,4.799,0.0831,0.04948,3,6,crop_radius_minus_1.5,"atom_shuffle,coordinate_jitter",540,4,3
colab47_crop_subsample_subsample_n4,diffsbdd,mean_qed,1.682,0.219,4.123,0.04015,0.02387,4,8,crop_radius_minus_1.5,"atom_shuffle,coordinate_jitter",541,4,4
colab47_crop_subsample_subsample_n4,diffsbdd,mean_qed,1.929,0.096,3.274,0.07548,0.03912,4,8,crop_radius_minus_1.5,"atom_shuffle,coordinate_jitter",542,4,4
colab47_crop_subsample_subsample_n4,diffsbdd,mean_qed,0.99,0.112,2.327,0.0335,0.03385,4,8,crop_radius_minus_1.5,"atom_shuffle,coordinate_jitter",543,4,4
colab47_crop_subsample_subsample_n4,diffsbdd,mean_qed,1.545,0.693,8.225,0.08052,0.05212,4,8,crop_radius_minus_1.5,"atom_shuffle,coordinate_jitter",544,4,4
colab47_crop_subsample_subsample_n4,diffsbdd,mean_qed,1.564,0.671,3.818,0.03838,0.02453,4,8,crop_radius_minus_1.5,"atom_shuffle,coordinate_jitter",545,4,4
colab47_crop_subsample_subsample_n4,diffsbdd,mean_qed,1.481,0.288,3.501,0.04971,0.03356,4,8,crop_radius_minus_1.5,"atom_shuffle,coordinate_jitter",546,4,4
colab47_crop_subsample_subsample_n4,diffsbdd,mean_qed,2.692,0.129,7.419,0.07842,0.02913,4,8,crop_radius_minus_1.5,"atom_shuffle,coordinate_jitter",547,4,4
colab47_crop_subsample_subsample_n4,diffsbdd,mean_qed,2.313,0.076,5.019,0.0734,0.03173,3,6,crop_radius_minus_1.5,"atom_shuffle,coordinate_jitter",548,4,3
colab47_crop_subsample_subsample_n4,diffsbdd,mean_qed,3.046,1.012,12.487,0.06285,0.02064,4,8,crop_radius_minus_1.5,"atom_shuffle,coordinate_jitter",549,4,4
colab47_crop_subsample_subsample_n4,diffsbdd,mean_qed,0.939,0.061,2.092,0.05776,0.06148,4,8,crop_radius_minus_1.5,"atom_shuffle,coordinate_jitter",550,4,4
colab47_crop_subsample_subsample_n4,diffsbdd,mean_qed,2.318,0.345,8.233,0.07106,0.03065,4,8,crop_radius_minus_1.5,"atom_shuffle,coordinate_jitter",551,4,4
colab47_crop_subsample_subsample_n4,diffsbdd,mean_qed,2.923,1.214,4.676,0.0913,0.03123,4,8,crop_radius_minus_1.5,"atom_shuffle,coordinate_jitter",552,4,4
colab47_crop_subsample_subsample_n4,diffsbdd,mean_qed,1.767,0.183,3.97,0.0517,0.02926,4,8,crop_radius_minus_1.5,"atom_shuffle,coordinate_jitter",553,4,4
colab47_crop_subsample_subsample_n4,diffsbdd,mean_qed,2.276,0.255,4.397,0.07214,0.03169,4,8,crop_radius_minus_1.5,"atom_shuffle,coordinate_jitter",554,4,4
colab47_crop_subsample_subsample_n4,diffsbdd,mean_qed,0.639,0.176,1.347,0.01945,0.03044,4,8,crop_radius_minus_1.5,"atom_shuffle,coordinate_jitter",555,4,4
colab47_crop_subsample_subsample_n4,diffsbdd,mean_qed,1.747,0.13,4.183,0.077,0.04408,4,8,crop_radius_minus_1.5,"atom_shuffle,coordinate_jitter",556,4,4
colab47_crop_subsample_subsample_n4,diffsbdd,mean_qed,1.464,0.176,6.718,0.04364,0.0298,4,8,crop_radius_minus_1.5,"atom_shuffle,coordinate_jitter",557,4,4
colab47_crop_subsample_subsample_n4,diffsbdd,mean_qed,2.134,0.673,3.352,0.0562,0.02633,3,6,crop_radius_minus_1.5,"atom_shuffle,coordinate_jitter",558,4,3
colab47_crop_subsample_subsample_n4,diffsbdd,mean_qed,1.255,0.613,2.519,0.05651,0.04503,4,8,crop_radius_minus_1.5,"atom_shuffle,coordinate_jitter",559,4,4
colab47_crop_subsample_subsample_n4,diffsbdd,mean_qed,3.834,1.629,13.108,0.06959,0.01815,4,8,crop_radius_minus_1.5,"atom_shuffle,coordinate_jitter",560,4,4
colab47_crop_subsample_subsample_n4,diffsbdd,mean_qed,3.364,1.847,7.575,0.07761,0.02307,4,8,crop_radius_minus_1.5,"atom_shuffle,coordinate_jitter",561,4,4
colab47_crop_subsample_subsample_n4,diffsbdd,mean_qed,1.652,0.6,4.432,0.05048,0.03055,4,8,crop_radius_minus_1.5,"atom_shuffle,coordinate_jitter",562,4,4
colab47_crop_subsample_subsample_n4,diffsbdd,mean_qed,2.324,0.18,3.799,0.06764,0.02911,4,8,crop_radius_minus_1.5,"atom_shuffle,coordinate_jitter",563,4,4
colab47_crop_subsample_subsample_n4,diffsbdd,mean_qed,2.463,0.216,9.386,0.04684,0.01901,4,8,crop_radius_minus_1.5,"atom_shuffle,coordinate_jitter",564,4,4
colab47_crop_subsample_subsample_n4,diffsbdd,mean_qed,1.419,0.819,3.26,0.05344,0.03766,4,8,crop_radius_minus_1.5,"atom_shuffle,coordinate_jitter",565,4,4
colab47_crop_subsample_subsample_n4,diffsbdd,mean_qed,3.152,0.195,7.614,0.08477,0.02689,4,8,crop_radius_minus_1.5,"atom_shuffle,coordinate_jitter",566,4,4
colab47_crop_subsample_subsample_n4,diffsbdd,mean_qed,1.594,0.241,3.64,0.03339,0.02095,4,8,crop_radius_minus_1.5,"atom_shuffle,coordinate_jitter",567,4,4
colab47_crop_subsample_subsample_n4,diffsbdd,mean_qed,2.582,0.237,5.227,0.05941,0.02301,4,8,crop_radius_minus_1.5,"atom_shuffle,coordinate_jitter",568,4,4
colab47_crop_subsample_subsample_n4,diffsbdd,mean_qed,2.474,1.06,15.809,0.06438,0.02602,3,6,crop_radius_minus_1.5,"atom_shuffle,coordinate_jitter",569,4,3
colab47_crop_subsample_subsample_n4,diffsbdd,mean_qed,1.888,0.212,3.044,0.04761,0.02522,4,8,crop_radius_minus_1.5,"atom_shuffle,coordinate_jitter",570,4,4
colab47_crop_subsample_subsample_n4,diffsbdd,mean_qed,0.94,0.302,2.639,0.02616,0.02783,4,8,crop_radius_minus_1.5,"atom_shuffle,coordinate_jitter",571,4,4
colab47_crop_subsample_subsample_n4,diffsbdd,mean_qed,2.139,1.39,9.217,0.0602,0.02815,4,8,crop_radius_minus_1.5,"atom_shuffle,coordinate_jitter",572,4,4
colab47_crop_subsample_subsample_n4,diffsbdd,mean_qed,2.137,1.079,6.26,0.06376,0.02983,4,8,crop_radius_minus_1.5,"atom_shuffle,coordinate_jitter",573,4,4
colab47_crop_subsample_subsample_n4,diffsbdd,mean_qed,0.913,0.609,1.608,0.04057,0.04446,4,8,crop_radius_minus_1.5,"atom_shuffle,coordinate_jitter",574,4,4
colab47_crop_subsample_subsample_n4,diffsbdd,mean_qed,1.859,0.975,2.965,0.05877,0.03161,4,8,crop_radius_minus_1.5,"atom_shuffle,coordinate_jitter",575,4,4
colab47_crop_subsample_subsample_n4,diffsbdd,mean_qed,0.44,0.139,4.128,0.01106,0.02512,3,6,crop_radius_minus_1.5,"atom_shuffle,coordinate_jitter",576,4,3
colab47_crop_subsample_subsample_n4,diffsbdd,mean_qed,2.663,0.449,4.495,0.06562,0.02465,4,8,crop_radius_minus_1.5,"atom_shuffle,coordinate_jitter",577,4,4
colab47_crop_subsample_subsample_n4,diffsbdd,mean_qed,2.521,1.39,7.83,0.07312,0.02901,4,8,crop_radius_minus_1.5,"atom_shuffle,coordinate_jitter",578,4,4
colab47_crop_subsample_subsample_n4,diffsbdd,mean_qed,0.927,0.194,3.827,0.04672,0.05039,4,8,crop_radius_minus_1.5,"atom_shuffle,coordinate_jitter",579,4,4
colab47_crop_subsample_subsample_n4,diffsbdd,mean_qed,2.054,1.275,5.883,0.07596,0.03698,4,8,crop_radius_minus_1.5,"atom_shuffle,coordinate_jitter",580,4,4
colab47_crop_subsample_subsample_n4,diffsbdd,mean_qed,2.96,1.821,9.849,0.06202,0.02095,4,8,crop_radius_minus_1.5,"atom_shuffle,coordinate_jitter",581,4,4
colab47_crop_subsample_subsample_n4,diffsbdd,mean_qed,2.581,0.959,10.258,0.07266,0.02815,4,8,crop_radius_minus_1.5,"atom_shuffle,coordinate_jitter",582,4,4
colab47_crop_subsample_subsample_n4,diffsbdd,mean_qed,1.195,0.465,2.285,0.04772,0.03994,4,8,crop_radius_minus_1.5,"atom_shuffle,coordinate_jitter",583,4,4
colab47_crop_subsample_subsample_n4,diffsbdd,mean_qed,2.694,0.391,9.199,0.05786,0.02148,4,8,crop_radius_minus_1.5,"atom_shuffle,coordinate_jitter",584,4,4
colab47_crop_subsample_subsample_n4,diffsbdd,mean_qed,1.389,0.106,2.88,0.04907,0.03533,4,8,crop_radius_minus_1.5,"atom_shuffle,coordinate_jitter",585,4,4
colab47_crop_subsample_subsample_n4,diffsbdd,mean_qed,2.041,0.982,4.315,0.07016,0.03437,4,8,crop_radius_minus_1.5,"atom_shuffle,coordinate_jitter",586,4,4
colab47_crop_subsample_subsample_n4,diffsbdd,mean_qed,1.869,1.032,6.565,0.07312,0.03912,4,8,crop_radius_minus_1.5,"atom_shuffle,coordinate_jitter",587,4,4
colab47_crop_subsample_subsample_n4,diffsbdd,mean_qed,1.392,0.433,5.58,0.03404,0.02445,4,8,crop_radius_minus_1.5,"atom_shuffle,coordinate_jitter",588,4,4
colab47_crop_subsample_subsample_n4,diffsbdd,mean_qed,2.277,0.167,3.338,0.07133,0.03132,4,8,crop_radius_minus_1.5,"atom_shuffle,coordinate_jitter",589,4,4
colab47_crop_subsample_subsample_n4,diffsbdd,mean_qed,2.745,0.85,5.451,0.06563,0.02391,4,8,crop_radius_minus_1.5,"atom_shuffle,coordinate_jitter",590,4,4
colab47_crop_subsample_subsample_n4,diffsbdd,mean_qed,1.961,1.296,13.761,0.05694,0.02904,4,8,crop_radius_minus_1.5,"atom_shuffle,coordinate_jitter",591,4,4
colab47_crop_subsample_subsample_n4,diffsbdd,mean_qed,2.604,0.465,4.637,0.05794,0.02225,4,8,crop_radius_minus_1.5,"atom_shuffle,coordinate_jitter",592,4,4
colab47_crop_subsample_subsample_n4,diffsbdd,mean_qed,1.4,0.778,3.24,0.05775,0.04125,4,8,crop_radius_minus_1.5,"atom_shuffle,coordinate_jitter",593,4,4
colab47_crop_subsample_subsample_n4,diffsbdd,mean_qed,1.839,0.148,3.781,0.05426,0.02951,4,8,crop_radius_minus_1.5,"atom_shuffle,coordinate_jitter",594,4,4
colab47_crop_subsample_subsample_n4,diffsbdd,mean_qed,4.016,0.898,15.189,0.10356,0.02579,4,8,crop_radius_minus_1.5,"atom_shuffle,coordinate_jitter",595,4,4
colab47_crop_subsample_subsample_n4,diffsbdd,mean_qed,2.519,0.826,4.889,0.0709,0.02815,3,6,crop_radius_minus_1.5,"atom_shuffle,coordinate_jitter",596,4,3
colab47_crop_subsample_subsample_n4,diffsbdd,mean_qed,1.689,0.658,4.006,0.0517,0.03062,4,8,crop_radius_minus_1.5,"atom_shuffle,coordinate_jitter",597,4,4
colab47_crop_subsample_subsample_n4,diffsbdd,mean_qed,1.737,0.517,2.682,0.03709,0.02136,4,8,crop_radius_minus_1.5,"atom_shuffle,coordinate_jitter",598,4,4
colab47_crop_subsample_subsample_n4,diffsbdd,mean_qed,2.138,0.152,4.495,0.07527,0.0352,4,8,crop_radius_minus_1.5,"atom_shuffle,coordinate_jitter",599,4,4
colab47_crop_subsample_subsample_n4,diffsbdd,mean_qed,2.638,0.269,12.399,0.03639,0.01379,4,8,crop_radius_minus_1.5,"atom_shuffle,coordinate_jitter",600,4,4
colab47_crop_subsample_subsample_n4,diffsbdd,mean_qed,2.172,1.214,4.071,0.06438,0.02964,3,6,crop_radius_minus_1.5,"atom_shuffle,coordinate_jitter",601,4,3
colab47_crop_subsample_subsample_n4,diffsbdd,mean_qed,1.195,0.539,2.108,0.05382,0.04503,4,8,crop_radius_minus_1.5,"atom_shuffle,coordinate_jitter",602,4,4
colab47_crop_subsample_subsample_n4,diffsbdd,mean_qed,2.436,0.522,10.268,0.05703,0.02342,4,8,crop_radius_minus_1.5,"atom_shuffle,coordinate_jitter",603,4,4
colab47_crop_subsample_subsample_n4,diffsbdd,mean_qed,3.031,1.958,9.68,0.07501,0.02475,4,8,crop_radius_minus_1.5,"atom_shuffle,coordinate_jitter",604,4,4
colab47_crop_subsample_subsample_n4,diffsbdd,mean_qed,0.833,0.235,1.238,0.03751,0.04503,4,8,crop_radius_minus_1.5,"atom_shuffle,coordinate_jitter",605,4,4
colab47_crop_subsample_subsample_n4,diffsbdd,mean_qed,0.917,0.161,3.672,0.02417,0.02635,4,8,crop_radius_minus_1.5,"atom_shuffle,coordinate_jitter",606,4,4
colab47_crop_subsample_subsample_n4,diffsbdd,mean_qed,1.836,0.762,3.118,0.04971,0.02708,4,8,crop_radius_minus_1.5,"atom_shuffle,coordinate_jitter",607,4,4
colab47_crop_subsample_subsample_n4,diffsbdd,mean_qed,3.79,1.281,10.352,0.06879,0.01815,4,8,crop_radius_minus_1.5,"atom_shuffle,coordinate_jitter",608,4,4
colab47_crop_subsample_subsample_n4,diffsbdd,mean_qed,1.53,0.13,2.593,0.04433,0.02898,4,8,crop_radius_minus_1.5,"atom_shuffle,coordinate_jitter",609,4,4
colab47_crop_subsample_subsample_n4,diffsbdd,mean_qed,1.844,0.186,4.097,0.05296,0.02872,4,8,crop_radius_minus_1.5,"atom_shuffle,coordinate_jitter",610,4,4
colab47_crop_subsample_subsample_n4,diffsbdd,mean_qed,1.237,0.461,3.942,0.05093,0.04117,4,8,crop_radius_minus_1.5,"atom_shuffle,coordinate_jitter",611,4,4
colab47_crop_subsample_subsample_n4,diffsbdd,mean_qed,2.751,0.475,12.442,0.06016,0.02187,4,8,crop_radius_minus_1.5,"atom_shuffle,coordinate_jitter",612,4,4
colab47_crop_subsample_subsample_n4,diffsbdd,mean_qed,1.42,0.816,2.973,0.05915,0.04167,4,8,crop_radius_minus_1.5,"atom_shuffle,coordinate_jitter",613,4,4
colab47_crop_subsample_subsample_n4,diffsbdd,mean_qed,2.196,0.407,6.923,0.05707,0.02599,4,8,crop_radius_minus_1.5,"atom_shuffle,coordinate_jitter",614,4,4
colab47_crop_subsample_subsample_n4,diffsbdd,mean_qed,0.587,0.129,2.048,0.0171,0.02913,4,8,crop_radius_minus_1.5,"atom_shuffle,coordinate_jitter",615,4,4
colab47_crop_subsample_subsample_n4,diffsbdd,mean_qed,1.984,0.329,4.769,0.06677,0.03366,4,8,crop_radius_minus_1.5,"atom_shuffle,coordinate_jitter",616,4,4
colab47_crop_subsample_subsample_n4,diffsbdd,mean_qed,2.067,0.787,5.116,0.05817,0.02815,4,8,crop_radius_minus_1.5,"atom_shuffle,coordinate_jitter",617,4,4
colab47_crop_subsample_subsample_n4,diffsbdd,mean_qed,1.765,0.748,4.743,0.07761,0.04397,4,8,crop_radius_minus_1.5,"atom_shuffle,coordinate_jitter",618,4,4
colab47_crop_subsample_subsample_n4,diffsbdd,mean_qed,2.04,0.09,4.612,0.05967,0.02926,3,6,crop_radius_minus_1.5,"atom_shuffle,coordinate_jitter",619,4,3
colab47_crop_subsample_subsample_n4,diffsbdd,mean_qed,1.417,0.339,4.708,0.04426,0.03123,4,8,crop_radius_minus_1.5,"atom_shuffle,coordinate_jitter",620,4,4
colab47_crop_subsample_subsample_n4,diffsbdd,mean_qed,0.969,0.162,2.323,0.04844,0.04998,4,8,crop_radius_minus_1.5,"atom_shuffle,coordinate_jitter",621,4,4
colab47_crop_subsample_subsample_n4,diffsbdd,mean_qed,0.899,0.072,2.494,0.04538,0.05046,4,8,crop_radius_minus_1.5,"atom_shuffle,coordinate_jitter",622,4,4
colab47_crop_subsample_subsample_n4,diffsbdd,mean_qed,1.627,0.179,3.052,0.04685,0.0288,4,8,crop_radius_minus_1.5,"atom_shuffle,coordinate_jitter",623,4,4
colab47_crop_subsample_subsample_n4,diffsbdd,mean_qed,1.92,1.002,3.599,0.07016,0.03655,4,8,crop_radius_minus_1.5,"atom_shuffle,coordinate_jitter",624,4,4
colab47_crop_subsample_subsample_n4,diffsbdd,mean_qed,2.471,0.167,5.617,0.06118,0.02476,4,8,crop_radius_minus_1.5,"atom_shuffle,coordinate_jitter",625,4,4
colab47_crop_subsample_subsample_n4,diffsbdd,mean_qed,3.16,0.471,9.804,0.06009,0.01901,4,8,crop_radius_minus_1.5,"atom_shuffle,coordinate_jitter",626,4,4
colab47_crop_subsample_subsample_n4,diffsbdd,mean_qed,2.374,1.163,9.797,0.08059,0.03395,4,8,crop_radius_minus_1.5,"atom_shuffle,coordinate_jitter",627,4,4
colab47_crop_subsample_subsample_n4,diffsbdd,mean_qed,0.568,0.164,1.024,0.02968,0.05225,4,8,crop_radius_minus_1.5,"atom_shuffle,coordinate_jitter",628,4,4
colab47_crop_subsample_subsample_n4,diffsbdd,mean_qed,1.745,0.176,2.998,0.05343,0.03062,4,8,crop_radius_minus_1.5,"atom_shuffle,coordinate_jitter",629,4,4
colab47_crop_subsample_subsample_n4,diffsbdd,mean_qed,1.58,0.508,2.67,0.06317,0.03998,4,8,crop_radius_minus_1.5,"atom_shuffle,coordinate_jitter",630,4,4
colab47_crop_subsample_subsample_n4,diffsbdd,mean_qed,1.783,0.328,5.019,0.05545,0.03109,4,8,crop_radius_minus_1.5,"atom_shuffle,coordinate_jitter",631,4,4
colab47_crop_subsample_subsample_n4,diffsbdd,mean_qed,4.688,1.049,12.621,0.04747,0.01013,4,8,crop_radius_minus_1.5,"atom_shuffle,coordinate_jitter",632,4,4
colab47_crop_subsample_subsample_n4,diffsbdd,mean_qed,1.583,0.098,4.551,0.05702,0.03602,4,8,crop_radius_minus_1.5,"atom_shuffle,coordinate_jitter",633,4,4
colab47_crop_subsample_subsample_n4,diffsbdd,mean_qed,0.128,0.066,0.812,0.00666,0.05225,4,8,crop_radius_minus_1.5,"atom_shuffle,coordinate_jitter",634,4,4
colab47_crop_subsample_subsample_n4,diffsbdd,mean_qed,1.572,0.199,3.717,0.04141,0.02635,4,8,crop_radius_minus_1.5,"atom_shuffle,coordinate_jitter",635,4,4
colab47_crop_subsample_subsample_n4,diffsbdd,mean_qed,2.139,0.66,7.093,0.0602,0.02815,4,8,crop_radius_minus_1.5,"atom_shuffle,coordinate_jitter",636,4,4
colab47_crop_subsample_subsample_n4,diffsbdd,mean_qed,5.659,0.972,17.06,0.11786,0.02083,4,8,crop_radius_minus_1.5,"atom_shuffle,coordinate_jitter",637,4,4
colab47_crop_subsample_subsample_n4,diffsbdd,mean_qed,4.4,0.324,10.017,0.07266,0.01651,4,8,crop_radius_minus_1.5,"atom_shuffle,coordinate_jitter",638,4,4
colab47_crop_subsample_subsample_n4,diffsbdd,mean_qed,2.738,0.825,12.079,0.05746,0.02099,4,8,crop_radius_minus_1.5,"atom_shuffle,coordinate_jitter",639,4,4
colab47_crop_subsample_subsample_n4,diffsbdd,mean_qed,6.951,1.547,18.36,0.09504,0.01367,4,8,crop_radius_minus_1.5,"atom_shuffle,coordinate_jitter",640,4,4
colab47_crop_subsample_subsample_n4,diffsbdd,mean_qed,2.375,1.558,5.733,0.07133,0.03003,4,8,crop_radius_minus_1.5,"atom_shuffle,coordinate_jitter",641,4,4
colab47_crop_subsample_subsample_n4,diffsbdd,mean_qed,1.099,0.115,2.664,0.03215,0.02926,4,8,crop_radius_minus_1.5,"atom_shuffle,coordinate_jitter",642,4,4
colab47_crop_subsample_subsample_n4,diffsbdd,mean_qed,1.142,0.341,2.198,0.04211,0.03687,3,6,crop_radius_minus_1.5,"atom_shuffle,coordinate_jitter",643,4,3
colab47_crop_subsample_subsample_n4,diffsbdd,mean_qed,2.059,0.454,9.181,0.06438,0.03126,3,6,crop_radius_minus_1.5,"atom_shuffle,coordinate_jitter",644,4,3
colab47_crop_subsample_subsample_n4,diffsbdd,mean_qed,2.149,0.695,7.426,0.0626,0.02913,4,8,crop_radius_minus_1.5,"atom_shuffle,coordinate_jitter",645,4,4
colab47_crop_subsample_subsample_n4,diffsbdd,mean_qed,7.086,1.037,15.22,0.07266,0.01025,4,8,crop_radius_minus_1.5,"atom_shuffle,coordinate_jitter",646,4,4
colab47_crop_subsample_subsample_n4,diffsbdd,mean_qed,3.22,1.419,5.325,0.06112,0.01898,4,8,crop_radius_minus_1.5,"atom_shuffle,coordinate_jitter",647,4,4
colab47_crop_subsample_subsample_n4,diffsbdd,mean_qed,1.918,0.685,5.843,0.05691,0.02967,4,8,crop_radius_minus_1.5,"atom_shuffle,coordinate_jitter",648,4,4
colab47_crop_subsample_subsample_n4,diffsbdd,mean_qed,0.76,0.142,2.68,0.02504,0.03294,4,8,crop_radius_minus_1.5,"atom_shuffle,coordinate_jitter",649,4,4
colab47_crop_subsample_subsample_n4,diffsbdd,mean_qed,1.676,1.107,2.623,0.04916,0.02933,4,8,crop_radius_minus_1.5,"atom_shuffle,coordinate_jitter",650,4,4
colab47_crop_subsample_subsample_n4,diffsbdd,mean_qed,1.869,1.251,7.121,0.07312,0.03912,4,8,crop_radius_minus_1.5,"atom_shuffle,coordinate_jitter",651,4,4
colab47_crop_subsample_subsample_n4,diffsbdd,mean_qed,2.265,1.007,4.864,0.08477,0.03743,4,8,crop_radius_minus_1.5,"atom_shuffle,coordinate_jitter",652,4,4
colab47_crop_subsample_subsample_n4,diffsbdd,mean_qed,5.429,1.034,16.996,0.09853,0.01815,4,8,crop_radius_minus_1.5,"atom_shuffle,coordinate_jitter",653,4,4
colab47_crop_subsample_subsample_n4,diffsbdd,mean_qed,1.71,0.153,6.339,0.04875,0.0285,4,8,crop_radius_minus_1.5,"atom_shuffle,coordinate_jitter",654,4,4
colab47_crop_subsample_subsample_n4,diffsbdd,mean_qed,1.474,0.416,9.804,0.02803,0.01901,4,8,crop_radius_minus_1.5,"atom_shuffle,coordinate_jitter",655,4,4
colab47_crop_subsample_subsample_n4,diffsbdd,mean_qed,2.091,0.122,4.843,0.06536,0.03127,4,8,crop_radius_minus_1.5,"atom_shuffle,coordinate_jitter",656,4,4
colab47_crop_subsample_subsample_n4,diffsbdd,mean_qed,3.254,1.732,11.035,0.06406,0.01969,4,8,crop_radius_minus_1.5,"atom_shuffle,coordinate_jitter",657,4,4
colab47_crop_subsample_subsample_n4,diffsbdd,mean_qed,3.084,1.024,14.327,0.12048,0.03907,4,8,crop_radius_minus_1.5,"atom_shuffle,coordinate_jitter",658,4,4
colab47_crop_subsample_subsample_n4,diffsbdd,mean_qed,1.205,0.78,5.546,0.06654,0.05523,4,8,crop_radius_minus_1.5,"atom_shuffle,coordinate_jitter",659,4,4
colab47_crop_subsample_subsample_n4,diffsbdd,mean_qed,2.464,0.583,6.741,0.07942,0.03224,4,8,crop_radius_minus_1.5,"atom_shuffle,coordinate_jitter",660,4,4
colab47_crop_subsample_subsample_n4,diffsbdd,mean_qed,0.431,0.261,1.931,0.01106,0.02565,3,6,crop_radius_minus_1.5,"atom_shuffle,coordinate_jitter",661,4,3
colab47_crop_subsample_subsample_n4,diffsbdd,mean_qed,1.519,0.13,4.526,0.04408,0.02901,4,8,crop_radius_minus_1.5,"atom_shuffle,coordinate_jitter",662,4,4
colab47_crop_subsample_subsample_n4,diffsbdd,mean_qed,2.799,0.338,23.979,0.03633,0.01298,4,8,crop_radius_minus_1.5,"atom_shuffle,coordinate_jitter",663,4,4
colab47_crop_subsample_subsample_n4,diffsbdd,mean_qed,0.857,0.178,4.433,0.02574,0.03003,4,8,crop_radius_minus_1.5,"atom_shuffle,coordinate_jitter",664,4,4
colab47_crop_subsample_subsample_n4,diffsbdd,mean_qed,2.4,1.525,5.526,0.07288,0.03037,3,6,crop_radius_minus_1.5,"atom_shuffle,coordinate_jitter",665,4,3
colab47_crop_subsample_subsample_n4,diffsbdd,mean_qed,8.991,2.234,18.508,0.12293,0.01367,3,6,crop_radius_minus_1.5,"atom_shuffle,coordinate_jitter",666,4,3
colab47_crop_subsample_subsample_n4,diffsbdd,mean_qed,2.348,0.307,9.513,0.06332,0.02697,4,8,crop_radius_minus_1.5,"atom_shuffle,coordinate_jitter",667,4,4
colab47_crop_subsample_subsample_n4,diffsbdd,mean_qed,2.107,0.803,4.181,0.04874,0.02313,4,8,crop_radius_minus_1.5,"atom_shuffle,coordinate_jitter",668,4,4
colab47_crop_subsample_subsample_n4,diffsbdd,mean_qed,2.161,0.811,3.837,0.05786,0.02678,3,6,crop_radius_minus_1.5,"atom_shuffle,coordinate_jitter",669,4,3
colab47_crop_subsample_subsample_n4,diffsbdd,mean_qed,8.633,2.234,19.568,0.11804,0.01367,3,6,crop_radius_minus_1.5,"atom_shuffle,coordinate_jitter",670,4,3
colab47_crop_subsample_subsample_n4,diffsbdd,mean_qed,1.964,0.172,3.165,0.06097,0.03103,4,8,crop_radius_minus_1.5,"atom_shuffle,coordinate_jitter",671,4,4
colab47_crop_subsample_subsample_n4,diffsbdd,mean_qed,1.561,0.157,2.769,0.04935,0.03161,4,8,crop_radius_minus_1.5,"atom_shuffle,coordinate_jitter",672,4,4
colab47_crop_subsample_subsample_n4,diffsbdd,mean_qed,1.348,0.076,9.804,0.06307,0.04677,4,8,crop_radius_minus_1.5,"atom_shuffle,coordinate_jitter",673,4,4
colab47_crop_subsample_subsample_n4,diffsbdd,mean_qed,1.411,0.55,2.936,0.06786,0.04809,4,8,crop_radius_minus_1.5,"atom_shuffle,coordinate_jitter",674,4,4
colab47_crop_subsample_subsample_n4,diffsbdd,mean_qed,2.462,1.248,3.054,0.07549,0.03066,4,8,crop_radius_minus_1.5,"atom_shuffle,coordinate_jitter",675,4,4
colab47_crop_subsample_subsample_n4,diffsbdd,mean_qed,1.883,0.213,5.249,0.0455,0.02417,4,8,crop_radius_minus_1.5,"atom_shuffle,coordinate_jitter",676,4,4
colab47_crop_subsample_subsample_n4,diffsbdd,mean_qed,1.978,0.265,3.82,0.0825,0.04171,4,8,crop_radius_minus_1.5,"atom_shuffle,coordinate_jitter",677,4,4
colab47_crop_subsample_subsample_n4,diffsbdd,mean_qed,3.566,0.506,5.129,0.07798,0.02187,4,8,crop_radius_minus_1.5,"atom_shuffle,coordinate_jitter",678,4,4
colab47_crop_subsample_subsample_n4,diffsbdd,mean_qed,2.377,0.288,5.651,0.0799,0.03361,4,8,crop_radius_minus_1.5,"atom_shuffle,coordinate_jitter",679,4,4
colab47_crop_subsample_subsample_n4,diffsbdd,mean_qed,0.485,0.178,1.197,0.01458,0.03003,4,8,crop_radius_minus_1.5,"atom_shuffle,coordinate_jitter",680,4,4
colab47_crop_subsample_subsample_n4,diffsbdd,mean_qed,2.619,1.467,6.588,0.07214,0.02755,4,8,crop_radius_minus_1.5,"atom_shuffle,coordinate_jitter",681,4,4
colab47_crop_subsample_subsample_n4,diffsbdd,mean_qed,0.823,0.14,3.533,0.02371,0.02881,4,8,crop_radius_minus_1.5,"atom_shuffle,coordinate_jitter",682,4,4
colab47_crop_subsample_subsample_n4,diffsbdd,mean_qed,1.378,0.632,3.162,0.05915,0.04293,4,8,crop_radius_minus_1.5,"atom_shuffle,coordinate_jitter",683,4,4
colab47_crop_subsample_subsample_n4,diffsbdd,mean_qed,1.406,0.13,5.134,0.04075,0.02898,4,8,crop_radius_minus_1.5,"atom_shuffle,coordinate_jitter",684,4,4
colab47_crop_subsample_subsample_n4,diffsbdd,mean_qed,4.101,1.881,10.195,0.09692,0.02363,4,8,crop_radius_minus_1.5,"atom_shuffle,coordinate_jitter",685,4,4
colab47_crop_subsample_subsample_n4,diffsbdd,mean_qed,1.431,0.353,22.614,0.02315,0.01618,3,6,crop_radius_minus_1.5,"atom_shuffle,coordinate_jitter",686,4,3
colab47_crop_subsample_subsample_n4,diffsbdd,mean_qed,1.834,0.109,4.799,0.0582,0.03173,4,8,crop_radius_minus_1.5,"atom_shuffle,coordinate_jitter",687,4,4
colab47_crop_subsample_subsample_n4,diffsbdd,mean_qed,1.441,0.127,2.969,0.05596,0.03884,4,8,crop_radius_minus_1.5,"atom_shuffle,coordinate_jitter",688,4,4
colab47_crop_subsample_subsample_n4,diffsbdd,mean_qed,2.951,0.434,7.856,0.05707,0.01934,4,8,crop_radius_minus_1.5,"atom_shuffle,coordinate_jitter",689,4,4
colab47_crop_subsample_subsample_n4,diffsbdd,mean_qed,1.469,0.207,5.786,0.05746,0.03912,4,8,crop_radius_minus_1.5,"atom_shuffle,coordinate_jitter",690,4,4
colab47_crop_subsample_subsample_n4,diffsbdd,mean_qed,2.563,1.563,6.477,0.07214,0.02815,4,8,crop_radius_minus_1.5,"atom_shuffle,coordinate_jitter",691,4,4
colab47_crop_subsample_subsample_n4,diffsbdd,mean_qed,4.417,0.527,10.688,0.09546,0.02161,4,8,crop_radius_minus_1.5,"atom_shuffle,coordinate_jitter",692,4,4
colab47_crop_subsample_subsample_n4,diffsbdd,mean_qed,2.57,0.403,8.593,0.07061,0.02747,4,8,crop_radius_minus_1.5,"atom_shuffle,coordinate_jitter",693,4,4
colab47_crop_subsample_subsample_n4,diffsbdd,mean_qed,1.786,0.554,3.056,0.06552,0.03669,3,6,crop_radius_minus_1.5,"atom_shuffle,coordinate_jitter",694,4,3
colab47_crop_subsample_subsample_n4,diffsbdd,mean_qed,1.118,0.344,1.616,0.03902,0.03491,4,8,crop_radius_minus_1.5,"atom_shuffle,coordinate_jitter",695,4,4
colab47_crop_subsample_subsample_n4,diffsbdd,mean_qed,1.72,0.583,2.425,0.05256,0.03055,4,8,crop_radius_minus_1.5,"atom_shuffle,coordinate_jitter",696,4,4
colab47_crop_subsample_subsample_n4,diffsbdd,mean_qed,2.523,1.406,6.207,0.05285,0.02095,4,8,crop_radius_minus_1.5,"atom_shuffle,coordinate_jitter",697,4,4
colab47_crop_subsample_subsample_n4,diffsbdd,mean_qed,2.39,0.219,6.82,0.05707,0.02387,4,8,crop_radius_minus_1.5,"atom_shuffle,coordinate_jitter",698,4,4
colab47_crop_subsample_subsample_n4,diffsbdd,mean_qed,2.08,1.411,5.02,0.0604,0.02904,4,8,crop_radius_minus_1.5,"atom_shuffle,coordinate_jitter",699,4,4
colab47_crop_subsample_subsample_n4,diffsbdd,mean_qed,4.02,1.189,7.35,0.06563,0.01633,4,8,crop_radius_minus_1.5,"atom_shuffle,coordinate_jitter",700,4,4
colab47_crop_subsample_subsample_n4,diffsbdd,mean_qed,1.602,0.911,4.684,0.0741,0.04625,4,8,crop_radius_minus_1.5,"atom_shuffle,coordinate_jitter",701,4,4
colab47_crop_subsample_subsample_n4,diffsbdd,mean_qed,4.174,1.058,11.723,0.07309,0.01751,4,8,crop_radius_minus_1.5,"atom_shuffle,coordinate_jitter",702,4,4
colab47_crop_subsample_subsample_n4,diffsbdd,mean_qed,0.672,0.079,1.755,0.02367,0.03521,4,8,crop_radius_minus_1.5,"atom_shuffle,coordinate_jitter",703,4,4
colab47_crop_subsample_subsample_n4,diffsbdd,mean_qed,1.439,0.13,2.467,0.0417,0.02898,4,8,crop_radius_minus_1.5,"atom_shuffle,coordinate_jitter",704,4,4
colab47_crop_subsample_subsample_n4,diffsbdd,mean_qed,1.88,0.944,11.285,0.06872,0.03655,4,8,crop_radius_minus_1.5,"atom_shuffle,coordinate_jitter",705,4,4
colab47_crop_subsample_subsample_n4,diffsbdd,mean_qed,1.482,0.096,2.862,0.04825,0.03256,3,6,crop_radius_minus_1.5,"atom_shuffle,coordinate_jitter",706,4,3
colab47_crop_subsample_subsample_n4,diffsbdd,mean_qed,1.313,0.372,2.733,0.02703,0.02059,4,8,crop_radius_minus_1.5,"atom_shuffle,coordinate_jitter",707,4,4
colab47_crop_subsample_subsample_n4,diffsbdd,mean_qed,2.862,0.13,5.935,0.0741,0.02589,4,8,crop_radius_minus_1.5,"atom_shuffle,coordinate_jitter",708,4,4
colab47_crop_subsample_subsample_n4,diffsbdd,mean_qed,5.699,2.02,14.307,0.07527,0.01321,4,8,crop_radius_minus_1.5,"atom_shuffle,coordinate_jitter",709,4,4
colab47_crop_subsample_subsample_n4,diffsbdd,mean_qed,2.754,0.145,12.286,0.0713,0.02589,4,8,crop_radius_minus_1.5,"atom_shuffle,coordinate_jitter",710,4,4
colab47_crop_subsample_subsample_n4,diffsbdd,mean_qed,2.873,0.179,5.381,0.07727,0.02689,4,8,crop_radius_minus_1.5,"atom_shuffle,coordinate_jitter",711,4,4
colab47_crop_subsample_subsample_n4,diffsbdd,mean_qed,0.33,0.107,1.31,0.01106,0.03348,3,6,crop_radius_minus_1.5,"atom_shuffle,coordinate_jitter",712,4,3
colab47_crop_subsample_subsample_n4,diffsbdd,mean_qed,2.216,1.078,7.101,0.06889,0.03109,4,8,crop_radius_minus_1.5,"atom_shuffle,coordinate_jitter",713,4,4
colab47_crop_subsample_subsample_n4,diffsbdd,mean_qed,1.797,0.738,5.019,0.0734,0.04085,3,6,crop_radius_minus_1.5,"atom_shuffle,coordinate_jitter",714,4,3
colab47_crop_subsample_subsample_n4,diffsbdd,mean_qed,2.691,0.337,6.207,0.03491,0.01298,4,8,crop_radius_minus_1.5,"atom_shuffle,coordinate_jitter",715,4,4
colab47_crop_subsample_subsample_n4,diffsbdd,mean_qed,1.467,0.826,3.858,0.04581,0.03123,4,8,crop_radius_minus_1.5,"atom_shuffle,coordinate_jitter",716,4,4
colab47_crop_subsample_subsample_n4,diffsbdd,mean_qed,1.34,0.162,2.971,0.04321,0.03224,4,8,crop_radius_minus_1.5,"atom_shuffle,coordinate_jitter",717,4,4
colab47_crop_subsample_subsample_n4,diffsbdd,mean_qed,3.839,0.99,8.324,0.05368,0.01398,4,8,crop_radius_minus_1.5,"atom_shuffle,coordinate_jitter",718,4,4
colab47_crop_subsample_subsample_n4,diffsbdd,mean_qed,1.204,0.179,2.782,0.02526,0.02097,4,8,crop_radius_minus_1.5,"atom_shuffle,coordinate_jitter",719,4,4
colab47_crop_subsample_subsample_n4,diffsbdd,mean_qed,1.466,0.182,6.298,0.04126,0.02815,4,8,crop_radius_minus_1.5,"atom_shuffle,coordinate_jitter",720,4,4
colab47_crop_subsample_subsample_n4,diffsbdd,mean_qed,3.847,1.741,9.161,0.09716,0.02525,3,6,crop_radius_minus_1.5,"atom_shuffle,coordinate_jitter",721,4,3
colab47_crop_subsample_subsample_n4,diffsbdd,mean_qed,2.418,0.39,3.672,0.06112,0.02528,4,8,crop_radius_minus_1.5,"atom_shuffle,coordinate_jitter",722,4,4
colab47_crop_subsample_subsample_n4,diffsbdd,mean_qed,0.479,0.141,1.158,0.02504,0.05225,4,8,crop_radius_minus_1.5,"atom_shuffle,coordinate_jitter",723,4,4
colab47_crop_subsample_subsample_n4,diffsbdd,mean_qed,2.329,0.149,7.823,0.06872,0.02951,4,8,crop_radius_minus_1.5,"atom_shuffle,coordinate_jitter",724,4,4
colab47_crop_subsample_subsample_n4,diffsbdd,mean_qed,3.339,0.826,9.66,0.07008,0.02099,4,8,crop_radius_minus_1.5,"atom_shuffle,coordinate_jitter",725,4,4
colab47_crop_subsample_subsample_n4,diffsbdd,mean_qed,0.78,0.128,2.5,0.01913,0.02451,4,8,crop_radius_minus_1.5,"atom_shuffle,coordinate_jitter",726,4,4
colab47_crop_subsample_subsample_n4,diffsbdd,mean_qed,2.845,1.054,6.241,0.08886,0.03123,4,8,crop_radius_minus_1.5,"atom_shuffle,coordinate_jitter",727,4,4
colab47_crop_subsample_subsample_n4,diffsbdd,mean_qed,1.557,0.184,6.125,0.03978,0.02555,4,8,crop_radius_minus_1.5,"atom_shuffle,coordinate_jitter",728,4,4
colab47_crop_subsample_subsample_n4,diffsbdd,mean_qed,3.729,1.596,13.932,0.09572,0.02567,4,8,crop_radius_minus_1.5,"atom_shuffle,coordinate_jitter",729,4,4
colab47_crop_subsample_subsample_n4,diffsbdd,mean_qed,1.465,0.258,6.085,0.03805,0.02597,4,8,crop_radius_minus_1.5,"atom_shuffle,coordinate_jitter",730,4,4
colab47_crop_subsample_subsample_n4,diffsbdd,mean_qed,1.223,0.692,3.417,0.06086,0.04978,4,8,crop_radius_minus_1.5,"atom_shuffle,coordinate_jitter",731,4,4
colab47_crop_subsample_subsample_n4,diffsbdd,mean_qed,2.012,0.161,6.772,0.05284,0.02626,4,8,crop_radius_minus_1.5,"atom_shuffle,coordinate_jitter",732,4,4
colab47_crop_subsample_subsample_n4,diffsbdd,mean_qed,2.076,0.434,4.719,0.04015,0.01934,4,8,crop_radius_minus_1.5,"atom_shuffle,coordinate_jitter",733,4,4
colab47_crop_subsample_subsample_n4,diffsbdd,mean_qed,1.424,0.668,4.708,0.04888,0.03433,4,8,crop_radius_minus_1.5,"atom_shuffle,coordinate_jitter",734,4,4
colab47_crop_subsample_subsample_n4,diffsbdd,mean_qed,3.292,1.35,6.763,0.07076,0.02149,4,8,crop_radius_minus_1.5,"atom_shuffle,coordinate_jitter",735,4,4
colab47_crop_subsample_subsample_n4,diffsbdd,mean_qed,0.941,0.343,1.899,0.03034,0.03224,4,8,crop_radius_minus_1.5,"atom_shuffle,coordinate_jitter",736,4,4
colab47_crop_subsample_subsample_n4,diffsbdd,mean_qed,1.429,0.181,3.725,0.04223,0.02955,4,8,crop_radius_minus_1.5,"atom_shuffle,coordinate_jitter",737,4,4
colab47_crop_subsample_subsample_n4,diffsbdd,mean_qed,1.871,0.801,4.117,0.07285,0.03893,4,8,crop_radius_minus_1.5,"atom_shuffle,coordinate_jitter",738,4,4
colab47_crop_subsample_subsample_n4,diffsbdd,mean_qed,1.135,0.164,2.768,0.05596,0.04932,4,8,crop_radius_minus_1.5,"atom_shuffle,coordinate_jitter",739,4,4
colab47_crop_subsample_subsample_n4,diffsbdd,mean_qed,1.233,0.588,4.01,0.04885,0.03962,4,8,crop_radius_minus_1.5,"atom_shuffle,coordinate_jitter",740,4,4
colab47_crop_subsample_subsample_n4,diffsbdd,mean_qed,1.669,0.798,2.437,0.06529,0.03912,4,8,crop_radius_minus_1.5,"atom_shuffle,coordinate_jitter",741,4,4
colab47_crop_subsample_subsample_n4,diffsbdd,mean_qed,2.67,0.201,6.592,0.06946,0.02602,4,8,crop_radius_minus_1.5,"atom_shuffle,coordinate_jitter",742,4,4
colab47_crop_subsample_subsample_n4,diffsbdd,mean_qed,2.227,0.701,4.887,0.05369,0.02411,4,8,crop_radius_minus_1.5,"atom_shuffle,coordinate_jitter",743,4,4
colab47_crop_subsample_subsample_n4,diffsbdd,mean_qed,1.063,0.086,3.203,0.04074,0.03831,4,8,crop_radius_minus_1.5,"atom_shuffle,coordinate_jitter",744,4,4
colab47_crop_subsample_subsample_n4,diffsbdd,mean_qed,2.576,0.183,4.753,0.07549,0.02931,4,8,crop_radius_minus_1.5,"atom_shuffle,coordinate_jitter",745,4,4
colab47_crop_subsample_subsample_n4,diffsbdd,mean_qed,1.886,0.801,3.1,0.05958,0.03159,4,8,crop_radius_minus_1.5,"atom_shuffle,coordinate_jitter",746,4,4
colab47_crop_subsample_subsample_n4,diffsbdd,mean_qed,2.426,0.973,4.078,0.05082,0.02095,4,8,crop_radius_minus_1.5,"atom_shuffle,coordinate_jitter",747,4,4
colab47_crop_subsample_subsample_n4,diffsbdd,mean_qed,2.251,0.99,15.026,0.06815,0.03028,4,8,crop_radius_minus_1.5,"atom_shuffle,coordinate_jitter",748,4,4
colab47_crop_subsample_subsample_n4,diffsbdd,mean_qed,5.902,0.246,13.364,0.09816,0.01663,4,8,crop_radius_minus_1.5,"atom_shuffle,coordinate_jitter",749,4,4
colab47_crop_subsample_subsample_n4,diffsbdd,mean_qed,4.559,1.338,13.124,0.09816,0.02153,4,8,crop_radius_minus_1.5,"atom_shuffle,coordinate_jitter",750,4,4
colab47_crop_subsample_subsample_n4,diffsbdd,mean_qed,1.977,0.793,5.019,0.0575,0.02909,4,8,crop_radius_minus_1.5,"atom_shuffle,coordinate_jitter",751,4,4
colab47_crop_subsample_subsample_n4,diffsbdd,mean_qed,2.25,1.041,4.294,0.07297,0.03244,4,8,crop_radius_minus_1.5,"atom_shuffle,coordinate_jitter",752,4,4
colab47_crop_subsample_subsample_n4,diffsbdd,mean_qed,1.745,0.143,4.826,0.05344,0.03063,4,8,crop_radius_minus_1.5,"atom_shuffle,coordinate_jitter",753,4,4
colab47_crop_subsample_subsample_n4,diffsbdd,mean_qed,1.652,0.712,6.925,0.07526,0.04556,4,8,crop_radius_minus_1.5,"atom_shuffle,coordinate_jitter",754,4,4
colab47_crop_subsample_subsample_n4,diffsbdd,mean_qed,2.462,1.331,3.627,0.07549,0.03066,4,8,crop_radius_minus_1.5,"atom_shuffle,coordinate_jitter",755,4,4
colab47_crop_subsample_subsample_n4,diffsbdd,mean_qed,2.356,1.862,4.789,0.0692,0.02937,4,8,crop_radius_minus_1.5,"atom_shuffle,coordinate_jitter",756,4,4
colab47_crop_subsample_subsample_n4,diffsbdd,mean_qed,1.412,0.275,4.293,0.03109,0.02201,4,8,crop_radius_minus_1.5,"atom_shuffle,coordinate_jitter",757,4,4
colab47_crop_subsample_subsample_n4,diffsbdd,mean_qed,1.327,0.083,4.317,0.06889,0.0519,4,8,crop_radius_minus_1.5,"atom_shuffle,coordinate_jitter",758,4,4
colab47_crop_subsample_subsample_n4,diffsbdd,mean_qed,1.642,0.655,4.001,0.03968,0.02417,4,8,crop_radius_minus_1.5,"atom_shuffle,coordinate_jitter",759,4,4
colab47_crop_subsample_subsample_n4,diffsbdd,mean_qed,1.397,0.596,3.316,0.04364,0.03123,4,8,crop_radius_minus_1.5,"atom_shuffle,coordinate_jitter",760,4,4
colab47_crop_subsample_subsample_n4,diffsbdd,mean_qed,1.195,0.659,3.493,0.05632,0.04713,4,8,crop_radius_minus_1.5,"atom_shuffle,coordinate_jitter",761,4,4
colab47_crop_subsample_subsample_n4,diffsbdd,mean_qed,2.272,0.747,5.946,0.07854,0.03456,4,8,crop_radius_minus_1.5,"atom_shuffle,coordinate_jitter",762,4,4
colab47_crop_subsample_subsample_n4,diffsbdd,mean_qed,3.009,0.14,6.682,0.08053,0.02676,4,8,crop_radius_minus_1.5,"atom_shuffle,coordinate_jitter",763,4,4
colab47_crop_subsample_subsample_n4,diffsbdd,mean_qed,2.685,0.806,10.036,0.05967,0.02222,3,6,crop_radius_minus_1.5,"atom_shuffle,coordinate_jitter",764,4,3
colab47_crop_subsample_subsample_n4,diffsbdd,mean_qed,0.856,0.171,2.449,0.02616,0.03057,4,8,crop_radius_minus_1.5,"atom_shuffle,coordinate_jitter",765,4,4
colab47_crop_subsample_subsample_n4,diffsbdd,mean_qed,3.016,0.714,8.78,0.07842,0.026,4,8,crop_radius_minus_1.5,"atom_shuffle,coordinate_jitter",766,4,4
colab47_crop_subsample_subsample_n4,diffsbdd,mean_qed,1.54,0.572,2.423,0.04964,0.03224,4,8,crop_radius_minus_1.5,"atom_shuffle,coordinate_jitter",767,4,4
colab47_crop_subsample_subsample_n4,diffsbdd,mean_qed,1.853,0.65,4.801,0.05793,0.03126,4,8,crop_radius_minus_1.5,"atom_shuffle,coordinate_jitter",768,4,4
colab47_crop_subsample_subsample_n4,diffsbdd,mean_qed,2.741,1.033,10.059,0.09422,0.03437,2,4,crop_radius_minus_1.5,"atom_shuffle,coordinate_jitter",769,4,2
colab47_crop_subsample_subsample_n4,diffsbdd,mean_qed,1.297,0.427,3.988,0.0308,0.02374,4,8,crop_radius_minus_1.5,"atom_shuffle,coordinate_jitter",770,4,4
colab47_crop_subsample_subsample_n4,diffsbdd,mean_qed,2.242,1.3,7.132,0.06668,0.02975,4,8,crop_radius_minus_1.5,"atom_shuffle,coordinate_jitter",771,4,4
colab47_crop_subsample_subsample_n4,diffsbdd,mean_qed,2.871,0.976,14.593,0.07266,0.02531,4,8,crop_radius_minus_1.5,"atom_shuffle,coordinate_jitter",772,4,4
colab47_crop_subsample_subsample_n4,diffsbdd,mean_qed,0.513,0.063,1.646,0.02817,0.05494,4,8,crop_radius_minus_1.5,"atom_shuffle,coordinate_jitter",773,4,4
colab47_crop_subsample_subsample_n4,diffsbdd,mean_qed,1.571,0.826,7.673,0.07277,0.04631,4,8,crop_radius_minus_1.5,"atom_shuffle,coordinate_jitter",774,4,4
colab47_crop_subsample_subsample_n4,diffsbdd,mean_qed,1.518,0.998,2.894,0.0604,0.03979,4,8,crop_radius_minus_1.5,"atom_shuffle,coordinate_jitter",775,4,4
colab47_crop_subsample_subsample_n4,diffsbdd,mean_qed,1.292,0.689,9.253,0.07329,0.05672,4,8,crop_radius_minus_1.5,"atom_shuffle,coordinate_jitter",776,4,4
colab47_crop_subsample_subsample_n4,diffsbdd,mean_qed,2.915,2.248,23.991,0.07288,0.025,3,6,crop_radius_minus_1.5,"atom_shuffle,coordinate_jitter",777,4,3
colab47_crop_subsample_subsample_n4,diffsbdd,mean_qed,1.945,1.096,3.455,0.05703,0.02933,4,8,crop_radius_minus_1.5,"atom_shuffle,coordinate_jitter",778,4,4
colab47_crop_subsample_subsample_n4,diffsbdd,mean_qed,2.181,1.113,5.338,0.08213,0.03766,4,8,crop_radius_minus_1.5,"atom_shuffle,coordinate_jitter",779,4,4
colab47_crop_subsample_subsample_n4,diffsbdd,mean_qed,0.862,0.151,4.796,0.02504,0.02904,4,8,crop_radius_minus_1.5,"atom_shuffle,coordinate_jitter",780,4,4
colab47_crop_subsample_subsample_n4,diffsbdd,mean_qed,0.764,0.257,2.472,0.02315,0.03031,3,6,crop_radius_minus_1.5,"atom_shuffle,coordinate_jitter",781,4,3
colab47_crop_subsample_subsample_n4,diffsbdd,mean_qed,1.757,0.678,3.449,0.07247,0.04125,4,8,crop_radius_minus_1.5,"atom_shuffle,coordinate_jitter",782,4,4
colab47_crop_subsample_subsample_n4,diffsbdd,mean_qed,1.665,0.195,3.956,0.04477,0.02689,4,8,crop_radius_minus_1.5,"atom_shuffle,coordinate_jitter",783,4,4
colab47_crop_subsample_subsample_n4,diffsbdd,mean_qed,0.729,0.175,2.469,0.02175,0.02985,4,8,crop_radius_minus_1.5,"atom_shuffle,coordinate_jitter",784,4,4
colab47_crop_subsample_subsample_n4,diffsbdd,mean_qed,1.737,0.713,2.816,0.05548,0.03194,4,8,crop_radius_minus_1.5,"atom_shuffle,coordinate_jitter",785,4,4
colab47_crop_subsample_subsample_n4,diffsbdd,mean_qed,1.559,0.203,3.276,0.04015,0.02576,4,8,crop_radius_minus_1.5,"atom_shuffle,coordinate_jitter",786,4,4
colab47_crop_subsample_subsample_n4,diffsbdd,mean_qed,1.395,0.115,7.74,0.05315,0.0381,4,8,crop_radius_minus_1.5,"atom_shuffle,coordinate_jitter",787,4,4
colab47_crop_subsample_subsample_n4,diffsbdd,mean_qed,2.278,1.279,5.073,0.05703,0.02503,4,8,crop_radius_minus_1.5,"atom_shuffle,coordinate_jitter",788,4,4
colab47_crop_subsample_subsample_n4,diffsbdd,mean_qed,2.447,0.154,4.488,0.07738,0.03162,4,8,crop_radius_minus_1.5,"atom_shuffle,coordinate_jitter",789,4,4
colab47_crop_subsample_subsample_n4,diffsbdd,mean_qed,1.919,0.583,12.389,0.05242,0.02731,4,8,crop_radius_minus_1.5,"atom_shuffle,coordinate_jitter",790,4,4
colab47_crop_subsample_subsample_n4,diffsbdd,mean_qed,1.861,0.065,7.633,0.07479,0.04019,3,6,crop_radius_minus_1.5,"atom_shuffle,coordinate_jitter",791,4,3
colab47_crop_subsample_subsample_n4,diffsbdd,mean_qed,2.526,1.374,4.508,0.0825,0.03267,4,8,crop_radius_minus_1.5,"atom_shuffle,coordinate_jitter",792,4,4
colab47_crop_subsample_subsample_n4,diffsbdd,mean_qed,0.868,0.471,2.929,0.04256,0.04906,4,8,crop_radius_minus_1.5,"atom_shuffle,coordinate_jitter",793,4,4
colab47_crop_subsample_subsample_n4,diffsbdd,mean_qed,1.261,0.536,2.527,0.05967,0.04732,3,6,crop_radius_minus_1.5,"atom_shuffle,coordinate_jitter",794,4,3
colab47_crop_subsample_subsample_n4,diffsbdd,mean_qed,1.034,0.526,1.915,0.03333,0.03224,4,8,crop_radius_minus_1.5,"atom_shuffle,coordinate_jitter",795,4,4
colab47_crop_subsample_subsample_n4,diffsbdd,mean_qed,2.816,1.284,4.388,0.07402,0.02629,4,8,crop_radius_minus_1.5,"atom_shuffle,coordinate_jitter",796,4,4
colab47_crop_subsample_subsample_n4,diffsbdd,mean_qed,1.883,0.972,3.738,0.07314,0.03884,4,8,crop_radius_minus_1.5,"atom_shuffle,coordinate_jitter",797,4,4
colab47_crop_subsample_subsample_n4,diffsbdd,mean_qed,0.662,0.109,1.225,0.04921,0.07432,4,8,crop_radius_minus_1.5,"atom_shuffle,coordinate_jitter",798,4,4
colab47_crop_subsample_subsample_n4,diffsbdd,mean_qed,2.017,0.129,3.332,0.05877,0.02913,4,8,crop_radius_minus_1.5,"atom_shuffle,coordinate_jitter",799,4,4
colab47_crop_subsample_subsample_n4,diffsbdd,mean_qed,2.076,0.434,4.492,0.04016,0.01934,4,8,crop_radius_minus_1.5,"atom_shuffle,coordinate_jitter",800,4,4
colab47_crop_subsample_subsample_n4,diffsbdd,mean_qed,2.231,0.13,6.877,0.06332,0.02839,4,8,crop_radius_minus_1.5,"atom_shuffle,coordinate_jitter",801,4,4
colab47_crop_subsample_subsample_n4,diffsbdd,mean_qed,2.403,0.191,4.37,0.06764,0.02815,4,8,crop_radius_minus_1.5,"atom_shuffle,coordinate_jitter",802,4,4
colab47_crop_subsample_subsample_n4,diffsbdd,mean_qed,1.169,0.628,7.745,0.05622,0.04809,4,8,crop_radius_minus_1.5,"atom_shuffle,coordinate_jitter",803,4,4
colab47_crop_subsample_subsample_n4,diffsbdd,mean_qed,4.017,0.561,12.633,0.0602,0.01499,4,8,crop_radius_minus_1.5,"atom_shuffle,coordinate_jitter",804,4,4
colab47_crop_subsample_subsample_n4,diffsbdd,mean_qed,1.37,0.288,4.809,0.02942,0.02148,4,8,crop_radius_minus_1.5,"atom_shuffle,coordinate_jitter",805,4,4
colab47_crop_subsample_subsample_n4,diffsbdd,mean_qed,3.218,1.483,14.024,0.07241,0.0225,4,8,crop_radius_minus_1.5,"atom_shuffle,coordinate_jitter",806,4,4
colab47_crop_subsample_subsample_n4,diffsbdd,mean_qed,1.162,0.098,3.847,0.0626,0.05387,4,8,crop_radius_minus_1.5,"atom_shuffle,coordinate_jitter",807,4,4
colab47_crop_subsample_subsample_n4,diffsbdd,mean_qed,1.857,0.508,6.866,0.03968,0.02136,4,8,crop_radius_minus_1.5,"atom_shuffle,coordinate_jitter",808,4,4
colab47_crop_subsample_subsample_n4,diffsbdd,mean_qed,2.419,1.044,7.793,0.08739,0.03613,4,8,crop_radius_minus_1.5,"atom_shuffle,coordinate_jitter",809,4,4
colab47_crop_subsample_subsample_n4,diffsbdd,mean_qed,1.598,0.106,3.452,0.05689,0.03561,4,8,crop_radius_minus_1.5,"atom_shuffle,coordinate_jitter",810,4,4
colab47_crop_subsample_subsample_n4,diffsbdd,mean_qed,0.347,0.127,2.363,0.0084,0.0242,3,6,crop_radius_minus_1.5,"atom_shuffle,coordinate_jitter",811,4,3
colab47_crop_subsample_subsample_n4,diffsbdd,mean_qed,3.454,0.465,13.493,0.06872,0.0199,4,8,crop_radius_minus_1.5,"atom_shuffle,coordinate_jitter",812,4,4
colab47_crop_subsample_subsample_n4,diffsbdd,mean_qed,2.608,0.506,11.932,0.05702,0.02187,4,8,crop_radius_minus_1.5,"atom_shuffle,coordinate_jitter",813,4,4
colab47_crop_subsample_subsample_n4,diffsbdd,mean_qed,1.505,0.187,4.628,0.02802,0.01862,4,8,crop_radius_minus_1.5,"atom_shuffle,coordinate_jitter",814,4,4
colab47_crop_subsample_subsample_n4,diffsbdd,mean_qed,2.127,0.826,8.969,0.0534,0.02511,4,8,crop_radius_minus_1.5,"atom_shuffle,coordinate_jitter",815,4,4
colab47_crop_subsample_subsample_n4,diffsbdd,mean_qed,1.413,0.564,2.485,0.05089,0.03602,4,8,crop_radius_minus_1.5,"atom_shuffle,coordinate_jitter",816,4,4
colab47_crop_subsample_subsample_n4,diffsbdd,mean_qed,4.891,2.027,14.278,0.07142,0.0146,4,8,crop_radius_minus_1.5,"atom_shuffle,coordinate_jitter",817,4,4
colab47_crop_subsample_subsample_n4,diffsbdd,mean_qed,1.791,0.24,5.284,0.07895,0.04408,4,8,crop_radius_minus_1.5,"atom_shuffle,coordinate_jitter",818,4,4
colab47_crop_subsample_subsample_n4,diffsbdd,mean_qed,3.126,0.246,3.957,0.0655,0.02095,4,8,crop_radius_minus_1.5,"atom_shuffle,coordinate_jitter",819,4,4
colab47_crop_subsample_subsample_n4,diffsbdd,mean_qed,1.755,0.288,3.982,0.05641,0.03215,3,6,crop_radius_minus_1.5,"atom_shuffle,coordinate_jitter",820,4,3
colab47_crop_subsample_subsample_n4,diffsbdd,mean_qed,1.072,0.104,8.326,0.0495,0.04619,3,6,crop_radius_minus_1.5,"atom_shuffle,coordinate_jitter",821,4,3
colab47_crop_subsample_subsample_n4,diffsbdd,mean_qed,2.589,1.403,7.359,0.06355,0.02454,4,8,crop_radius_minus_1.5,"atom_shuffle,coordinate_jitter",822,4,4
colab47_crop_subsample_subsample_n4,diffsbdd,mean_qed,2.362,0.127,4.328,0.07286,0.03085,3,6,crop_radius_minus_1.5,"atom_shuffle,coordinate_jitter",823,4,3
colab47_crop_subsample_subsample_n4,diffsbdd,mean_qed,0.553,0.074,2.491,0.02825,0.0511,4,8,crop_radius_minus_1.5,"atom_shuffle,coordinate_jitter",824,4,4
colab47_crop_subsample_subsample_n4,diffsbdd,mean_qed,3.409,2.258,10.955,0.07142,0.02095,4,8,crop_radius_minus_1.5,"atom_shuffle,coordinate_jitter",825,4,4
colab47_crop_subsample_subsample_n4,diffsbdd,mean_qed,1.838,0.966,2.629,0.07188,0.03912,4,8,crop_radius_minus_1.5,"atom_shuffle,coordinate_jitter",826,4,4
colab47_crop_subsample_subsample_n4,diffsbdd,mean_qed,1.496,0.107,2.599,0.04211,0.02815,3,6,crop_radius_minus_1.5,"atom_shuffle,coordinate_jitter",827,4,3
colab47_crop_subsample_subsample_n4,diffsbdd,mean_qed,7.35,2.204,14.024,0.05869,0.00798,4,8,crop_radius_minus_1.5,"atom_shuffle,coordinate_jitter",828,4,4
colab47_crop_subsample_subsample_n4,diffsbdd,mean_qed,1.555,0.148,3.837,0.04598,0.02957,4,8,crop_radius_minus_1.5,"atom_shuffle,coordinate_jitter",829,4,4
colab47_crop_subsample_subsample_n4,diffsbdd,mean_qed,1.142,0.377,2.347,0.04211,0.03687,3,6,crop_radius_minus_1.5,"atom_shuffle,coordinate_jitter",830,4,3
colab47_crop_subsample_subsample_n4,diffsbdd,mean_qed,2.07,0.775,3.845,0.0811,0.03918,4,8,crop_radius_minus_1.5,"atom_shuffle,coordinate_jitter",831,4,4
colab47_crop_subsample_subsample_n4,diffsbdd,mean_qed,1.365,0.621,2.66,0.05651,0.04139,4,8,crop_radius_minus_1.5,"atom_shuffle,coordinate_jitter",832,4,4
colab47_crop_subsample_subsample_n4,diffsbdd,mean_qed,0.697,0.297,1.507,0.0171,0.02453,4,8,crop_radius_minus_1.5,"atom_shuffle,coordinate_jitter",833,4,4
colab47_crop_subsample_subsample_n4,diffsbdd,mean_qed,2.776,0.597,7.496,0.06012,0.02166,4,8,crop_radius_minus_1.5,"atom_shuffle,coordinate_jitter",834,4,4
colab47_crop_subsample_subsample_n4,diffsbdd,mean_qed,1.797,0.775,4.049,0.04825,0.02686,3,6,crop_radius_minus_1.5,"atom_shuffle,coordinate_jitter",835,4,3
colab47_crop_subsample_subsample_n4,diffsbdd,mean_qed,0.367,0.127,3.814,0.00934,0.02548,4,8,crop_radius_minus_1.5,"atom_shuffle,coordinate_jitter",836,4,4
colab47_crop_subsample_subsample_n4,diffsbdd,mean_qed,2.722,2.001,5.345,0.05703,0.02095,4,8,crop_radius_minus_1.5,"atom_shuffle,coordinate_jitter",837,4,4
colab47_crop_subsample_subsample_n4,diffsbdd,mean_qed,0.419,0.092,1.527,0.01562,0.03728,4,8,crop_radius_minus_1.5,"atom_shuffle,coordinate_jitter",838,4,4
colab47_crop_subsample_subsample_n4,diffsbdd,mean_qed,2.783,1.467,6.477,0.07214,0.02593,4,8,crop_radius_minus_1.5,"atom_shuffle,coordinate_jitter",839,4,4
colab47_crop_subsample_subsample_n4,diffsbdd,mean_qed,1.791,0.346,6.382,0.05594,0.03123,4,8,crop_radius_minus_1.5,"atom_shuffle,coordinate_jitter",840,4,4
colab47_crop_subsample_subsample_n4,diffsbdd,mean_qed,2.113,0.969,8.063,0.05491,0.02599,4,8,crop_radius_minus_1.5,"atom_shuffle,coordinate_jitter",841,4,4
colab47_crop_subsample_subsample_n4,diffsbdd,mean_qed,0.864,0.678,2.248,0.04016,0.0465,4,8,crop_radius_minus_1.5,"atom_shuffle,coordinate_jitter",842,4,4
colab47_crop_subsample_subsample_n4,diffsbdd,mean_qed,3.35,0.121,10.899,0.07708,0.02301,4,8,crop_radius_minus_1.5,"atom_shuffle,coordinate_jitter",843,4,4
colab47_crop_subsample_subsample_n4,diffsbdd,mean_qed,2.226,0.121,3.88,0.0692,0.03108,4,8,crop_radius_minus_1.5,"atom_shuffle,coordinate_jitter",844,4,4
colab47_crop_subsample_subsample_n4,diffsbdd,mean_qed,2.039,1.126,6.14,0.08403,0.04121,4,8,crop_radius_minus_1.5,"atom_shuffle,coordinate_jitter",845,4,4
colab47_crop_subsample_subsample_n4,diffsbdd,mean_qed,1.369,0.207,6.477,0.04873,0.03561,4,8,crop_radius_minus_1.5,"atom_shuffle,coordinate_jitter",846,4,4
colab47_crop_subsample_subsample_n4,diffsbdd,mean_qed,1.667,0.443,7.68,0.05074,0.03044,4,8,crop_radius_minus_1.5,"atom_shuffle,coordinate_jitter",847,4,4
colab47_crop_subsample_subsample_n4,diffsbdd,mean_qed,2.462,0.606,6.31,0.07549,0.03066,4,8,crop_radius_minus_1.5,"atom_shuffle,coordinate_jitter",848,4,4
colab47_crop_subsample_subsample_n4,diffsbdd,mean_qed,1.609,0.628,7.385,0.04772,0.02967,4,8,crop_radius_minus_1.5,"atom_shuffle,coordinate_jitter",849,4,4
colab47_crop_subsample_subsample_n4,diffsbdd,mean_qed,1.314,0.171,4.463,0.04101,0.03121,4,8,crop_radius_minus_1.5,"atom_shuffle,coordinate_jitter",850,4,4
colab47_crop_subsample_subsample_n4,diffsbdd,mean_qed,0.856,0.141,3.085,0.02373,0.02774,4,8,crop_radius_minus_1.5,"atom_shuffle,coordinate_jitter",851,4,4
colab47_crop_subsample_subsample_n4,diffsbdd,mean_qed,3.956,0.91,13.161,0.06533,0.01652,4,8,crop_radius_minus_1.5,"atom_shuffle,coordinate_jitter",852,4,4
colab47_crop_subsample_subsample_n4,diffsbdd,mean_qed,2.31,1.693,3.538,0.07384,0.03197,4,8,crop_radius_minus_1.5,"atom_shuffle,coordinate_jitter",853,4,4
colab47_crop_subsample_subsample_n4,diffsbdd,mean_qed,2.109,0.451,5.475,0.06118,0.02901,4,8,crop_radius_minus_1.5,"atom_shuffle,coordinate_jitter",854,4,4
colab47_crop_subsample_subsample_n4,diffsbdd,mean_qed,1.395,0.805,3.481,0.05776,0.04139,4,8,crop_radius_minus_1.5,"atom_shuffle,coordinate_jitter",855,4,4
colab47_crop_subsample_subsample_n4,diffsbdd,mean_qed,2.162,1.234,3.188,0.07809,0.03613,3,6,crop_radius_minus_1.5,"atom_shuffle,coordinate_jitter",856,4,3
colab47_crop_subsample_subsample_n4,diffsbdd,mean_qed,1.853,0.659,4.954,0.05396,0.02913,4,8,crop_radius_minus_1.5,"atom_shuffle,coordinate_jitter",857,4,4
colab47_crop_subsample_subsample_n4,diffsbdd,mean_qed,1.483,0.764,3.103,0.05256,0.03544,4,8,crop_radius_minus_1.5,"atom_shuffle,coordinate_jitter",858,4,4
colab47_crop_subsample_subsample_n4,diffsbdd,mean_qed,2.192,0.67,7.685,0.08315,0.03793,4,8,crop_radius_minus_1.5,"atom_shuffle,coordinate_jitter",859,4,4
colab47_crop_subsample_subsample_n4,diffsbdd,mean_qed,1.846,0.206,7.683,0.04801,0.02601,4,8,crop_radius_minus_1.5,"atom_shuffle,coordinate_jitter",860,4,4
colab47_crop_subsample_subsample_n4,diffsbdd,mean_qed,1.16,0.271,2.627,0.04518,0.03897,4,8,crop_radius_minus_1.5,"atom_shuffle,coordinate_jitter",861,4,4
colab47_crop_subsample_subsample_n4,diffsbdd,mean_qed,2.672,1.038,6.027,0.06376,0.02386,4,8,crop_radius_minus_1.5,"atom_shuffle,coordinate_jitter",862,4,4
colab47_crop_subsample_subsample_n4,diffsbdd,mean_qed,0.529,0.128,1.718,0.03333,0.06305,4,8,crop_radius_minus_1.5,"atom_shuffle,coordinate_jitter",863,4,4
colab47_crop_subsample_subsample_n4,diffsbdd,mean_qed,1.316,0.632,2.907,0.06552,0.04979,3,6,crop_radius_minus_1.5,"atom_shuffle,coordinate_jitter",864,4,3
colab47_crop_subsample_subsample_n4,diffsbdd,mean_qed,2.856,1.174,11.995,0.09816,0.03437,4,8,crop_radius_minus_1.5,"atom_shuffle,coordinate_jitter",865,4,4
colab47_crop_subsample_subsample_n4,diffsbdd,mean_qed,1.626,0.325,9.199,0.04,0.02461,4,8,crop_radius_minus_1.5,"atom_shuffle,coordinate_jitter",866,4,4
colab47_crop_subsample_subsample_n4,diffsbdd,mean_qed,2.351,0.811,4.335,0.07824,0.03328,4,8,crop_radius_minus_1.5,"atom_shuffle,coordinate_jitter",867,4,4
colab47_crop_subsample_subsample_n4,diffsbdd,mean_qed,1.352,0.189,2.597,0.03822,0.02826,4,8,crop_radius_minus_1.5,"atom_shuffle,coordinate_jitter",868,4,4
colab47_crop_subsample_subsample_n4,diffsbdd,mean_qed,2.37,0.173,7.899,0.07313,0.03085,4,8,crop_radius_minus_1.5,"atom_shuffle,coordinate_jitter",869,4,4
colab47_crop_subsample_subsample_n4,diffsbdd,mean_qed,1.977,0.968,3.896,0.07574,0.03831,4,8,crop_radius_minus_1.5,"atom_shuffle,coordinate_jitter",870,4,4
colab47_crop_subsample_subsample_n4,diffsbdd,mean_qed,0.687,0.147,3.8,0.03078,0.04479,4,8,crop_radius_minus_1.5,"atom_shuffle,coordinate_jitter",871,4,4
colab47_crop_subsample_subsample_n4,diffsbdd,mean_qed,3.081,1.32,16.056,0.11804,0.03831,3,6,crop_radius_minus_1.5,"atom_shuffle,coordinate_jitter",872,4,3
colab47_crop_subsample_subsample_n4,diffsbdd,mean_qed,2.355,0.687,4.591,0.0675,0.02866,4,8,crop_radius_minus_1.5,"atom_shuffle,coordinate_jitter",873,4,4
colab47_crop_subsample_subsample_n4,diffsbdd,mean_qed,0.975,0.13,2.446,0.02825,0.02898,4,8,crop_radius_minus_1.5,"atom_shuffle,coordinate_jitter",874,4,4
colab47_crop_subsample_subsample_n4,diffsbdd,mean_qed,1.744,0.276,4.824,0.04292,0.02461,4,8,crop_radius_minus_1.5,"atom_shuffle,coordinate_jitter",875,4,4
colab47_crop_subsample_subsample_n4,diffsbdd,mean_qed,3.335,0.686,13.367,0.0633,0.01898,4,8,crop_radius_minus_1.5,"atom_shuffle,coordinate_jitter",876,4,4
colab47_crop_subsample_subsample_n4,diffsbdd,mean_qed,2.77,1.023,4.768,0.04015,0.01449,4,8,crop_radius_minus_1.5,"atom_shuffle,coordinate_jitter",877,4,4
colab47_crop_subsample_subsample_n4,diffsbdd,mean_qed,1.572,0.801,4.057,0.05396,0.03433,4,8,crop_radius_minus_1.5,"atom_shuffle,coordinate_jitter",878,4,4
colab47_crop_subsample_subsample_n4,diffsbdd,mean_qed,1.473,0.105,3.554,0.07334,0.04978,4,8,crop_radius_minus_1.5,"atom_shuffle,coordinate_jitter",879,4,4
colab47_crop_subsample_subsample_n4,diffsbdd,mean_qed,1.248,0.12,2.33,0.03902,0.03128,4,8,crop_radius_minus_1.5,"atom_shuffle,coordinate_jitter",880,4,4
colab47_crop_subsample_subsample_n4,diffsbdd,mean_qed,1.093,0.51,2.506,0.05089,0.04657,4,8,crop_radius_minus_1.5,"atom_shuffle,coordinate_jitter",881,4,4
colab47_crop_subsample_subsample_n4,diffsbdd,mean_qed,2.078,1.072,2.986,0.07963,0.03831,4,8,crop_radius_minus_1.5,"atom_shuffle,coordinate_jitter",882,4,4
colab47_crop_subsample_subsample_n4,diffsbdd,mean_qed,2.08,1.102,2.635,0.06366,0.03061,4,8,crop_radius_minus_1.5,"atom_shuffle,coordinate_jitter",883,4,4
colab47_crop_subsample_subsample_n4,diffsbdd,mean_qed,0.897,0.33,1.76,0.02803,0.03123,4,8,crop_radius_minus_1.5,"atom_shuffle,coordinate_jitter",884,4,4
colab47_crop_subsample_subsample_n4,diffsbdd,mean_qed,2.064,1.009,3.622,0.0825,0.03998,4,8,crop_radius_minus_1.5,"atom_shuffle,coordinate_jitter",885,4,4
colab47_crop_subsample_subsample_n4,diffsbdd,mean_qed,1.399,0.626,4.38,0.0417,0.0298,2,4,crop_radius_minus_1.5,"atom_shuffle,coordinate_jitter",886,4,2
colab47_crop_subsample_subsample_n4,diffsbdd,mean_qed,2.351,1.351,4.1,0.07989,0.03397,4,8,crop_radius_minus_1.5,"atom_shuffle,coordinate_jitter",887,4,4
colab47_crop_subsample_subsample_n4,diffsbdd,mean_qed,0.946,0.151,3.443,0.02662,0.02815,4,8,crop_radius_minus_1.5,"atom_shuffle,coordinate_jitter",888,4,4
colab47_crop_subsample_subsample_n4,diffsbdd,mean_qed,1.416,0.682,5.226,0.06297,0.04446,4,8,crop_radius_minus_1.5,"atom_shuffle,coordinate_jitter",889,4,4
colab47_crop_subsample_subsample_n4,diffsbdd,mean_qed,1.387,0.959,3.827,0.0831,0.05991,3,6,crop_radius_minus_1.5,"atom_shuffle,coordinate_jitter",890,4,3
colab47_crop_subsample_subsample_n4,diffsbdd,mean_qed,2.296,0.927,13.806,0.08015,0.03492,4,8,crop_radius_minus_1.5,"atom_shuffle,coordinate_jitter",891,4,4
colab47_crop_subsample_subsample_n4,diffsbdd,mean_qed,1.151,0.167,4.459,0.03596,0.03123,4,8,crop_radius_minus_1.5,"atom_shuffle,coordinate_jitter",892,4,4
colab47_crop_subsample_subsample_n4,diffsbdd,mean_qed,2.426,1.703,3.013,0.07189,0.02964,4,8,crop_radius_minus_1.5,"atom_shuffle,coordinate_jitter",893,4,4
colab47_crop_subsample_subsample_n4,diffsbdd,mean_qed,1.323,0.713,2.625,0.05545,0.04193,4,8,crop_radius_minus_1.5,"atom_shuffle,coordinate_jitter",894,4,4
colab47_crop_subsample_subsample_n4,diffsbdd,mean_qed,1.753,0.249,3.417,0.06086,0.03472,4,8,crop_radius_minus_1.5,"atom_shuffle,coordinate_jitter",895,4,4
colab47_crop_subsample_subsample_n4,diffsbdd,mean_qed,6.512,1.592,15.132,0.09439,0.01449,4,8,crop_radius_minus_1.5,"atom_shuffle,coordinate_jitter",896,4,4
colab47_crop_subsample_subsample_n4,diffsbdd,mean_qed,1.911,0.971,6.401,0.06723,0.03519,4,8,crop_radius_minus_1.5,"atom_shuffle,coordinate_jitter",897,4,4
colab47_crop_subsample_subsample_n4,diffsbdd,mean_qed,2.555,1.055,5.08,0.0562,0.022,3,6,crop_radius_minus_1.5,"atom_shuffle,coordinate_jitter",898,4,3
colab47_crop_subsample_subsample_n4,diffsbdd,mean_qed,1.474,0.43,5.384,0.05621,0.03814,4,8,crop_radius_minus_1.5,"atom_shuffle,coordinate_jitter",899,4,4
colab47_crop_subsample_subsample_n4,diffsbdd,mean_qed,1.9,0.48,5.434,0.04376,0.02304,4,8,crop_radius_minus_1.5,"atom_shuffle,coordinate_jitter",900,4,4
colab47_crop_subsample_subsample_n4,diffsbdd,mean_qed,2.073,1.276,3.945,0.05967,0.02878,3,6,crop_radius_minus_1.5,"atom_shuffle,coordinate_jitter",901,4,3
colab47_crop_subsample_subsample_n4,diffsbdd,mean_qed,3.01,1.821,6.405,0.0745,0.02475,4,8,crop_radius_minus_1.5,"atom_shuffle,coordinate_jitter",902,4,4
colab47_crop_subsample_subsample_n4,diffsbdd,mean_qed,1.184,0.333,2.951,0.02992,0.02526,4,8,crop_radius_minus_1.5,"atom_shuffle,coordinate_jitter",903,4,4
colab47_crop_subsample_subsample_n4,diffsbdd,mean_qed,0.99,0.68,4.496,0.04378,0.0442,4,8,crop_radius_minus_1.5,"atom_shuffle,coordinate_jitter",904,4,4
colab47_crop_subsample_subsample_n4,diffsbdd,mean_qed,2.442,1.42,3.503,0.06112,0.02503,4,8,crop_radius_minus_1.5,"atom_shuffle,coordinate_jitter",905,4,4
colab47_crop_subsample_subsample_n4,diffsbdd,mean_qed,0.731,0.166,1.122,0.03291,0.04503,3,6,crop_radius_minus_1.5,"atom_shuffle,coordinate_jitter",906,4,3
colab47_crop_subsample_subsample_n4,diffsbdd,mean_qed,1.523,0.444,4.298,0.03221,0.02115,4,8,crop_radius_minus_1.5,"atom_shuffle,coordinate_jitter",907,4,4
colab47_crop_subsample_subsample_n4,diffsbdd,mean_qed,1.828,0.364,2.712,0.05548,0.03035,4,8,crop_radius_minus_1.5,"atom_shuffle,coordinate_jitter",908,4,4
colab47_crop_subsample_subsample_n4,diffsbdd,mean_qed,1.807,1.128,5.759,0.06118,0.03387,4,8,crop_radius_minus_1.5,"atom_shuffle,coordinate_jitter",909,4,4
colab47_crop_subsample_subsample_n4,diffsbdd,mean_qed,2.276,0.408,3.523,0.06086,0.02674,4,8,crop_radius_minus_1.5,"atom_shuffle,coordinate_jitter",910,4,4
colab47_crop_subsample_subsample_n4,diffsbdd,mean_qed,2.217,0.539,4.045,0.07431,0.03352,4,8,crop_radius_minus_1.5,"atom_shuffle,coordinate_jitter",911,4,4
colab47_crop_subsample_subsample_n4,diffsbdd,mean_qed,2.028,0.08,5.594,0.06307,0.03109,4,8,crop_radius_minus_1.5,"atom_shuffle,coordinate_jitter",912,4,4
colab47_crop_subsample_subsample_n4,diffsbdd,mean_qed,1.415,0.166,6.325,0.04149,0.02933,4,8,crop_radius_minus_1.5,"atom_shuffle,coordinate_jitter",913,4,4
colab47_crop_subsample_subsample_n4,diffsbdd,mean_qed,1.837,0.291,4.181,0.0517,0.02815,4,8,crop_radius_minus_1.5,"atom_shuffle,coordinate_jitter",914,4,4
colab47_crop_subsample_subsample_n4,diffsbdd,mean_qed,1.616,0.894,3.801,0.07076,0.04378,4,8,crop_radius_minus_1.5,"atom_shuffle,coordinate_jitter",915,4,4
colab47_crop_subsample_subsample_n4,diffsbdd,mean_qed,8.654,1.957,19.568,0.11804,0.01364,3,6,crop_radius_minus_1.5,"atom_shuffle,coordinate_jitter",916,4,3
colab47_crop_subsample_subsample_n4,diffsbdd,mean_qed,2.424,0.771,7.693,0.08723,0.03598,4,8,crop_radius_minus_1.5,"atom_shuffle,coordinate_jitter",917,4,4
colab47_crop_subsample_subsample_n4,diffsbdd,mean_qed,1.366,0.681,3.299,0.05548,0.04062,4,8,crop_radius_minus_1.5,"atom_shuffle,coordinate_jitter",918,4,4
colab47_crop_subsample_subsample_n4,diffsbdd,mean_qed,1.977,1.005,5.071,0.06654,0.03366,4,8,crop_radius_minus_1.5,"atom_shuffle,coordinate_jitter",919,4,4
colab47_crop_subsample_subsample_n4,diffsbdd,mean_qed,1.797,0.701,9.319,0.06029,0.03355,4,8,crop_radius_minus_1.5,"atom_shuffle,coordinate_jitter",920,4,4
colab47_crop_subsample_subsample_n4,diffsbdd,mean_qed,1.684,0.172,4.847,0.05227,0.03104,4,8,crop_radius_minus_1.5,"atom_shuffle,coordinate_jitter",921,4,4
colab47_crop_subsample_subsample_n4,diffsbdd,mean_qed,1.457,0.563,8.417,0.04211,0.0289,3,6,crop_radius_minus_1.5,"atom_shuffle,coordinate_jitter",922,4,3
colab47_crop_subsample_subsample_n4,diffsbdd,mean_qed,2.814,0.597,12.816,0.05491,0.01952,4,8,crop_radius_minus_1.5,"atom_shuffle,coordinate_jitter",923,4,4
colab47_crop_subsample_subsample_n4,diffsbdd,mean_qed,1.365,0.281,2.566,0.05382,0.03941,4,8,crop_radius_minus_1.5,"atom_shuffle,coordinate_jitter",924,4,4
colab47_crop_subsample_subsample_n4,diffsbdd,mean_qed,2.063,1.033,7.179,0.07701,0.03732,4,8,crop_radius_minus_1.5,"atom_shuffle,coordinate_jitter",925,4,4
colab47_crop_subsample_subsample_n4,diffsbdd,mean_qed,1.379,0.44,7.046,0.02315,0.01678,3,6,crop_radius_minus_1.5,"atom_shuffle,coordinate_jitter",926,4,3
colab47_crop_subsample_subsample_n4,diffsbdd,mean_qed,1.576,0.18,2.813,0.05877,0.0373,4,8,crop_radius_minus_1.5,"atom_shuffle,coordinate_jitter",927,4,4
colab47_crop_subsample_subsample_n4,diffsbdd,mean_qed,0.873,0.114,5.137,0.04575,0.05241,4,8,crop_radius_minus_1.5,"atom_shuffle,coordinate_jitter",928,4,4
colab47_crop_subsample_subsample_n4,diffsbdd,mean_qed,2.623,0.982,8.876,0.07409,0.02825,4,8,crop_radius_minus_1.5,"atom_shuffle,coordinate_jitter",929,4,4
colab47_crop_subsample_subsample_n4,diffsbdd,mean_qed,1.009,0.508,2.527,0.03166,0.03138,4,8,crop_radius_minus_1.5,"atom_shuffle,coordinate_jitter",930,4,4
colab47_crop_subsample_subsample_n4,diffsbdd,mean_qed,1.318,0.276,2.892,0.02484,0.01885,4,8,crop_radius_minus_1.5,"atom_shuffle,coordinate_jitter",931,4,4
colab47_crop_subsample_subsample_n4,diffsbdd,mean_qed,1.153,0.514,2.726,0.05817,0.05046,4,8,crop_radius_minus_1.5,"atom_shuffle,coordinate_jitter",932,4,4
colab47_crop_subsample_subsample_n4,diffsbdd,mean_qed,1.492,0.184,6.31,0.04235,0.02838,4,8,crop_radius_minus_1.5,"atom_shuffle,coordinate_jitter",933,4,4
colab47_crop_subsample_subsample_n4,diffsbdd,mean_qed,2.853,0.233,4.651,0.06563,0.02301,4,8,crop_radius_minus_1.5,"atom_shuffle,coordinate_jitter",934,4,4
colab47_crop_subsample_subsample_n4,diffsbdd,mean_qed,2.6,0.144,5.494,0.06438,0.02476,3,6,crop_radius_minus_1.5,"atom_shuffle,coordinate_jitter",935,4,3
colab47_crop_subsample_subsample_n4,diffsbdd,mean_qed,2.271,1.163,4.959,0.07479,0.03293,3,6,crop_radius_minus_1.5,"atom_shuffle,coordinate_jitter",936,4,3
colab47_crop_subsample_subsample_n4,diffsbdd,mean_qed,1.915,0.42,3.579,0.04498,0.02349,4,8,crop_radius_minus_1.5,"atom_shuffle,coordinate_jitter",937,4,4
colab47_crop_subsample_subsample_n4,diffsbdd,mean_qed,2.341,0.187,6.107,0.06563,0.02803,4,8,crop_radius_minus_1.5,"atom_shuffle,coordinate_jitter",938,4,4
colab47_crop_subsample_subsample_n4,diffsbdd,mean_qed,2.039,1.195,3.729,0.07188,0.03525,4,8,crop_radius_minus_1.5,"atom_shuffle,coordinate_jitter",939,4,4
colab47_crop_subsample_subsample_n4,diffsbdd,mean_qed,1.15,0.076,2.801,0.03495,0.03038,4,8,crop_radius_minus_1.5,"atom_shuffle,coordinate_jitter",940,4,4
colab47_crop_subsample_subsample_n4,diffsbdd,mean_qed,1.378,0.158,3.966,0.07048,0.05113,4,8,crop_radius_minus_1.5,"atom_shuffle,coordinate_jitter",941,4,4
colab47_crop_subsample_subsample_n4,diffsbdd,mean_qed,1.089,0.596,2.783,0.05689,0.05225,4,8,crop_radius_minus_1.5,"atom_shuffle,coordinate_jitter",942,4,4
colab47_crop_subsample_subsample_n4,diffsbdd,mean_qed,1.515,0.311,3.944,0.04128,0.02724,3,6,crop_radius_minus_1.5,"atom_shuffle,coordinate_jitter",943,4,3
colab47_crop_subsample_subsample_n4,diffsbdd,mean_qed,4.8,1.487,11.912,0.11297,0.02353,4,8,crop_radius_minus_1.5,"atom_shuffle,coordinate_jitter",944,4,4
colab47_crop_subsample_subsample_n4,diffsbdd,mean_qed,1.827,0.13,9.732,0.04828,0.02642,4,8,crop_radius_minus_1.5,"atom_shuffle,coordinate_jitter",945,4,4
colab47_crop_subsample_subsample_n4,diffsbdd,mean_qed,1.394,0.747,7.168,0.05664,0.04062,4,8,crop_radius_minus_1.5,"atom_shuffle,coordinate_jitter",946,4,4
colab47_crop_subsample_subsample_n4,diffsbdd,mean_qed,1.433,0.751,2.603,0.07409,0.05169,4,8,crop_radius_minus_1.5,"atom_shuffle,coordinate_jitter",947,4,4
colab47_crop_subsample_subsample_n4,diffsbdd,mean_qed,1.142,0.307,1.447,0.04057,0.03551,4,8,crop_radius_minus_1.5,"atom_shuffle,coordinate_jitter",948,4,4
colab47_crop_subsample_subsample_n4,diffsbdd,mean_qed,0.89,0.293,2.936,0.02968,0.03335,4,8,crop_radius_minus_1.5,"atom_shuffle,coordinate_jitter",949,4,4
colab47_crop_subsample_subsample_n4,diffsbdd,mean_qed,0.879,0.257,1.338,0.03639,0.04139,4,8,crop_radius_minus_1.5,"atom_shuffle,coordinate_jitter",950,4,4
colab47_crop_subsample_subsample_n4,diffsbdd,mean_qed,1.982,0.203,3.818,0.05223,0.02635,4,8,crop_radius_minus_1.5,"atom_shuffle,coordinate_jitter",951,4,4
colab47_crop_subsample_subsample_n4,diffsbdd,mean_qed,1.545,0.811,2.185,0.05804,0.03758,4,8,crop_radius_minus_1.5,"atom_shuffle,coordinate_jitter",952,4,4
colab47_crop_subsample_subsample_n4,diffsbdd,mean_qed,0.931,0.187,6.355,0.02662,0.0286,4,8,crop_radius_minus_1.5,"atom_shuffle,coordinate_jitter",953,4,4
colab47_crop_subsample_subsample_n4,diffsbdd,mean_qed,1.741,0.655,7.601,0.03968,0.02279,4,8,crop_radius_minus_1.5,"atom_shuffle,coordinate_jitter",954,4,4
colab47_crop_subsample_subsample_n4,diffsbdd,mean_qed,2.554,0.957,4.588,0.07189,0.02815,4,8,crop_radius_minus_1.5,"atom_shuffle,coordinate_jitter",955,4,4
colab47_crop_subsample_subsample_n4,diffsbdd,mean_qed,1.438,0.505,3.453,0.06152,0.0428,4,8,crop_radius_minus_1.5,"atom_shuffle,coordinate_jitter",956,4,4
colab47_crop_subsample_subsample_n4,diffsbdd,mean_qed,1.057,0.104,3.735,0.03082,0.02915,4,8,crop_radius_minus_1.5,"atom_shuffle,coordinate_jitter",957,4,4
colab47_crop_subsample_subsample_n4,diffsbdd,mean_qed,3.516,1.266,7.597,0.09857,0.02803,4,8,crop_radius_minus_1.5,"atom_shuffle,coordinate_jitter",958,4,4
colab47_crop_subsample_subsample_n4,diffsbdd,mean_qed,1.701,0.106,3.592,0.06056,0.03561,4,8,crop_radius_minus_1.5,"atom_shuffle,coordinate_jitter",959,4,4
colab47_crop_subsample_subsample_n4,diffsbdd,mean_qed,0.603,0.171,2.033,0.01945,0.03224,4,8,crop_radius_minus_1.5,"atom_shuffle,coordinate_jitter",960,4,4
colab47_crop_subsample_subsample_n4,diffsbdd,mean_qed,1.381,0.161,2.874,0.03978,0.0288,4,8,crop_radius_minus_1.5,"atom_shuffle,coordinate_jitter",961,4,4
colab47_crop_subsample_subsample_n4,diffsbdd,mean_qed,0.862,0.259,4.145,0.01578,0.0183,4,8,crop_radius_minus_1.5,"atom_shuffle,coordinate_jitter",962,4,4
colab47_crop_subsample_subsample_n4,diffsbdd,mean_qed,6.492,0.306,14.525,0.11109,0.01711,4,8,crop_radius_minus_1.5,"atom_shuffle,coordinate_jitter",963,4,4
colab47_crop_subsample_subsample_n4,diffsbdd,mean_qed,1.957,0.192,4.401,0.04477,0.02288,4,8,crop_radius_minus_1.5,"atom_shuffle,coordinate_jitter",964,4,4
colab47_crop_subsample_subsample_n4,diffsbdd,mean_qed,2.802,1.035,3.591,0.06454,0.02304,4,8,crop_radius_minus_1.5,"atom_shuffle,coordinate_jitter",965,4,4
colab47_crop_subsample_subsample_n4,diffsbdd,mean_qed,1.84,0.317,5.131,0.04885,0.02654,4,8,crop_radius_minus_1.5,"atom_shuffle,coordinate_jitter",966,4,4
colab47_crop_subsample_subsample_n4,diffsbdd,mean_qed,1.369,0.29,3.569,0.02484,0.01815,4,8,crop_radius_minus_1.5,"atom_shuffle,coordinate_jitter",967,4,4
colab47_crop_subsample_subsample_n4,diffsbdd,mean_qed,2.071,0.965,5.46,0.07061,0.0341,4,8,crop_radius_minus_1.5,"atom_shuffle,coordinate_jitter",968,4,4
colab47_crop_subsample_subsample_n4,diffsbdd,mean_qed,2.241,0.129,2.786,0.06529,0.02913,4,8,crop_radius_minus_1.5,"atom_shuffle,coordinate_jitter",969,4,4
colab47_crop_subsample_subsample_n4,diffsbdd,mean_qed,1.201,0.334,2.707,0.0417,0.03472,4,8,crop_radius_minus_1.5,"atom_shuffle,coordinate_jitter",970,4,4
colab47_crop_subsample_subsample_n4,diffsbdd,mean_qed,1.267,0.357,3.87,0.03166,0.02499,4,8,crop_radius_minus_1.5,"atom_shuffle,coordinate_jitter",971,4,4
colab47_crop_subsample_subsample_n4,diffsbdd,mean_qed,1.892,1.105,14.868,0.06815,0.03602,4,8,crop_radius_minus_1.5,"atom_shuffle,coordinate_jitter",972,4,4
colab47_crop_subsample_subsample_n4,diffsbdd,mean_qed,2.422,1.374,4.692,0.07189,0.02968,4,8,crop_radius_minus_1.5,"atom_shuffle,coordinate_jitter",973,4,4
colab47_crop_subsample_subsample_n4,diffsbdd,mean_qed,1.848,0.152,3.07,0.05332,0.02885,4,8,crop_radius_minus_1.5,"atom_shuffle,coordinate_jitter",974,4,4
colab47_crop_subsample_subsample_n4,diffsbdd,mean_qed,1.298,0.238,2.738,0.04321,0.03329,4,8,crop_radius_minus_1.5,"atom_shuffle,coordinate_jitter",975,4,4
colab47_crop_subsample_subsample_n4,diffsbdd,mean_qed,1.893,0.091,2.472,0.05641,0.0298,3,6,crop_radius_minus_1.5,"atom_shuffle,coordinate_jitter",976,4,3
colab47_crop_subsample_subsample_n4,diffsbdd,mean_qed,1.585,0.144,3.544,0.04573,0.02885,4,8,crop_radius_minus_1.5,"atom_shuffle,coordinate_jitter",977,4,4
colab47_crop_subsample_subsample_n4,diffsbdd,mean_qed,5.381,0.471,23.718,0.06815,0.01267,4,8,crop_radius_minus_1.5,"atom_shuffle,coordinate_jitter",978,4,4
colab47_crop_subsample_subsample_n4,diffsbdd,mean_qed,0.458,0.116,4.487,0.01106,0.02413,3,6,crop_radius_minus_1.5,"atom_shuffle,coordinate_jitter",979,4,3
colab47_crop_subsample_subsample_n4,diffsbdd,mean_qed,1.252,0.183,5.246,0.0357,0.02851,4,8,crop_radius_minus_1.5,"atom_shuffle,coordinate_jitter",980,4,4
colab47_crop_subsample_subsample_n4,diffsbdd,mean_qed,2.279,0.741,11.995,0.06438,0.02825,3,6,crop_radius_minus_1.5,"atom_shuffle,coordinate_jitter",981,4,3
colab47_crop_subsample_subsample_n4,diffsbdd,mean_qed,4.476,0.599,16.443,0.07241,0.01618,4,8,crop_radius_minus_1.5,"atom_shuffle,coordinate_jitter",982,4,4
colab47_crop_subsample_subsample_n4,diffsbdd,mean_qed,2.038,0.673,8.776,0.07809,0.03831,3,6,crop_radius_minus_1.5,"atom_shuffle,coordinate_jitter",983,4,3
colab47_crop_subsample_subsample_n4,diffsbdd,mean_qed,7.427,1.667,15.545,0.06989,0.00941,4,8,crop_radius_minus_1.5,"atom_shuffle,coordinate_jitter",984,4,4
colab47_crop_subsample_subsample_n4,diffsbdd,mean_qed,6.303,2.137,16.661,0.13342,0.02117,4,8,crop_radius_minus_1.5,"atom_shuffle,coordinate_jitter",985,4,4
colab47_crop_subsample_subsample_n4,diffsbdd,mean_qed,1.617,0.889,5.294,0.05343,0.03305,4,8,crop_radius_minus_1.5,"atom_shuffle,coordinate_jitter",986,4,4
colab47_crop_subsample_subsample_n4,diffsbdd,mean_qed,4.177,1.913,14.319,0.06406,0.01534,4,8,crop_radius_minus_1.5,"atom_shuffle,coordinate_jitter",987,4,4
colab47_crop_subsample_subsample_n4,diffsbdd,mean_qed,0.953,0.142,2.19,0.03597,0.03773,4,8,crop_radius_minus_1.5,"atom_shuffle,coordinate_jitter",988,4,4
colab47_crop_subsample_subsample_n4,diffsbdd,mean_qed,1.9,0.871,2.879,0.05794,0.03049,4,8,crop_radius_minus_1.5,"atom_shuffle,coordinate_jitter",989,4,4
colab47_crop_subsample_subsample_n4,diffsbdd,mean_qed,3.143,1.27,9.333,0.07727,0.02459,4,8,crop_radius_minus_1.5,"atom_shuffle,coordinate_jitter",990,4,4
colab47_crop_subsample_subsample_n4,diffsbdd,mean_qed,5.507,0.3,13.247,0.09817,0.01782,4,8,crop_radius_minus_1.5,"atom_shuffle,coordinate_jitter",991,4,4
colab47_crop_subsample_subsample_n4,diffsbdd,mean_qed,3.453,0.333,10.972,0.08723,0.02526,4,8,crop_radius_minus_1.5,"atom_shuffle,coordinate_jitter",992,4,4
colab47_crop_subsample_subsample_n4,diffsbdd,mean_qed,1.666,0.249,6.041,0.05621,0.03374,4,8,crop_radius_minus_1.5,"atom_shuffle,coordinate_jitter",993,4,4
colab47_crop_subsample_subsample_n4,diffsbdd,mean_qed,0.484,0.14,1.615,0.01236,0.02555,4,8,crop_radius_minus_1.5,"atom_shuffle,coordinate_jitter",994,4,4
colab47_crop_subsample_subsample_n4,diffsbdd,mean_qed,1.154,0.474,2.118,0.04256,0.03687,4,8,crop_radius_minus_1.5,"atom_shuffle,coordinate_jitter",995,4,4
colab47_crop_subsample_subsample_n4,diffsbdd,mean_qed,2.392,1.214,3.685,0.0709,0.02964,3,6,crop_radius_minus_1.5,"atom_shuffle,coordinate_jitter",996,4,3
colab47_crop_subsample_subsample_n4,diffsbdd,mean_qed,1.313,0.332,2.73,0.02703,0.02059,4,8,crop_radius_minus_1.5,"atom_shuffle,coordinate_jitter",997,4,4
colab47_crop_subsample_subsample_n4,diffsbdd,mean_qed,1.65,0.965,3.44,0.06453,0.03912,4,8,crop_radius_minus_1.5,"atom_shuffle,coordinate_jitter",998,4,4
colab47_crop_subsample_subsample_n4,diffsbdd,mean_qed,1.685,0.177,4.488,0.04174,0.02476,4,8,crop_radius_minus_1.5,"atom_shuffle,coordinate_jitter",999,4,4
colab47_crop_subsample_subsample_n4,diffsbdd,mean_qed,2.057,0.781,2.666,0.06097,0.02964,4,8,crop_radius_minus_1.5,"atom_shuffle,coordinate_jitter",1000,4,4
colab47_crop_subsample_subsample_n4,diffsbdd,mean_qed,2.119,0.179,7.679,0.04875,0.02301,4,8,crop_radius_minus_1.5,"atom_shuffle,coordinate_jitter",1001,4,4
colab47_crop_subsample_subsample_n4,diffsbdd,mean_qed,1.785,0.13,4.865,0.05296,0.02967,4,8,crop_radius_minus_1.5,"atom_shuffle,coordinate_jitter",1002,4,4
colab47_crop_subsample_subsample_n4,diffsbdd,mean_qed,4.24,1.292,7.957,0.06145,0.01449,4,8,crop_radius_minus_1.5,"atom_shuffle,coordinate_jitter",1003,4,4
colab47_crop_subsample_subsample_n4,diffsbdd,mean_qed,2.412,1.42,17.226,0.07942,0.03293,4,8,crop_radius_minus_1.5,"atom_shuffle,coordinate_jitter",1004,4,4
colab47_crop_subsample_subsample_n4,diffsbdd,mean_qed,3.002,1.776,5.758,0.09807,0.03267,4,8,crop_radius_minus_1.5,"atom_shuffle,coordinate_jitter",1005,4,4
colab47_crop_subsample_subsample_n4,diffsbdd,mean_qed,1.664,0.568,3.76,0.04224,0.02538,4,8,crop_radius_minus_1.5,"atom_shuffle,coordinate_jitter",1006,4,4
colab47_crop_subsample_subsample_n4,diffsbdd,mean_qed,2.563,1.103,12.959,0.07214,0.02815,4,8,crop_radius_minus_1.5,"atom_shuffle,coordinate_jitter",1007,4,4
colab47_crop_subsample_subsample_n4,diffsbdd,mean_qed,1.373,0.171,2.685,0.04211,0.03067,3,6,crop_radius_minus_1.5,"atom_shuffle,coordinate_jitter",1008,4,3
colab47_crop_subsample_subsample_n4,diffsbdd,mean_qed,3.155,1.084,11.223,0.08598,0.02725,4,8,crop_radius_minus_1.5,"atom_shuffle,coordinate_jitter",1009,4,4
colab47_crop_subsample_subsample_n4,diffsbdd,mean_qed,2.432,1.249,5.131,0.07596,0.03123,4,8,crop_radius_minus_1.5,"atom_shuffle,coordinate_jitter",1010,4,4
colab47_crop_subsample_subsample_n4,diffsbdd,mean_qed,6.319,2.479,20.461,0.08454,0.01338,4,8,crop_radius_minus_1.5,"atom_shuffle,coordinate_jitter",1011,4,4
colab47_crop_subsample_subsample_n4,diffsbdd,mean_qed,2.81,0.229,6.894,0.06417,0.02284,4,8,crop_radius_minus_1.5,"atom_shuffle,coordinate_jitter",1012,4,4
colab47_crop_subsample_subsample_n4,diffsbdd,mean_qed,1.189,0.415,4.134,0.02992,0.02517,4,8,crop_radius_minus_1.5,"atom_shuffle,coordinate_jitter",1013,4,4
colab47_crop_subsample_subsample_n4,diffsbdd,mean_qed,1.218,0.153,4.12,0.02802,0.02301,4,8,crop_radius_minus_1.5,"atom_shuffle,coordinate_jitter",1014,4,4
colab47_crop_subsample_subsample_n4,diffsbdd,mean_qed,1.614,0.275,4.64,0.05315,0.03293,4,8,crop_radius_minus_1.5,"atom_shuffle,coordinate_jitter",1015,4,4
colab47_crop_subsample_subsample_n4,diffsbdd,mean_qed,1.977,0.106,4.069,0.07575,0.03831,4,8,crop_radius_minus_1.5,"atom_shuffle,coordinate_jitter",1016,4,4
colab47_crop_subsample_subsample_n4,diffsbdd,mean_qed,1.473,0.787,7.12,0.0649,0.04405,4,8,crop_radius_minus_1.5,"atom_shuffle,coordinate_jitter",1017,4,4
colab47_crop_subsample_subsample_n4,diffsbdd,mean_qed,2.439,0.401,7.393,0.03945,0.01618,4,8,crop_radius_minus_1.5,"atom_shuffle,coordinate_jitter",1018,4,4
colab47_crop_subsample_subsample_n4,diffsbdd,mean_qed,1.495,0.747,3.323,0.06297,0.04213,4,8,crop_radius_minus_1.5,"atom_shuffle,coordinate_jitter",1019,4,4
colab47_crop_subsample_subsample_n4,diffsbdd,mean_qed,2.114,1.168,3.903,0.06536,0.03092,4,8,crop_radius_minus_1.5,"atom_shuffle,coordinate_jitter",1020,4,4
colab47_crop_subsample_subsample_n4,diffsbdd,mean_qed,2.173,0.776,7.743,0.05165,0.02377,4,8,crop_radius_minus_1.5,"atom_shuffle,coordinate_jitter",1021,4,4
colab47_crop_subsample_subsample_n4,diffsbdd,mean_qed,1.406,0.145,3.612,0.05171,0.03677,4,8,crop_radius_minus_1.5,"atom_shuffle,coordinate_jitter",1022,4,4
colab47_crop_subsample_subsample_n4,diffsbdd,mean_qed,1.652,0.843,8.747,0.06464,0.03912,4,8,crop_radius_minus_1.5,"atom_shuffle,coordinate_jitter",1023,4,4
colab47_crop_subsample_subsample_n4,diffsbdd,mean_qed,1.073,0.266,7.095,0.03376,0.03146,3,6,crop_radius_minus_1.5,"atom_shuffle,coordinate_jitter",1024,4,3
colab47_crop_subsample_subsample_n4,diffsbdd,mean_qed,2.836,0.354,11.916,0.0649,0.02288,4,8,crop_radius_minus_1.5,"atom_shuffle,coordinate_jitter",1025,4,4
colab47_crop_subsample_subsample_n4,diffsbdd,mean_qed,1.625,0.875,3.232,0.05695,0.03504,4,8,crop_radius_minus_1.5,"atom_shuffle,coordinate_jitter",1026,4,4
colab47_crop_subsample_subsample_n4,diffsbdd,mean_qed,1.2,0.194,2.865,0.04999,0.04167,4,8,crop_radius_minus_1.5,"atom_shuffle,coordinate_jitter",1027,4,4
colab47_crop_subsample_subsample_n4,diffsbdd,mean_qed,1.857,0.065,2.511,0.05641,0.03037,3,6,crop_radius_minus_1.5,"atom_shuffle,coordinate_jitter",1028,4,3
colab47_crop_subsample_subsample_n4,diffsbdd,mean_qed,1.424,0.682,2.174,0.06552,0.046,3,6,crop_radius_minus_1.5,"atom_shuffle,coordinate_jitter",1029,4,3
colab47_crop_subsample_subsample_n4,diffsbdd,mean_qed,2.162,0.823,11.315,0.04581,0.02119,4,8,crop_radius_minus_1.5,"atom_shuffle,coordinate_jitter",1030,4,4
colab47_crop_subsample_subsample_n4,diffsbdd,mean_qed,2.772,1.055,6.439,0.07798,0.02813,4,8,crop_radius_minus_1.5,"atom_shuffle,coordinate_jitter",1031,4,4
colab47_crop_subsample_subsample_n4,diffsbdd,mean_qed,2.807,0.681,13.559,0.06784,0.02417,3,6,crop_radius_minus_1.5,"atom_shuffle,coordinate_jitter",1032,4,3
colab47_crop_subsample_subsample_n4,diffsbdd,mean_qed,2.214,0.216,4.82,0.05369,0.02425,4,8,crop_radius_minus_1.5,"atom_shuffle,coordinate_jitter",1033,4,4
colab47_crop_subsample_subsample_n4,diffsbdd,mean_qed,1.297,0.56,3.479,0.04101,0.03162,4,8,crop_radius_minus_1.5,"atom_shuffle,coordinate_jitter",1034,4,4
colab47_crop_subsample_subsample_n4,diffsbdd,mean_qed,8.481,2.279,19.729,0.08431,0.00994,4,8,crop_radius_minus_1.5,"atom_shuffle,coordinate_jitter",1035,4,4
colab47_crop_subsample_subsample_n4,diffsbdd,mean_qed,1.433,0.664,3.903,0.05958,0.04157,4,8,crop_radius_minus_1.5,"atom_shuffle,coordinate_jitter",1036,4,4
colab47_crop_subsample_subsample_n4,diffsbdd,mean_qed,1.554,0.857,12.427,0.07564,0.04868,4,8,crop_radius_minus_1.5,"atom_shuffle,coordinate_jitter",1037,4,4
colab47_crop_subsample_subsample_n4,diffsbdd,mean_qed,0.959,0.09,3.945,0.03291,0.03432,3,6,crop_radius_minus_1.5,"atom_shuffle,coordinate_jitter",1038,4,3
colab47_crop_subsample_subsample_n4,diffsbdd,mean_qed,1.993,0.382,3.671,0.05609,0.02815,4,8,crop_radius_minus_1.5,"atom_shuffle,coordinate_jitter",1039,4,4
colab47_crop_subsample_subsample_n4,diffsbdd,mean_qed,1.892,0.659,7.393,0.04563,0.02411,4,8,crop_radius_minus_1.5,"atom_shuffle,coordinate_jitter",1040,4,4
colab47_crop_subsample_subsample_n4,diffsbdd,mean_qed,1.018,0.18,3.427,0.02968,0.02914,4,8,crop_radius_minus_1.5,"atom_shuffle,coordinate_jitter",1041,4,4
colab47_crop_subsample_subsample_n4,diffsbdd,mean_qed,1.052,0.069,1.952,0.05749,0.05462,4,8,crop_radius_minus_1.5,"atom_shuffle,coordinate_jitter",1042,4,4
colab47_crop_subsample_subsample_n4,diffsbdd,mean_qed,2.569,0.229,7.18,0.05867,0.02284,4,8,crop_radius_minus_1.5,"atom_shuffle,coordinate_jitter",1043,4,4
colab47_crop_subsample_subsample_n4,diffsbdd,mean_qed,1.171,0.171,6.642,0.02833,0.0242,4,8,crop_radius_minus_1.5,"atom_shuffle,coordinate_jitter",1044,4,4
colab47_crop_subsample_subsample_n4,diffsbdd,mean_qed,2.615,0.161,7.477,0.07142,0.02731,4,8,crop_radius_minus_1.5,"atom_shuffle,coordinate_jitter",1045,4,4
colab47_crop_subsample_subsample_n4,diffsbdd,mean_qed,1.631,0.828,2.166,0.075,0.046,4,8,crop_radius_minus_1.5,"atom_shuffle,coordinate_jitter",1046,4,4
colab47_crop_subsample_subsample_n4,diffsbdd,mean_qed,1.995,0.235,3.419,0.05043,0.02528,4,8,crop_radius_minus_1.5,"atom_shuffle,coordinate_jitter",1047,4,4
colab47_crop_subsample_subsample_n4,diffsbdd,mean_qed,1.303,0.929,17.209,0.07374,0.05659,2,4,crop_radius_minus_1.5,"atom_shuffle,coordinate_jitter",1048,4,2
colab47_crop_subsample_subsample_n4,diffsbdd,mean_qed,1.454,0.155,3.454,0.07575,0.05209,4,8,crop_radius_minus_1.5,"atom_shuffle,coordinate_jitter",1049,4,4
colab47_crop_subsample_subsample_n4,diffsbdd,mean_qed,1.291,0.28,2.047,0.05089,0.03941,4,8,crop_radius_minus_1.5,"atom_shuffle,coordinate_jitter",1050,4,4
colab47_crop_subsample_subsample_n4,diffsbdd,mean_qed,0.754,0.104,4.764,0.02356,0.03123,4,8,crop_radius_minus_1.5,"atom_shuffle,coordinate_jitter",1051,4,4
colab47_crop_subsample_subsample_n4,diffsbdd,mean_qed,4.459,1.589,9.959,0.10205,0.02288,4,8,crop_radius_minus_1.5,"atom_shuffle,coordinate_jitter",1052,4,4
colab47_crop_subsample_subsample_n4,diffsbdd,mean_qed,2.212,0.562,3.017,0.07312,0.03306,4,8,crop_radius_minus_1.5,"atom_shuffle,coordinate_jitter",1053,4,4
colab47_crop_subsample_subsample_n4,diffsbdd,mean_qed,1.554,0.619,2.681,0.04672,0.03007,4,8,crop_radius_minus_1.5,"atom_shuffle,coordinate_jitter",1054,4,4
colab47_crop_subsample_subsample_n4,diffsbdd,mean_qed,1.506,0.685,5.968,0.03978,0.02642,4,8,crop_radius_minus_1.5,"atom_shuffle,coordinate_jitter",1055,4,4
colab47_crop_subsample_subsample_n4,diffsbdd,mean_qed,0.724,0.101,3.432,0.02511,0.03466,4,8,crop_radius_minus_1.5,"atom_shuffle,coordinate_jitter",1056,4,4
colab47_crop_subsample_subsample_n4,diffsbdd,mean_qed,4.447,0.608,17.498,0.07751,0.01743,4,8,crop_radius_minus_1.5,"atom_shuffle,coordinate_jitter",1057,4,4
colab47_crop_subsample_subsample_n4,diffsbdd,mean_qed,1.297,0.158,4.927,0.03005,0.02316,4,8,crop_radius_minus_1.5,"atom_shuffle,coordinate_jitter",1058,4,4
colab47_crop_subsample_subsample_n4,diffsbdd,mean_qed,1.639,0.303,4.924,0.04672,0.0285,4,8,crop_radius_minus_1.5,"atom_shuffle,coordinate_jitter",1059,4,4
colab47_crop_subsample_subsample_n4,diffsbdd,mean_qed,2.37,0.329,4.411,0.06055,0.02555,4,8,crop_radius_minus_1.5,"atom_shuffle,coordinate_jitter",1060,4,4
colab47_crop_subsample_subsample_n4,diffsbdd,mean_qed,1.141,0.155,5.512,0.03339,0.02927,4,8,crop_radius_minus_1.5,"atom_shuffle,coordinate_jitter",1061,4,4
colab47_crop_subsample_subsample_n4,diffsbdd,mean_qed,2.634,1.031,11.087,0.0656,0.02491,4,8,crop_radius_minus_1.5,"atom_shuffle,coordinate_jitter",1062,4,4
colab47_crop_subsample_subsample_n4,diffsbdd,mean_qed,5.879,1.129,13.063,0.10888,0.01852,2,4,crop_radius_minus_1.5,"atom_shuffle,coordinate_jitter",1063,4,2
colab47_crop_subsample_subsample_n4,diffsbdd,mean_qed,2.665,0.195,8.289,0.0601,0.02255,4,8,crop_radius_minus_1.5,"atom_shuffle,coordinate_jitter",1064,4,4
colab47_crop_subsample_subsample_n4,diffsbdd,mean_qed,1.472,0.213,3.64,0.03028,0.02057,4,8,crop_radius_minus_1.5,"atom_shuffle,coordinate_jitter",1065,4,4
colab47_crop_subsample_subsample_n4,diffsbdd,mean_qed,0.957,0.157,6.391,0.02679,0.02801,4,8,crop_radius_minus_1.5,"atom_shuffle,coordinate_jitter",1066,4,4
colab47_crop_subsample_subsample_n4,diffsbdd,mean_qed,2.284,0.651,8.593,0.06653,0.02913,4,8,crop_radius_minus_1.5,"atom_shuffle,coordinate_jitter",1067,4,4
colab47_crop_subsample_subsample_n4,diffsbdd,mean_qed,2.472,0.376,4.64,0.06959,0.02815,4,8,crop_radius_minus_1.5,"atom_shuffle,coordinate_jitter",1068,4,4
colab47_crop_subsample_subsample_n4,diffsbdd,mean_qed,5.084,1.328,15.545,0.07336,0.01443,4,8,crop_radius_minus_1.5,"atom_shuffle,coordinate_jitter",1069,4,4
colab47_crop_subsample_subsample_n4,diffsbdd,mean_qed,2.207,0.368,6.262,0.05942,0.02692,4,8,crop_radius_minus_1.5,"atom_shuffle,coordinate_jitter",1070,4,4
colab47_crop_subsample_subsample_n4,diffsbdd,mean_qed,2.248,0.811,4.078,0.06821,0.03035,4,8,crop_radius_minus_1.5,"atom_shuffle,coordinate_jitter",1071,4,4
colab47_crop_subsample_subsample_n4,diffsbdd,mean_qed,2.396,0.353,3.737,0.05695,0.02377,4,8,crop_radius_minus_1.5,"atom_shuffle,coordinate_jitter",1072,4,4
colab47_crop_subsample_subsample_n4,diffsbdd,mean_qed,2.046,0.448,3.376,0.05043,0.02465,4,8,crop_radius_minus_1.5,"atom_shuffle,coordinate_jitter",1073,4,4
colab47_crop_subsample_subsample_n4,diffsbdd,mean_qed,2.275,0.173,3.353,0.0684,0.03007,4,8,crop_radius_minus_1.5,"atom_shuffle,coordinate_jitter",1074,4,4
colab47_crop_subsample_subsample_n4,diffsbdd,mean_qed,1.934,1.28,5.098,0.0741,0.03831,4,8,crop_radius_minus_1.5,"atom_shuffle,coordinate_jitter",1075,4,4
colab47_crop_subsample_subsample_n4,diffsbdd,mean_qed,1.961,1.283,2.519,0.05958,0.03038,4,8,crop_radius_minus_1.5,"atom_shuffle,coordinate_jitter",1076,4,4
colab47_crop_subsample_subsample_n4,diffsbdd,mean_qed,2.118,0.393,10.763,0.05702,0.02692,4,8,crop_radius_minus_1.5,"atom_shuffle,coordinate_jitter",1077,4,4
colab47_crop_subsample_subsample_n4,diffsbdd,mean_qed,1.42,0.926,3.168,0.08059,0.05678,4,8,crop_radius_minus_1.5,"atom_shuffle,coordinate_jitter",1078,4,4
colab47_crop_subsample_subsample_n4,diffsbdd,mean_qed,2.016,1.041,3.413,0.06563,0.03256,4,8,crop_radius_minus_1.5,"atom_shuffle,coordinate_jitter",1079,4,4
colab47_crop_subsample_subsample_n4,diffsbdd,mean_qed,0.851,0.13,5.057,0.02802,0.03291,4,8,crop_radius_minus_1.5,"atom_shuffle,coordinate_jitter",1080,4,4
colab47_crop_subsample_subsample_n4,diffsbdd,mean_qed,1.486,0.326,4.232,0.05325,0.03583,4,8,crop_radius_minus_1.5,"atom_shuffle,coordinate_jitter",1081,4,4
colab47_crop_subsample_subsample_n4,diffsbdd,mean_qed,3.305,0.231,5.428,0.07644,0.02313,4,8,crop_radius_minus_1.5,"atom_shuffle,coordinate_jitter",1082,4,4
colab47_crop_subsample_subsample_n4,diffsbdd,mean_qed,2.558,1.586,7.032,0.07574,0.02961,4,8,crop_radius_minus_1.5,"atom_shuffle,coordinate_jitter",1083,4,4
colab47_crop_subsample_subsample_n4,diffsbdd,mean_qed,2.369,0.514,5.783,0.04885,0.02062,4,8,crop_radius_minus_1.5,"atom_shuffle,coordinate_jitter",1084,4,4
colab47_crop_subsample_subsample_n4,diffsbdd,mean_qed,4.681,0.31,10.878,0.11822,0.02525,4,8,crop_radius_minus_1.5,"atom_shuffle,coordinate_jitter",1085,4,4
colab47_crop_subsample_subsample_n4,diffsbdd,mean_qed,1.615,0.205,12.389,0.02033,0.01259,3,6,crop_radius_minus_1.5,"atom_shuffle,coordinate_jitter",1086,4,3
colab47_crop_subsample_subsample_n4,diffsbdd,mean_qed,0.179,0.08,2.238,0.00523,0.02915,3,6,crop_radius_minus_1.5,"atom_shuffle,coordinate_jitter",1087,4,3
colab47_crop_subsample_subsample_n4,diffsbdd,mean_qed,2.233,0.562,3.042,0.07383,0.03306,4,8,crop_radius_minus_1.5,"atom_shuffle,coordinate_jitter",1088,4,4
colab47_crop_subsample_subsample_n4,diffsbdd,mean_qed,2.226,1.239,3.362,0.06537,0.02937,4,8,crop_radius_minus_1.5,"atom_shuffle,coordinate_jitter",1089,4,4
colab47_crop_subsample_subsample_n4,diffsbdd,mean_qed,1.038,0.25,3.036,0.02174,0.02095,4,8,crop_radius_minus_1.5,"atom_shuffle,coordinate_jitter",1090,4,4
colab47_crop_subsample_subsample_n4,diffsbdd,mean_qed,1.297,0.158,8.179,0.0308,0.02374,4,8,crop_radius_minus_1.5,"atom_shuffle,coordinate_jitter",1091,4,4
colab47_crop_subsample_subsample_n4,diffsbdd,mean_qed,1.323,0.26,6.095,0.05621,0.04248,4,8,crop_radius_minus_1.5,"atom_shuffle,coordinate_jitter",1092,4,4
colab47_crop_subsample_subsample_n4,diffsbdd,mean_qed,2.021,0.268,2.996,0.07989,0.03952,4,8,crop_radius_minus_1.5,"atom_shuffle,coordinate_jitter",1093,4,4
colab47_crop_subsample_subsample_n4,diffsbdd,mean_qed,3.035,1.528,9.133,0.07751,0.02554,4,8,crop_radius_minus_1.5,"atom_shuffle,coordinate_jitter",1094,4,4
colab47_crop_subsample_subsample_n4,diffsbdd,mean_qed,1.941,0.179,4.317,0.05651,0.02911,4,8,crop_radius_minus_1.5,"atom_shuffle,coordinate_jitter",1095,4,4
colab47_crop_subsample_subsample_n4,diffsbdd,mean_qed,0.298,0.092,2.317,0.00672,0.02255,4,8,crop_radius_minus_1.5,"atom_shuffle,coordinate_jitter",1096,4,4
colab47_crop_subsample_subsample_n4,diffsbdd,mean_qed,2.744,1.001,4.593,0.08886,0.03238,4,8,crop_radius_minus_1.5,"atom_shuffle,coordinate_jitter",1097,4,4
colab47_crop_subsample_subsample_n4,diffsbdd,mean_qed,2.676,0.31,5.508,0.07249,0.02709,4,8,crop_radius_minus_1.5,"atom_shuffle,coordinate_jitter",1098,4,4
colab47_crop_subsample_subsample_n4,diffsbdd,mean_qed,2.098,0.766,6.851,0.09013,0.04296,4,8,crop_radius_minus_1.5,"atom_shuffle,coordinate_jitter",1099,4,4
colab47_crop_subsample_subsample_n4,diffsbdd,mean_qed,1.38,0.75,2.416,0.05804,0.04207,4,8,crop_radius_minus_1.5,"atom_shuffle,coordinate_jitter",1100,4,4
colab47_crop_subsample_subsample_n4,diffsbdd,mean_qed,1.024,0.12,2.947,0.03215,0.03139,4,8,crop_radius_minus_1.5,"atom_shuffle,coordinate_jitter",1101,4,4
colab47_crop_subsample_subsample_n4,diffsbdd,mean_qed,3.277,0.469,7.621,0.07402,0.02258,4,8,crop_radius_minus_1.5,"atom_shuffle,coordinate_jitter",1102,4,4
colab47_crop_subsample_subsample_n4,diffsbdd,mean_qed,2.195,0.244,11.782,0.06438,0.02933,3,6,crop_radius_minus_1.5,"atom_shuffle,coordinate_jitter",1103,4,3
colab47_crop_subsample_subsample_n4,diffsbdd,mean_qed,2.464,0.65,5.019,0.07701,0.03126,4,8,crop_radius_minus_1.5,"atom_shuffle,coordinate_jitter",1104,4,4
colab47_crop_subsample_subsample_n4,diffsbdd,mean_qed,1.43,0.088,2.558,0.05594,0.03912,4,8,crop_radius_minus_1.5,"atom_shuffle,coordinate_jitter",1105,4,4
colab47_crop_subsample_subsample_n4,diffsbdd,mean_qed,5.431,0.319,13.799,0.09294,0.01711,4,8,crop_radius_minus_1.5,"atom_shuffle,coordinate_jitter",1106,4,4
colab47_crop_subsample_subsample_n4,diffsbdd,mean_qed,0.885,0.131,3.801,0.02331,0.02635,4,8,crop_radius_minus_1.5,"atom_shuffle,coordinate_jitter",1107,4,4
colab47_crop_subsample_subsample_n4,diffsbdd,mean_qed,0.992,0.111,2.474,0.03374,0.03401,4,8,crop_radius_minus_1.5,"atom_shuffle,coordinate_jitter",1108,4,4
colab47_crop_subsample_subsample_n4,diffsbdd,mean_qed,0.837,0.11,3.438,0.02367,0.02828,4,8,crop_radius_minus_1.5,"atom_shuffle,coordinate_jitter",1109,4,4
colab47_crop_subsample_subsample_n4,diffsbdd,mean_qed,3.073,0.621,5.459,0.05456,0.01776,4,8,crop_radius_minus_1.5,"atom_shuffle,coordinate_jitter",1110,4,4
colab47_crop_subsample_subsample_n4,diffsbdd,mean_qed,0.968,0.473,2.423,0.03122,0.03224,4,8,crop_radius_minus_1.5,"atom_shuffle,coordinate_jitter",1111,4,4
colab47_crop_subsample_subsample_n4,diffsbdd,mean_qed,0.609,0.169,1.747,0.03122,0.05129,4,8,crop_radius_minus_1.5,"atom_shuffle,coordinate_jitter",1112,4,4
colab47_crop_subsample_subsample_n4,diffsbdd,mean_qed,1.136,0.716,2.192,0.04907,0.04318,4,8,crop_radius_minus_1.5,"atom_shuffle,coordinate_jitter",1113,4,4
colab47_crop_subsample_subsample_n4,diffsbdd,mean_qed,6.622,1.997,15.661,0.06611,0.00998,4,8,crop_radius_minus_1.5,"atom_shuffle,coordinate_jitter",1114,4,4
colab47_crop_subsample_subsample_n4,diffsbdd,mean_qed,2.258,0.4,3.32,0.06355,0.02815,4,8,crop_radius_minus_1.5,"atom_shuffle,coordinate_jitter",1115,4,4
colab47_crop_subsample_subsample_n4,diffsbdd,mean_qed,1.953,0.8,5.868,0.05497,0.02815,4,8,crop_radius_minus_1.5,"atom_shuffle,coordinate_jitter",1116,4,4
colab47_crop_subsample_subsample_n4,diffsbdd,mean_qed,2.054,0.353,6.141,0.06169,0.03003,4,8,crop_radius_minus_1.5,"atom_shuffle,coordinate_jitter",1117,4,4
colab47_crop_subsample_subsample_n4,diffsbdd,mean_qed,1.806,0.924,2.543,0.05641,0.03123,3,6,crop_radius_minus_1.5,"atom_shuffle,coordinate_jitter",1118,4,3
colab47_crop_subsample_subsample_n4,diffsbdd,mean_qed,1.657,0.153,2.593,0.04825,0.02911,3,6,crop_radius_minus_1.5,"atom_shuffle,coordinate_jitter",1119,4,3
colab47_crop_subsample_subsample_n4,diffsbdd,mean_qed,1.242,0.12,4.293,0.04174,0.03361,4,8,crop_radius_minus_1.5,"atom_shuffle,coordinate_jitter",1120,4,4
colab47_crop_subsample_subsample_n4,diffsbdd,mean_qed,3.877,0.288,6.653,0.07713,0.0199,3,6,crop_radius_minus_1.5,"atom_shuffle,coordinate_jitter",1121,4,3
colab47_crop_subsample_subsample_n4,diffsbdd,mean_qed,2.826,0.785,8.756,0.07313,0.02588,4,8,crop_radius_minus_1.5,"atom_shuffle,coordinate_jitter",1122,4,4
colab47_crop_subsample_subsample_n4,diffsbdd,mean_qed,1.537,0.584,2.16,0.05641,0.03669,3,6,crop_radius_minus_1.5,"atom_shuffle,coordinate_jitter",1123,4,3
colab47_crop_subsample_subsample_n4,diffsbdd,mean_qed,0.697,0.205,1.932,0.02504,0.03596,4,8,crop_radius_minus_1.5,"atom_shuffle,coordinate_jitter",1124,4,4
colab47_crop_subsample_subsample_n4,diffsbdd,mean_qed,2.206,1.102,4.989,0.08012,0.03631,4,8,crop_radius_minus_1.5,"atom_shuffle,coordinate_jitter",1125,4,4
colab47_crop_subsample_subsample_n4,diffsbdd,mean_qed,2.452,0.183,4.888,0.07042,0.02872,4,8,crop_radius_minus_1.5,"atom_shuffle,coordinate_jitter",1126,4,4
colab47_crop_subsample_subsample_n4,diffsbdd,mean_qed,2.462,1.048,7.369,0.07596,0.03085,4,8,crop_radius_minus_1.5,"atom_shuffle,coordinate_jitter",1127,4,4
colab47_crop_subsample_subsample_n4,diffsbdd,mean_qed,2.792,0.306,6.484,0.07655,0.02742,4,8,crop_radius_minus_1.5,"atom_shuffle,coordinate_jitter",1128,4,4
colab47_crop_subsample_subsample_n4,diffsbdd,mean_qed,0.968,0.377,2.877,0.03122,0.03224,4,8,crop_radius_minus_1.5,"atom_shuffle,coordinate_jitter",1129,4,4
colab47_crop_subsample_subsample_n4,diffsbdd,mean_qed,1.118,0.54,1.869,0.06106,0.05462,4,8,crop_radius_minus_1.5,"atom_shuffle,coordinate_jitter",1130,4,4
colab47_crop_subsample_subsample_n4,diffsbdd,mean_qed,1.594,0.203,3.803,0.03339,0.02095,4,8,crop_radius_minus_1.5,"atom_shuffle,coordinate_jitter",1131,4,4
colab47_crop_subsample_subsample_n4,diffsbdd,mean_qed,1.868,0.859,6.699,0.07124,0.03813,4,8,crop_radius_minus_1.5,"atom_shuffle,coordinate_jitter",1132,4,4
colab47_crop_subsample_subsample_n4,diffsbdd,mean_qed,2.848,0.34,6.68,0.07042,0.02472,4,8,crop_radius_minus_1.5,"atom_shuffle,coordinate_jitter",1133,4,4
colab47_crop_subsample_subsample_n4,diffsbdd,mean_qed,1.646,0.583,2.752,0.05306,0.03224,4,8,crop_radius_minus_1.5,"atom_shuffle,coordinate_jitter",1134,4,4
colab47_crop_subsample_subsample_n4,diffsbdd,mean_qed,2.422,1.301,4.515,0.0918,0.03789,4,8,crop_radius_minus_1.5,"atom_shuffle,coordinate_jitter",1135,4,4
colab47_crop_subsample_subsample_n4,diffsbdd,mean_qed,3.041,0.173,9.43,0.06989,0.02298,4,8,crop_radius_minus_1.5,"atom_shuffle,coordinate_jitter",1136,4,4
colab47_crop_subsample_subsample_n4,diffsbdd,mean_qed,1.378,1.054,5.796,0.08213,0.05959,4,8,crop_radius_minus_1.5,"atom_shuffle,coordinate_jitter",1137,4,4
colab47_crop_subsample_subsample_n4,diffsbdd,mean_qed,5.401,1.624,11.317,0.10003,0.01852,4,8,crop_radius_minus_1.5,"atom_shuffle,coordinate_jitter",1138,4,4
colab47_crop_subsample_subsample_n4,diffsbdd,mean_qed,0.84,0.38,2.451,0.03291,0.03917,3,6,crop_radius_minus_1.5,"atom_shuffle,coordinate_jitter",1139,4,3
colab47_crop_subsample_subsample_n4,diffsbdd,mean_qed,2.433,0.527,9.254,0.04613,0.01896,4,8,crop_radius_minus_1.5,"atom_shuffle,coordinate_jitter",1140,4,4
colab47_crop_subsample_subsample_n4,diffsbdd,mean_qed,1.042,0.153,2.698,0.03639,0.03492,4,8,crop_radius_minus_1.5,"atom_shuffle,coordinate_jitter",1141,4,4
colab47_crop_subsample_subsample_n4,diffsbdd,mean_qed,3.435,0.083,5.571,0.07338,0.02136,3,6,crop_radius_minus_1.5,"atom_shuffle,coordinate_jitter",1142,4,3
colab47_crop_subsample_subsample_n4,diffsbdd,mean_qed,0.904,0.079,2.568,0.04211,0.04657,3,6,crop_radius_minus_1.5,"atom_shuffle,coordinate_jitter",1143,4,3
colab47_crop_subsample_subsample_n4,diffsbdd,mean_qed,2.308,0.186,3.719,0.06628,0.02872,4,8,crop_radius_minus_1.5,"atom_shuffle,coordinate_jitter",1144,4,4
colab47_crop_subsample_subsample_n4,diffsbdd,mean_qed,1.291,0.818,2.946,0.05325,0.04125,4,8,crop_radius_minus_1.5,"atom_shuffle,coordinate_jitter",1145,4,4
colab47_crop_subsample_subsample_n4,diffsbdd,mean_qed,1.141,0.721,2.835,0.05641,0.04945,3,6,crop_radius_minus_1.5,"atom_shuffle,coordinate_jitter",1146,4,3
colab47_crop_subsample_subsample_n4,diffsbdd,mean_qed,1.426,0.325,4.332,0.04598,0.03224,4,8,crop_radius_minus_1.5,"atom_shuffle,coordinate_jitter",1147,4,4
colab47_crop_subsample_subsample_n4,diffsbdd,mean_qed,0.584,0.124,2.972,0.02526,0.04324,4,8,crop_radius_minus_1.5,"atom_shuffle,coordinate_jitter",1148,4,4
colab47_crop_subsample_subsample_n4,diffsbdd,mean_qed,1.011,0.145,1.818,0.03639,0.03598,4,8,crop_radius_minus_1.5,"atom_shuffle,coordinate_jitter",1149,4,4
colab47_crop_subsample_subsample_n4,diffsbdd,mean_qed,4.701,1.212,9.58,0.0658,0.014,4,8,crop_radius_minus_1.5,"atom_shuffle,coordinate_jitter",1150,4,4
colab47_crop_subsample_subsample_n4,diffsbdd,mean_qed,3.373,0.716,12.285,0.09572,0.02838,4,8,crop_radius_minus_1.5,"atom_shuffle,coordinate_jitter",1151,4,4
colab47_crop_subsample_subsample_n4,diffsbdd,mean_qed,1.536,0.902,2.812,0.05877,0.03826,4,8,crop_radius_minus_1.5,"atom_shuffle,coordinate_jitter",1152,4,4
colab47_crop_subsample_subsample_n4,diffsbdd,mean_qed,0.77,0.222,2.205,0.03034,0.03941,4,8,crop_radius_minus_1.5,"atom_shuffle,coordinate_jitter",1153,4,4
colab47_crop_subsample_subsample_n4,diffsbdd,mean_qed,2.046,1.076,6.262,0.06213,0.03037,4,8,crop_radius_minus_1.5,"atom_shuffle,coordinate_jitter",1154,4,4
colab47_crop_subsample_subsample_n4,diffsbdd,mean_qed,5.449,0.319,15.543,0.07333,0.01346,4,8,crop_radius_minus_1.5,"atom_shuffle,coordinate_jitter",1155,4,4
colab47_crop_subsample_subsample_n4,diffsbdd,mean_qed,1.786,0.876,12.074,0.03308,0.01852,4,8,crop_radius_minus_1.5,"atom_shuffle,coordinate_jitter",1156,4,4
colab47_crop_subsample_subsample_n4,diffsbdd,mean_qed,2.106,0.518,5.245,0.04498,0.02136,4,8,crop_radius_minus_1.5,"atom_shuffle,coordinate_jitter",1157,4,4
colab47_crop_subsample_subsample_n4,diffsbdd,mean_qed,1.712,0.589,3.07,0.05332,0.03114,4,8,crop_radius_minus_1.5,"atom_shuffle,coordinate_jitter",1158,4,4
colab47_crop_subsample_subsample_n4,diffsbdd,mean_qed,2.389,0.295,9.977,0.04336,0.01815,4,8,crop_radius_minus_1.5,"atom_shuffle,coordinate_jitter",1159,4,4
colab47_crop_subsample_subsample_n4,diffsbdd,mean_qed,5.826,1.082,15.594,0.11822,0.02029,4,8,crop_radius_minus_1.5,"atom_shuffle,coordinate_jitter",1160,4,4
colab47_crop_subsample_subsample_n4,diffsbdd,mean_qed,6.465,1.896,14.415,0.0904,0.01398,4,8,crop_radius_minus_1.5,"atom_shuffle,coordinate_jitter",1161,4,4
colab47_crop_subsample_subsample_n4,diffsbdd,mean_qed,2.884,0.944,8.603,0.0811,0.02813,4,8,crop_radius_minus_1.5,"atom_shuffle,coordinate_jitter",1162,4,4
colab47_crop_subsample_subsample_n4,diffsbdd,mean_qed,2.883,0.49,60.36,0.0495,0.01717,3,6,crop_radius_minus_1.5,"atom_shuffle,coordinate_jitter",1163,4,3
colab47_crop_subsample_subsample_n4,diffsbdd,mean_qed,2.023,0.837,3.611,0.07048,0.03484,4,8,crop_radius_minus_1.5,"atom_shuffle,coordinate_jitter",1164,4,4
colab47_crop_subsample_subsample_n4,diffsbdd,mean_qed,2.456,0.137,5.383,0.07895,0.03214,4,8,crop_radius_minus_1.5,"atom_shuffle,coordinate_jitter",1165,4,4
colab47_crop_subsample_subsample_n4,diffsbdd,mean_qed,0.888,0.104,3.316,0.02315,0.02607,3,6,crop_radius_minus_1.5,"atom_shuffle,coordinate_jitter",1166,4,3
colab47_crop_subsample_subsample_n4,diffsbdd,mean_qed,2.134,1.174,3.887,0.05609,0.02629,4,8,crop_radius_minus_1.5,"atom_shuffle,coordinate_jitter",1167,4,4
colab47_crop_subsample_subsample_n4,diffsbdd,mean_qed,0.989,0.318,2.377,0.02574,0.02603,4,8,crop_radius_minus_1.5,"atom_shuffle,coordinate_jitter",1168,4,4
colab47_crop_subsample_subsample_n4,diffsbdd,mean_qed,1.014,0.133,3.454,0.06177,0.06094,4,8,crop_radius_minus_1.5,"atom_shuffle,coordinate_jitter",1169,4,4
colab47_crop_subsample_subsample_n4,diffsbdd,mean_qed,2.209,0.188,9.807,0.03937,0.01782,4,8,crop_radius_minus_1.5,"atom_shuffle,coordinate_jitter",1170,4,4
colab47_crop_subsample_subsample_n4,diffsbdd,mean_qed,0.931,0.387,1.731,0.03795,0.04076,4,8,crop_radius_minus_1.5,"atom_shuffle,coordinate_jitter",1171,4,4
colab47_crop_subsample_subsample_n4,diffsbdd,mean_qed,1.554,0.077,6.895,0.07564,0.04868,4,8,crop_radius_minus_1.5,"atom_shuffle,coordinate_jitter",1172,4,4
colab47_crop_subsample_subsample_n4,diffsbdd,mean_qed,1.888,0.857,8.971,0.08403,0.0445,4,8,crop_radius_minus_1.5,"atom_shuffle,coordinate_jitter",1173,4,4
colab47_crop_subsample_subsample_n4,diffsbdd,mean_qed,1.736,1.116,6.672,0.06611,0.03809,4,8,crop_radius_minus_1.5,"atom_shuffle,coordinate_jitter",1174,4,4
colab47_crop_subsample_subsample_n4,diffsbdd,mean_qed,2.171,1.206,7.52,0.07132,0.03286,4,8,crop_radius_minus_1.5,"atom_shuffle,coordinate_jitter",1175,4,4
colab47_crop_subsample_subsample_n4,diffsbdd,mean_qed,1.784,0.218,6.031,0.03738,0.02095,4,8,crop_radius_minus_1.5,"atom_shuffle,coordinate_jitter",1176,4,4
colab47_crop_subsample_subsample_n4,diffsbdd,mean_qed,0.823,0.185,1.661,0.03034,0.03687,4,8,crop_radius_minus_1.5,"atom_shuffle,coordinate_jitter",1177,4,4
colab47_crop_subsample_subsample_n4,diffsbdd,mean_qed,2.086,0.518,8.037,0.04455,0.02136,4,8,crop_radius_minus_1.5,"atom_shuffle,coordinate_jitter",1178,4,4
colab47_crop_subsample_subsample_n4,diffsbdd,mean_qed,1.886,0.287,7.827,0.02692,0.01427,4,8,crop_radius_minus_1.5,"atom_shuffle,coordinate_jitter",1179,4,4
colab47_crop_subsample_subsample_n4,diffsbdd,mean_qed,1.511,0.853,2.551,0.04762,0.03152,4,8,crop_radius_minus_1.5,"atom_shuffle,coordinate_jitter",1180,4,4
colab47_crop_subsample_subsample_n4,diffsbdd,mean_qed,1.316,0.616,4.159,0.06203,0.04713,4,8,crop_radius_minus_1.5,"atom_shuffle,coordinate_jitter",1181,4,4
colab47_crop_subsample_subsample_n4,diffsbdd,mean_qed,1.272,0.553,3.111,0.04102,0.03224,4,8,crop_radius_minus_1.5,"atom_shuffle,coordinate_jitter",1182,4,4
colab47_crop_subsample_subsample_n4,diffsbdd,mean_qed,1.995,0.917,8.472,0.05296,0.02654,4,8,crop_radius_minus_1.5,"atom_shuffle,coordinate_jitter",1183,4,4
colab47_crop_subsample_subsample_n4,diffsbdd,mean_qed,2.971,1.672,10.111,0.06798,0.02288,4,8,crop_radius_minus_1.5,"atom_shuffle,coordinate_jitter",1184,4,4
colab47_crop_subsample_subsample_n4,diffsbdd,mean_qed,3.691,1.153,6.937,0.07798,0.02113,4,8,crop_radius_minus_1.5,"atom_shuffle,coordinate_jitter",1185,4,4
colab47_crop_subsample_subsample_n4,diffsbdd,mean_qed,1.285,0.964,2.173,0.04015,0.03123,4,8,crop_radius_minus_1.5,"atom_shuffle,coordinate_jitter",1186,4,4
colab47_crop_subsample_subsample_n4,diffsbdd,mean_qed,1.249,0.293,3.5,0.03902,0.03123,3,6,crop_radius_minus_1.5,"atom_shuffle,coordinate_jitter",1187,4,3
colab47_crop_subsample_subsample_n4,diffsbdd,mean_qed,1.757,0.956,3.411,0.06203,0.0353,4,8,crop_radius_minus_1.5,"atom_shuffle,coordinate_jitter",1188,4,4
colab47_crop_subsample_subsample_n4,diffsbdd,mean_qed,1.553,0.563,3.694,0.04211,0.02712,3,6,crop_radius_minus_1.5,"atom_shuffle,coordinate_jitter",1189,4,3
colab47_crop_subsample_subsample_n4,diffsbdd,mean_qed,2.554,1.235,6.648,0.07188,0.02815,4,8,crop_radius_minus_1.5,"atom_shuffle,coordinate_jitter",1190,4,4
colab47_crop_subsample_subsample_n4,diffsbdd,mean_qed,2.35,0.668,12.456,0.0734,0.03123,3,6,crop_radius_minus_1.5,"atom_shuffle,coordinate_jitter",1191,4,3
colab47_crop_subsample_subsample_n4,diffsbdd,mean_qed,1.512,0.234,3.577,0.05227,0.03456,4,8,crop_radius_minus_1.5,"atom_shuffle,coordinate_jitter",1192,4,4
colab47_crop_subsample_subsample_n4,diffsbdd,mean_qed,1.452,0.246,3.241,0.04685,0.03227,4,8,crop_radius_minus_1.5,"atom_shuffle,coordinate_jitter",1193,4,4
colab47_crop_subsample_subsample_n4,diffsbdd,mean_qed,1.001,0.19,2.122,0.04563,0.0456,4,8,crop_radius_minus_1.5,"atom_shuffle,coordinate_jitter",1194,4,4
colab47_crop_subsample_subsample_n4,diffsbdd,mean_qed,2.528,0.214,6.788,0.0409,0.01618,2,4,crop_radius_minus_1.5,"atom_shuffle,coordinate_jitter",1195,4,2
colab47_crop_subsample_subsample_n4,diffsbdd,mean_qed,1.542,0.223,3.622,0.05593,0.03627,4,8,crop_radius_minus_1.5,"atom_shuffle,coordinate_jitter",1196,4,4
colab47_crop_subsample_subsample_n4,diffsbdd,mean_qed,0.641,0.217,1.894,0.01546,0.02411,4,8,crop_radius_minus_1.5,"atom_shuffle,coordinate_jitter",1197,4,4
colab47_crop_subsample_subsample_n4,diffsbdd,mean_qed,0.428,0.218,4.252,0.00973,0.02274,4,8,crop_radius_minus_1.5,"atom_shuffle,coordinate_jitter",1198,4,4
colab47_crop_subsample_subsample_n4,diffsbdd,mean_qed,1.446,0.154,2.856,0.05089,0.03519,4,8,crop_radius_minus_1.5,"atom_shuffle,coordinate_jitter",1199,4,4
colab47_crop_subsample_subsample_n4,diffsbdd,mean_qed,2.405,0.179,4.439,0.07166,0.0298,4,8,crop_radius_minus_1.5,"atom_shuffle,coordinate_jitter",1200,4,4
colab47_crop_subsample_subsample_n4,diffsbdd,mean_qed,2.293,0.844,9.662,0.0566,0.02469,4,8,crop_radius_minus_1.5,"atom_shuffle,coordinate_jitter",1201,4,4
colab47_crop_subsample_subsample_n4,diffsbdd,mean_qed,2.289,0.229,4.525,0.0534,0.02333,4,8,crop_radius_minus_1.5,"atom_shuffle,coordinate_jitter",1202,4,4
colab47_crop_subsample_subsample_n4,diffsbdd,mean_qed,1.454,0.362,2.519,0.04256,0.02927,4,8,crop_radius_minus_1.5,"atom_shuffle,coordinate_jitter",1203,4,4
colab47_crop_subsample_subsample_n4,diffsbdd,mean_qed,1.587,0.684,2.612,0.05233,0.03298,4,8,crop_radius_minus_1.5,"atom_shuffle,coordinate_jitter",1204,4,4
colab47_crop_subsample_subsample_n4,diffsbdd,mean_qed,3.43,2.15,8.215,0.08892,0.02593,4,8,crop_radius_minus_1.5,"atom_shuffle,coordinate_jitter",1205,4,4
colab47_crop_subsample_subsample_n4,diffsbdd,mean_qed,2.331,0.285,10.507,0.06611,0.02836,4,8,crop_radius_minus_1.5,"atom_shuffle,coordinate_jitter",1206,4,4
colab47_crop_subsample_subsample_n4,diffsbdd,mean_qed,4.024,2.614,16.078,0.08431,0.02095,4,8,crop_radius_minus_1.5,"atom_shuffle,coordinate_jitter",1207,4,4
colab47_crop_subsample_subsample_n4,diffsbdd,mean_qed,1.508,0.167,3.442,0.0396,0.02626,4,8,crop_radius_minus_1.5,"atom_shuffle,coordinate_jitter",1208,4,4
colab47_crop_subsample_subsample_n4,diffsbdd,mean_qed,0.908,0.146,1.858,0.03333,0.03669,4,8,crop_radius_minus_1.5,"atom_shuffle,coordinate_jitter",1209,4,4
colab47_crop_subsample_subsample_n4,diffsbdd,mean_qed,2.682,1.467,9.452,0.0562,0.02095,3,6,crop_radius_minus_1.5,"atom_shuffle,coordinate_jitter",1210,4,3
colab47_crop_subsample_subsample_n4,diffsbdd,mean_qed,3.087,1.494,7.781,0.08478,0.02746,4,8,crop_radius_minus_1.5,"atom_shuffle,coordinate_jitter",1211,4,4
colab47_crop_subsample_subsample_n4,diffsbdd,mean_qed,1.473,0.834,4.484,0.05714,0.0388,4,8,crop_radius_minus_1.5,"atom_shuffle,coordinate_jitter",1212,4,4
colab47_crop_subsample_subsample_n4,diffsbdd,mean_qed,2.767,1.357,7.657,0.07287,0.02633,4,8,crop_radius_minus_1.5,"atom_shuffle,coordinate_jitter",1213,4,4
colab47_crop_subsample_subsample_n4,diffsbdd,mean_qed,1.048,0.679,3.278,0.03108,0.02967,4,8,crop_radius_minus_1.5,"atom_shuffle,coordinate_jitter",1214,4,4
colab47_crop_subsample_subsample_n4,diffsbdd,mean_qed,1.801,0.576,7.4,0.05805,0.03224,4,8,crop_radius_minus_1.5,"atom_shuffle,coordinate_jitter",1215,4,4
colab47_crop_subsample_subsample_n4,diffsbdd,mean_qed,1.826,0.47,4.307,0.03826,0.02095,4,8,crop_radius_minus_1.5,"atom_shuffle,coordinate_jitter",1216,4,4
colab47_crop_subsample_subsample_n4,diffsbdd,mean_qed,2.126,0.287,8.979,0.05256,0.02472,4,8,crop_radius_minus_1.5,"atom_shuffle,coordinate_jitter",1217,4,4
colab47_crop_subsample_subsample_n4,diffsbdd,mean_qed,3.915,1.38,12.782,0.07106,0.01815,4,8,crop_radius_minus_1.5,"atom_shuffle,coordinate_jitter",1218,4,4
colab47_crop_subsample_subsample_n4,diffsbdd,mean_qed,1.42,0.2,3.85,0.03794,0.02672,4,8,crop_radius_minus_1.5,"atom_shuffle,coordinate_jitter",1219,4,4
colab47_crop_subsample_subsample_n4,diffsbdd,mean_qed,1.387,0.547,5.083,0.03903,0.02815,3,6,crop_radius_minus_1.5,"atom_shuffle,coordinate_jitter",1220,4,3
colab47_crop_subsample_subsample_n4,diffsbdd,mean_qed,3.22,0.561,12.364,0.04827,0.01499,4,8,crop_radius_minus_1.5,"atom_shuffle,coordinate_jitter",1221,4,4
colab47_crop_subsample_subsample_n4,diffsbdd,mean_qed,2.213,0.856,8.176,0.07547,0.0341,4,8,crop_radius_minus_1.5,"atom_shuffle,coordinate_jitter",1222,4,4
colab47_crop_subsample_subsample_n4,diffsbdd,mean_qed,1.696,0.336,6.209,0.04098,0.02416,4,8,crop_radius_minus_1.5,"atom_shuffle,coordinate_jitter",1223,4,4
colab47_crop_subsample_subsample_n4,diffsbdd,mean_qed,1.309,0.605,3.617,0.05962,0.04556,4,8,crop_radius_minus_1.5,"atom_shuffle,coordinate_jitter",1224,4,4
colab47_crop_subsample_subsample_n4,diffsbdd,mean_qed,1.461,0.207,2.283,0.05714,0.03912,4,8,crop_radius_minus_1.5,"atom_shuffle,coordinate_jitter",1225,4,4
colab47_crop_subsample_subsample_n4,diffsbdd,mean_qed,1.448,0.23,5.075,0.03288,0.0227,4,8,crop_radius_minus_1.5,"atom_shuffle,coordinate_jitter",1226,4,4
colab47_crop_subsample_subsample_n4,diffsbdd,mean_qed,3.087,1.443,8.568,0.08478,0.02746,4,8,crop_radius_minus_1.5,"atom_shuffle,coordinate_jitter",1227,4,4
colab47_crop_subsample_subsample_n4,diffsbdd,mean_qed,1.79,1.007,2.441,0.05714,0.03192,4,8,crop_radius_minus_1.5,"atom_shuffle,coordinate_jitter",1228,4,4
colab47_crop_subsample_subsample_n4,diffsbdd,mean_qed,1.523,0.498,4.398,0.03221,0.02115,4,8,crop_radius_minus_1.5,"atom_shuffle,coordinate_jitter",1229,4,4
colab47_crop_subsample_subsample_n4,diffsbdd,mean_qed,3.499,1.134,21.174,0.07193,0.02055,3,6,crop_radius_minus_1.5,"atom_shuffle,coordinate_jitter",1230,4,3
colab47_crop_subsample_subsample_n4,diffsbdd,mean_qed,1.967,0.957,6.486,0.085,0.04322,4,8,crop_radius_minus_1.5,"atom_shuffle,coordinate_jitter",1231,4,4
colab47_crop_subsample_subsample_n4,diffsbdd,mean_qed,3.095,0.16,9.418,0.07249,0.02342,4,8,crop_radius_minus_1.5,"atom_shuffle,coordinate_jitter",1232,4,4
colab47_crop_subsample_subsample_n4,diffsbdd,mean_qed,0.797,0.216,2.527,0.03291,0.04126,3,6,crop_radius_minus_1.5,"atom_shuffle,coordinate_jitter",1233,4,3
colab47_crop_subsample_subsample_n4,diffsbdd,mean_qed,1.401,0.461,2.548,0.05596,0.03994,4,8,crop_radius_minus_1.5,"atom_shuffle,coordinate_jitter",1234,4,4
colab47_crop_subsample_subsample_n4,diffsbdd,mean_qed,0.747,0.058,2.064,0.03903,0.05225,3,6,crop_radius_minus_1.5,"atom_shuffle,coordinate_jitter",1235,4,3
colab47_crop_subsample_subsample_n4,diffsbdd,mean_qed,1.601,0.265,4.916,0.0323,0.02018,4,8,crop_radius_minus_1.5,"atom_shuffle,coordinate_jitter",1236,4,4
colab47_crop_subsample_subsample_n4,diffsbdd,mean_qed,1.231,0.698,2.082,0.05804,0.04713,4,8,crop_radius_minus_1.5,"atom_shuffle,coordinate_jitter",1237,4,4
colab47_crop_subsample_subsample_n4,diffsbdd,mean_qed,1.867,0.917,4.302,0.04581,0.02453,4,8,crop_radius_minus_1.5,"atom_shuffle,coordinate_jitter",1238,4,4
colab47_crop_subsample_subsample_n4,diffsbdd,mean_qed,1.321,0.38,2.913,0.05385,0.04076,4,8,crop_radius_minus_1.5,"atom_shuffle,coordinate_jitter",1239,4,4
colab47_crop_subsample_subsample_n4,diffsbdd,mean_qed,3.338,0.124,4.949,0.07713,0.02311,3,6,crop_radius_minus_1.5,"atom_shuffle,coordinate_jitter",1240,4,3
colab47_crop_subsample_subsample_n4,diffsbdd,mean_qed,3.058,0.246,9.058,0.06406,0.02095,4,8,crop_radius_minus_1.5,"atom_shuffle,coordinate_jitter",1241,4,4
colab47_crop_subsample_subsample_n4,diffsbdd,mean_qed,2.465,0.393,3.729,0.06937,0.02815,4,8,crop_radius_minus_1.5,"atom_shuffle,coordinate_jitter",1242,4,4
colab47_crop_subsample_subsample_n4,diffsbdd,mean_qed,3.784,0.258,10.213,0.07679,0.02029,4,8,crop_radius_minus_1.5,"atom_shuffle,coordinate_jitter",1243,4,4
colab47_crop_subsample_subsample_n4,diffsbdd,mean_qed,0.939,0.086,4.159,0.02737,0.02915,4,8,crop_radius_minus_1.5,"atom_shuffle,coordinate_jitter",1244,4,4
colab47_crop_subsample_subsample_n4,diffsbdd,mean_qed,1.318,0.186,3.166,0.03709,0.02815,4,8,crop_radius_minus_1.5,"atom_shuffle,coordinate_jitter",1245,4,4
colab47_crop_subsample_subsample_n4,diffsbdd,mean_qed,2.191,0.583,5.558,0.07062,0.03224,4,8,crop_radius_minus_1.5,"atom_shuffle,coordinate_jitter",1246,4,4
colab47_crop_subsample_subsample_n4,diffsbdd,mean_qed,3.087,1.263,6.946,0.08478,0.02746,4,8,crop_radius_minus_1.5,"atom_shuffle,coordinate_jitter",1247,4,4
colab47_crop_subsample_subsample_n4,diffsbdd,mean_qed,1.195,0.225,2.189,0.03108,0.02601,4,8,crop_radius_minus_1.5,"atom_shuffle,coordinate_jitter",1248,4,4
colab47_crop_subsample_subsample_n4,diffsbdd,mean_qed,3.226,1.011,8.204,0.07963,0.02469,4,8,crop_radius_minus_1.5,"atom_shuffle,coordinate_jitter",1249,4,4
colab47_crop_subsample_subsample_n4,diffsbdd,mean_qed,2.031,0.811,9.804,0.05641,0.02778,3,6,crop_radius_minus_1.5,"atom_shuffle,coordinate_jitter",1250,4,3
colab47_crop_subsample_subsample_n4,diffsbdd,mean_qed,1.456,0.224,5.432,0.0335,0.02301,4,8,crop_radius_minus_1.5,"atom_shuffle,coordinate_jitter",1251,4,4
colab47_crop_subsample_subsample_n4,diffsbdd,mean_qed,2.893,1.256,4.811,0.07314,0.02528,4,8,crop_radius_minus_1.5,"atom_shuffle,coordinate_jitter",1252,4,4
colab47_crop_subsample_subsample_n4,diffsbdd,mean_qed,2.707,1.232,11.643,0.07035,0.02599,4,8,crop_radius_minus_1.5,"atom_shuffle,coordinate_jitter",1253,4,4
colab47_crop_subsample_subsample_n4,diffsbdd,mean_qed,3.954,1.874,9.161,0.12293,0.03109,3,6,crop_radius_minus_1.5,"atom_shuffle,coordinate_jitter",1254,4,3
colab47_crop_subsample_subsample_n4,diffsbdd,mean_qed,1.81,0.23,3.147,0.04214,0.02328,4,8,crop_radius_minus_1.5,"atom_shuffle,coordinate_jitter",1255,4,4
colab47_crop_subsample_subsample_n4,diffsbdd,mean_qed,2.586,1.075,5.578,0.06537,0.02528,4,8,crop_radius_minus_1.5,"atom_shuffle,coordinate_jitter",1256,4,4
colab47_crop_subsample_subsample_n4,diffsbdd,mean_qed,2.7,0.209,7.81,0.06764,0.02505,4,8,crop_radius_minus_1.5,"atom_shuffle,coordinate_jitter",1257,4,4
colab47_crop_subsample_subsample_n4,diffsbdd,mean_qed,2.185,0.923,6.259,0.07036,0.0322,4,8,crop_radius_minus_1.5,"atom_shuffle,coordinate_jitter",1258,4,4
colab47_crop_subsample_subsample_n4,diffsbdd,mean_qed,2.933,0.343,5.023,0.07603,0.02593,4,8,crop_radius_minus_1.5,"atom_shuffle,coordinate_jitter",1259,4,4
colab47_crop_subsample_subsample_n4,diffsbdd,mean_qed,1.151,0.197,7.745,0.02315,0.02011,3,6,crop_radius_minus_1.5,"atom_shuffle,coordinate_jitter",1260,4,3
colab47_crop_subsample_subsample_n4,diffsbdd,mean_qed,1.42,0.747,5.041,0.05368,0.03779,4,8,crop_radius_minus_1.5,"atom_shuffle,coordinate_jitter",1261,4,4
colab47_crop_subsample_subsample_n4,diffsbdd,mean_qed,1.294,0.575,2.148,0.03838,0.02967,4,8,crop_radius_minus_1.5,"atom_shuffle,coordinate_jitter",1262,4,4
colab47_crop_subsample_subsample_n4,diffsbdd,mean_qed,1.531,0.682,4.651,0.05786,0.03779,3,6,crop_radius_minus_1.5,"atom_shuffle,coordinate_jitter",1263,4,3
colab47_crop_subsample_subsample_n4,diffsbdd,mean_qed,2.147,0.525,6.019,0.04498,0.02095,4,8,crop_radius_minus_1.5,"atom_shuffle,coordinate_jitter",1264,4,4
colab47_crop_subsample_subsample_n4,diffsbdd,mean_qed,1.364,0.225,2.584,0.03108,0.02279,4,8,crop_radius_minus_1.5,"atom_shuffle,coordinate_jitter",1265,4,4
colab47_crop_subsample_subsample_n4,diffsbdd,mean_qed,3.03,1.197,12.487,0.07713,0.02546,3,6,crop_radius_minus_1.5,"atom_shuffle,coordinate_jitter",1266,4,3
colab47_crop_subsample_subsample_n4,diffsbdd,mean_qed,1.244,0.149,6.516,0.04378,0.03521,4,8,crop_radius_minus_1.5,"atom_shuffle,coordinate_jitter",1267,4,4
colab47_crop_subsample_subsample_n4,diffsbdd,mean_qed,1.936,0.969,11.837,0.07501,0.03874,4,8,crop_radius_minus_1.5,"atom_shuffle,coordinate_jitter",1268,4,4
colab47_crop_subsample_subsample_n4,diffsbdd,mean_qed,0.228,0.078,2.362,0.00749,0.03291,4,8,crop_radius_minus_1.5,"atom_shuffle,coordinate_jitter",1269,4,4
colab47_crop_subsample_subsample_n4,diffsbdd,mean_qed,1.949,1.028,3.66,0.05714,0.02932,4,8,crop_radius_minus_1.5,"atom_shuffle,coordinate_jitter",1270,4,4
colab47_crop_subsample_subsample_n4,diffsbdd,mean_qed,6.693,2.017,19.568,0.11804,0.01764,3,6,crop_radius_minus_1.5,"atom_shuffle,coordinate_jitter",1271,4,3
colab47_crop_subsample_subsample_n4,diffsbdd,mean_qed,2.589,0.451,6.063,0.06355,0.02454,4,8,crop_radius_minus_1.5,"atom_shuffle,coordinate_jitter",1272,4,4
colab47_crop_subsample_subsample_n4,diffsbdd,mean_qed,3.423,0.471,5.338,0.07702,0.0225,4,8,crop_radius_minus_1.5,"atom_shuffle,coordinate_jitter",1273,4,4
colab47_crop_subsample_subsample_n4,diffsbdd,mean_qed,2.797,0.369,6.006,0.06009,0.02148,4,8,crop_radius_minus_1.5,"atom_shuffle,coordinate_jitter",1274,4,4
colab47_crop_subsample_subsample_n4,diffsbdd,mean_qed,2.023,1.011,5.031,0.0562,0.02779,4,8,crop_radius_minus_1.5,"atom_shuffle,coordinate_jitter",1275,4,4
colab47_crop_subsample_subsample_n4,diffsbdd,mean_qed,0.613,0.132,2.437,0.04058,0.06616,4,8,crop_radius_minus_1.5,"atom_shuffle,coordinate_jitter",1276,4,4
colab47_crop_subsample_subsample_n4,diffsbdd,mean_qed,4.101,2.02,14.102,0.09692,0.02363,4,8,crop_radius_minus_1.5,"atom_shuffle,coordinate_jitter",1277,4,4
colab47_crop_subsample_subsample_n4,diffsbdd,mean_qed,2.279,0.195,4.711,0.06129,0.02689,4,8,crop_radius_minus_1.5,"atom_shuffle,coordinate_jitter",1278,4,4
colab47_crop_subsample_subsample_n4,diffsbdd,mean_qed,4.508,2.506,10.324,0.13111,0.02909,4,8,crop_radius_minus_1.5,"atom_shuffle,coordinate_jitter",1279,4,4
colab47_crop_subsample_subsample_n4,diffsbdd,mean_qed,2.961,1.571,14.329,0.10051,0.03395,4,8,crop_radius_minus_1.5,"atom_shuffle,coordinate_jitter",1280,4,4
colab47_crop_subsample_subsample_n4,diffsbdd,mean_qed,2.543,0.346,4.508,0.06169,0.02426,4,8,crop_radius_minus_1.5,"atom_shuffle,coordinate_jitter",1281,4,4
colab47_crop_subsample_subsample_n4,diffsbdd,mean_qed,1.002,0.669,2.01,0.05233,0.05225,4,8,crop_radius_minus_1.5,"atom_shuffle,coordinate_jitter",1282,4,4
colab47_crop_subsample_subsample_n4,diffsbdd,mean_qed,2.649,0.144,6.261,0.07288,0.02752,3,6,crop_radius_minus_1.5,"atom_shuffle,coordinate_jitter",1283,4,3
colab47_crop_subsample_subsample_n4,diffsbdd,mean_qed,2.383,0.771,9.314,0.05746,0.02411,4,8,crop_radius_minus_1.5,"atom_shuffle,coordinate_jitter",1284,4,4
colab47_crop_subsample_subsample_n4,diffsbdd,mean_qed,0.549,0.229,2.093,0.01082,0.01972,4,8,crop_radius_minus_1.5,"atom_shuffle,coordinate_jitter",1285,4,4
colab47_crop_subsample_subsample_n4,diffsbdd,mean_qed,1.094,0.154,4.484,0.03794,0.03466,4,8,crop_radius_minus_1.5,"atom_shuffle,coordinate_jitter",1286,4,4
colab47_crop_subsample_subsample_n4,diffsbdd,mean_qed,1.408,0.957,4.571,0.07728,0.05489,4,8,crop_radius_minus_1.5,"atom_shuffle,coordinate_jitter",1287,4,4
colab47_crop_subsample_subsample_n4,diffsbdd,mean_qed,0.819,0.194,4.842,0.03639,0.04446,4,8,crop_radius_minus_1.5,"atom_shuffle,coordinate_jitter",1288,4,4
colab47_crop_subsample_subsample_n4,diffsbdd,mean_qed,2.599,0.979,9.697,0.07312,0.02813,4,8,crop_radius_minus_1.5,"atom_shuffle,coordinate_jitter",1289,4,4
colab47_crop_subsample_subsample_n4,diffsbdd,mean_qed,1.394,0.378,5.717,0.03909,0.02803,4,8,crop_radius_minus_1.5,"atom_shuffle,coordinate_jitter",1290,4,4
colab47_crop_subsample_subsample_n4,diffsbdd,mean_qed,3.086,1.096,9.027,0.07061,0.02288,4,8,crop_radius_minus_1.5,"atom_shuffle,coordinate_jitter",1291,4,4
colab47_crop_subsample_subsample_n4,diffsbdd,mean_qed,2.563,0.897,10.207,0.05283,0.02062,4,8,crop_radius_minus_1.5,"atom_shuffle,coordinate_jitter",1292,4,4
colab47_crop_subsample_subsample_n4,diffsbdd,mean_qed,1.512,0.102,3.669,0.04326,0.02861,4,8,crop_radius_minus_1.5,"atom_shuffle,coordinate_jitter",1293,4,4
colab47_crop_subsample_subsample_n4,diffsbdd,mean_qed,1.964,0.787,10.693,0.06097,0.03103,4,8,crop_radius_minus_1.5,"atom_shuffle,coordinate_jitter",1294,4,4
colab47_crop_subsample_subsample_n4,diffsbdd,mean_qed,2.313,0.949,4.168,0.06438,0.02783,4,8,crop_radius_minus_1.5,"atom_shuffle,coordinate_jitter",1295,4,4
colab47_crop_subsample_subsample_n4,diffsbdd,mean_qed,1.102,0.12,2.542,0.03446,0.03127,4,8,crop_radius_minus_1.5,"atom_shuffle,coordinate_jitter",1296,4,4
colab47_crop_subsample_subsample_n4,diffsbdd,mean_qed,1.382,0.214,3.119,0.05223,0.03779,4,8,crop_radius_minus_1.5,"atom_shuffle,coordinate_jitter",1297,4,4
colab47_crop_subsample_subsample_n4,diffsbdd,mean_qed,1.876,0.709,3.755,0.06562,0.03498,4,8,crop_radius_minus_1.5,"atom_shuffle,coordinate_jitter",1298,4,4
colab47_crop_subsample_subsample_n4,diffsbdd,mean_qed,0.802,0.086,3.137,0.04145,0.05169,4,8,crop_radius_minus_1.5,"atom_shuffle,coordinate_jitter",1299,4,4
colab47_crop_subsample_subsample_n4,diffsbdd,mean_qed,1.397,0.537,3.172,0.05289,0.03786,4,8,crop_radius_minus_1.5,"atom_shuffle,coordinate_jitter",1300,4,4
colab47_crop_subsample_subsample_n4,diffsbdd,mean_qed,2.148,0.176,2.886,0.06366,0.02964,4,8,crop_radius_minus_1.5,"atom_shuffle,coordinate_jitter",1301,4,4
colab47_crop_subsample_subsample_n4,diffsbdd,mean_qed,0.787,0.103,2.236,0.04102,0.05212,4,8,crop_radius_minus_1.5,"atom_shuffle,coordinate_jitter",1302,4,4
colab47_crop_subsample_subsample_n4,diffsbdd,mean_qed,1.367,0.113,3.638,0.03912,0.02861,4,8,crop_radius_minus_1.5,"atom_shuffle,coordinate_jitter",1303,4,4
colab47_crop_subsample_subsample_n4,diffsbdd,mean_qed,2.459,0.251,10.598,0.04827,0.01963,4,8,crop_radius_minus_1.5,"atom_shuffle,coordinate_jitter",1304,4,4
colab47_crop_subsample_subsample_n4,diffsbdd,mean_qed,2.569,0.173,5.016,0.07655,0.0298,4,8,crop_radius_minus_1.5,"atom_shuffle,coordinate_jitter",1305,4,4
colab47_crop_subsample_subsample_n4,diffsbdd,mean_qed,2.434,0.161,9.912,0.04128,0.01696,3,6,crop_radius_minus_1.5,"atom_shuffle,coordinate_jitter",1306,4,3
colab47_crop_subsample_subsample_n4,diffsbdd,mean_qed,1.765,0.576,5.485,0.05689,0.03224,4,8,crop_radius_minus_1.5,"atom_shuffle,coordinate_jitter",1307,4,4
colab47_crop_subsample_subsample_n4,diffsbdd,mean_qed,3.832,0.22,8.929,0.07655,0.01997,4,8,crop_radius_minus_1.5,"atom_shuffle,coordinate_jitter",1308,4,4
colab47_crop_subsample_subsample_n4,diffsbdd,mean_qed,2.551,1.085,6.843,0.06715,0.02632,4,8,crop_radius_minus_1.5,"atom_shuffle,coordinate_jitter",1309,4,4
colab47_crop_subsample_subsample_n4,diffsbdd,mean_qed,0.606,0.088,7.505,0.02677,0.04421,4,8,crop_radius_minus_1.5,"atom_shuffle,coordinate_jitter",1310,4,4
colab47_crop_subsample_subsample_n4,diffsbdd,mean_qed,1.75,0.321,2.676,0.05641,0.03224,3,6,crop_radius_minus_1.5,"atom_shuffle,coordinate_jitter",1311,4,3
colab47_crop_subsample_subsample_n4,diffsbdd,mean_qed,4.685,1.538,12.972,0.09817,0.02095,4,8,crop_radius_minus_1.5,"atom_shuffle,coordinate_jitter",1312,4,4
colab47_crop_subsample_subsample_n4,diffsbdd,mean_qed,2.55,0.483,7.746,0.06285,0.02465,4,8,crop_radius_minus_1.5,"atom_shuffle,coordinate_jitter",1313,4,4
colab47_crop_subsample_subsample_n4,diffsbdd,mean_qed,2.994,1.179,12.389,0.07501,0.02506,4,8,crop_radius_minus_1.5,"atom_shuffle,coordinate_jitter",1314,4,4
colab47_crop_subsample_subsample_n4,diffsbdd,mean_qed,1.415,0.826,5.977,0.06332,0.04474,4,8,crop_radius_minus_1.5,"atom_shuffle,coordinate_jitter",1315,4,4
colab47_crop_subsample_subsample_n4,diffsbdd,mean_qed,1.549,0.215,3.837,0.04544,0.02933,3,6,crop_radius_minus_1.5,"atom_shuffle,coordinate_jitter",1316,4,3
colab47_crop_subsample_subsample_n4,diffsbdd,mean_qed,1.288,0.176,2.847,0.03837,0.0298,4,8,crop_radius_minus_1.5,"atom_shuffle,coordinate_jitter",1317,4,4
colab47_crop_subsample_subsample_n4,diffsbdd,mean_qed,2.119,0.794,2.66,0.06628,0.03128,4,8,crop_radius_minus_1.5,"atom_shuffle,coordinate_jitter",1318,4,4
colab47_crop_subsample_subsample_n4,diffsbdd,mean_qed,2.579,0.288,12.389,0.05967,0.02314,3,6,crop_radius_minus_1.5,"atom_shuffle,coordinate_jitter",1319,4,3
colab47_crop_subsample_subsample_n4,diffsbdd,mean_qed,1.983,0.463,5.687,0.04538,0.02288,4,8,crop_radius_minus_1.5,"atom_shuffle,coordinate_jitter",1320,4,4
colab47_crop_subsample_subsample_n4,diffsbdd,mean_qed,1.742,0.158,3.575,0.04844,0.0278,4,8,crop_radius_minus_1.5,"atom_shuffle,coordinate_jitter",1321,4,4
colab47_crop_subsample_subsample_n4,diffsbdd,mean_qed,2.289,0.576,5.474,0.06562,0.02866,4,8,crop_radius_minus_1.5,"atom_shuffle,coordinate_jitter",1322,4,4
colab47_crop_subsample_subsample_n4,diffsbdd,mean_qed,2.722,1.105,3.937,0.05703,0.02095,4,8,crop_radius_minus_1.5,"atom_shuffle,coordinate_jitter",1323,4,4
colab47_crop_subsample_subsample_n4,diffsbdd,mean_qed,1.316,1.051,2.593,0.03902,0.02964,3,6,crop_radius_minus_1.5,"atom_shuffle,coordinate_jitter",1324,4,3
colab47_crop_subsample_subsample_n4,diffsbdd,mean_qed,2.272,1.066,4.666,0.07798,0.03433,4,8,crop_radius_minus_1.5,"atom_shuffle,coordinate_jitter",1325,4,4
colab47_crop_subsample_subsample_n4,diffsbdd,mean_qed,1.324,0.747,2.233,0.05396,0.04075,4,8,crop_radius_minus_1.5,"atom_shuffle,coordinate_jitter",1326,4,4
colab47_crop_subsample_subsample_n4,diffsbdd,mean_qed,1.848,0.853,4.045,0.07374,0.03989,4,8,crop_radius_minus_1.5,"atom_shuffle,coordinate_jitter",1327,4,4
colab47_crop_subsample_subsample_n4,diffsbdd,mean_qed,2.307,0.243,4.609,0.04957,0.02149,4,8,crop_radius_minus_1.5,"atom_shuffle,coordinate_jitter",1328,4,4
colab47_crop_subsample_subsample_n4,diffsbdd,mean_qed,1.073,0.266,2.05,0.03376,0.03146,3,6,crop_radius_minus_1.5,"atom_shuffle,coordinate_jitter",1329,4,3
colab47_crop_subsample_subsample_n4,diffsbdd,mean_qed,2.428,0.155,7.205,0.0589,0.02426,4,8,crop_radius_minus_1.5,"atom_shuffle,coordinate_jitter",1330,4,4
colab47_crop_subsample_subsample_n4,diffsbdd,mean_qed,2.441,0.421,5.811,0.06417,0.02629,4,8,crop_radius_minus_1.5,"atom_shuffle,coordinate_jitter",1331,4,4
colab47_crop_subsample_subsample_n4,diffsbdd,mean_qed,1.417,0.67,3.965,0.07138,0.05039,4,8,crop_radius_minus_1.5,"atom_shuffle,coordinate_jitter",1332,4,4
colab47_crop_subsample_subsample_n4,diffsbdd,mean_qed,3.092,0.229,8.973,0.07061,0.02284,4,8,crop_radius_minus_1.5,"atom_shuffle,coordinate_jitter",1333,4,4
colab47_crop_subsample_subsample_n4,diffsbdd,mean_qed,0.867,0.137,1.671,0.05134,0.05921,4,8,crop_radius_minus_1.5,"atom_shuffle,coordinate_jitter",1334,4,4
colab47_crop_subsample_subsample_n4,diffsbdd,mean_qed,2.375,0.148,4.402,0.06029,0.02538,4,8,crop_radius_minus_1.5,"atom_shuffle,coordinate_jitter",1335,4,4
colab47_crop_subsample_subsample_n4,diffsbdd,mean_qed,3.412,1.136,12.776,0.06215,0.01822,4,8,crop_radius_minus_1.5,"atom_shuffle,coordinate_jitter",1336,4,4
colab47_crop_subsample_subsample_n4,diffsbdd,mean_qed,1.934,1.007,2.921,0.0604,0.03123,4,8,crop_radius_minus_1.5,"atom_shuffle,coordinate_jitter",1337,4,4
colab47_crop_subsample_subsample_n4,diffsbdd,mean_qed,2.52,0.356,5.32,0.07834,0.03109,4,8,crop_radius_minus_1.5,"atom_shuffle,coordinate_jitter",1338,4,4
colab47_crop_subsample_subsample_n4,diffsbdd,mean_qed,2.203,0.119,2.738,0.06937,0.0315,4,8,crop_radius_minus_1.5,"atom_shuffle,coordinate_jitter",1339,4,4
colab47_crop_subsample_subsample_n4,diffsbdd,mean_qed,0.658,0.063,2.096,0.0456,0.06928,4,8,crop_radius_minus_1.5,"atom_shuffle,coordinate_jitter",1340,4,4
colab47_crop_subsample_subsample_n4,diffsbdd,mean_qed,1.613,0.576,3.49,0.05062,0.03138,4,8,crop_radius_minus_1.5,"atom_shuffle,coordinate_jitter",1341,4,4
colab47_crop_subsample_subsample_n4,diffsbdd,mean_qed,3.217,1.948,8.757,0.10003,0.03109,4,8,crop_radius_minus_1.5,"atom_shuffle,coordinate_jitter",1342,4,4
colab47_crop_subsample_subsample_n4,diffsbdd,mean_qed,1.893,0.454,10.843,0.04613,0.02436,4,8,crop_radius_minus_1.5,"atom_shuffle,coordinate_jitter",1343,4,4
colab47_crop_subsample_subsample_n4,diffsbdd,mean_qed,2.114,1.126,3.946,0.06536,0.03092,4,8,crop_radius_minus_1.5,"atom_shuffle,coordinate_jitter",1344,4,4
colab47_crop_subsample_subsample_n4,diffsbdd,mean_qed,0.798,0.236,4.788,0.02481,0.03109,4,8,crop_radius_minus_1.5,"atom_shuffle,coordinate_jitter",1345,4,4
colab47_crop_subsample_subsample_n4,diffsbdd,mean_qed,2.101,0.745,8.128,0.05691,0.02708,4,8,crop_radius_minus_1.5,"atom_shuffle,coordinate_jitter",1346,4,4
colab47_crop_subsample_subsample_n4,diffsbdd,mean_qed,1.449,0.577,2.191,0.04672,0.03224,4,8,crop_radius_minus_1.5,"atom_shuffle,coordinate_jitter",1347,4,4
colab47_crop_subsample_subsample_n4,diffsbdd,mean_qed,1.955,0.145,3.085,0.05631,0.0288,4,8,crop_radius_minus_1.5,"atom_shuffle,coordinate_jitter",1348,4,4
colab47_crop_subsample_subsample_n4,diffsbdd,mean_qed,2.565,1.156,4.155,0.06677,0.02604,4,8,crop_radius_minus_1.5,"atom_shuffle,coordinate_jitter",1349,4,4
colab47_crop_subsample_subsample_n4,diffsbdd,mean_qed,2.567,1.587,9.139,0.0649,0.02528,4,8,crop_radius_minus_1.5,"atom_shuffle,coordinate_jitter",1350,4,4
colab47_crop_subsample_subsample_n4,diffsbdd,mean_qed,2.264,0.783,5.004,0.06082,0.02686,4,8,crop_radius_minus_1.5,"atom_shuffle,coordinate_jitter",1351,4,4
colab47_crop_subsample_subsample_n4,diffsbdd,mean_qed,1.898,0.165,12.418,0.04149,0.02187,4,8,crop_radius_minus_1.5,"atom_shuffle,coordinate_jitter",1352,4,4
colab47_crop_subsample_subsample_n4,diffsbdd,mean_qed,1.972,0.898,3.85,0.05793,0.02937,4,8,crop_radius_minus_1.5,"atom_shuffle,coordinate_jitter",1353,4,4
colab47_crop_subsample_subsample_n4,diffsbdd,mean_qed,2.571,0.784,9.409,0.05941,0.02311,4,8,crop_radius_minus_1.5,"atom_shuffle,coordinate_jitter",1354,4,4
colab47_crop_subsample_subsample_n4,diffsbdd,mean_qed,0.102,0.058,1.594,0.00672,0.06617,4,8,crop_radius_minus_1.5,"atom_shuffle,coordinate_jitter",1355,4,4
colab47_crop_subsample_subsample_n4,diffsbdd,mean_qed,3.045,0.904,14.846,0.06611,0.02171,4,8,crop_radius_minus_1.5,"atom_shuffle,coordinate_jitter",1356,4,4
colab47_crop_subsample_subsample_n4,diffsbdd,mean_qed,0.89,0.494,1.898,0.04211,0.04732,3,6,crop_radius_minus_1.5,"atom_shuffle,coordinate_jitter",1357,4,3
colab47_crop_subsample_subsample_n4,diffsbdd,mean_qed,1.935,0.772,3.416,0.04544,0.02349,3,6,crop_radius_minus_1.5,"atom_shuffle,coordinate_jitter",1358,4,3
colab47_crop_subsample_subsample_n4,diffsbdd,mean_qed,1.869,0.838,7.261,0.07312,0.03912,4,8,crop_radius_minus_1.5,"atom_shuffle,coordinate_jitter",1359,4,4
colab47_crop_subsample_subsample_n4,diffsbdd,mean_qed,2.912,1.184,12.389,0.07336,0.0252,4,8,crop_radius_minus_1.5,"atom_shuffle,coordinate_jitter",1360,4,4
colab47_crop_subsample_subsample_n4,diffsbdd,mean_qed,1.773,1.018,2.973,0.07313,0.04125,4,8,crop_radius_minus_1.5,"atom_shuffle,coordinate_jitter",1361,4,4
colab47_crop_subsample_subsample_n4,diffsbdd,mean_qed,2.289,0.78,7.361,0.04747,0.02074,4,8,crop_radius_minus_1.5,"atom_shuffle,coordinate_jitter",1362,4,4
colab47_crop_subsample_subsample_n4,diffsbdd,mean_qed,2.326,0.659,6.111,0.04874,0.02095,4,8,crop_radius_minus_1.5,"atom_shuffle,coordinate_jitter",1363,4,4
colab47_crop_subsample_subsample_n4,diffsbdd,mean_qed,1.456,0.243,8.694,0.02825,0.0194,4,8,crop_radius_minus_1.5,"atom_shuffle,coordinate_jitter",1364,4,4
colab47_crop_subsample_subsample_n4,diffsbdd,mean_qed,2.464,0.613,12.643,0.07193,0.0292,3,6,crop_radius_minus_1.5,"atom_shuffle,coordinate_jitter",1365,4,3
colab47_crop_subsample_subsample_n4,diffsbdd,mean_qed,1.433,0.152,7.596,0.03298,0.02301,4,8,crop_radius_minus_1.5,"atom_shuffle,coordinate_jitter",1366,4,4
colab47_crop_subsample_subsample_n4,diffsbdd,mean_qed,2.503,0.449,7.091,0.06169,0.02465,4,8,crop_radius_minus_1.5,"atom_shuffle,coordinate_jitter",1367,4,4
colab47_crop_subsample_subsample_n4,diffsbdd,mean_qed,2.759,1.08,3.957,0.0648,0.02349,4,8,crop_radius_minus_1.5,"atom_shuffle,coordinate_jitter",1368,4,4
colab47_crop_subsample_subsample_n4,diffsbdd,mean_qed,2.785,0.386,5.93,0.0562,0.02018,3,6,crop_radius_minus_1.5,"atom_shuffle,coordinate_jitter",1369,4,3
colab47_crop_subsample_subsample_n4,diffsbdd,mean_qed,1.136,0.556,2.156,0.04964,0.04369,4,8,crop_radius_minus_1.5,"atom_shuffle,coordinate_jitter",1370,4,4
colab47_crop_subsample_subsample_n4,diffsbdd,mean_qed,7.321,2.401,18.76,0.07333,0.01002,4,8,crop_radius_minus_1.5,"atom_shuffle,coordinate_jitter",1371,4,4
colab47_crop_subsample_subsample_n4,diffsbdd,mean_qed,4.995,0.73,21.787,0.0831,0.01664,3,6,crop_radius_minus_1.5,"atom_shuffle,coordinate_jitter",1372,4,3
colab47_crop_subsample_subsample_n4,diffsbdd,mean_qed,0.625,0.104,5.998,0.02356,0.03773,4,8,crop_radius_minus_1.5,"atom_shuffle,coordinate_jitter",1373,4,4
colab47_crop_subsample_subsample_n4,diffsbdd,mean_qed,2.296,0.968,3.877,0.07891,0.03437,4,8,crop_radius_minus_1.5,"atom_shuffle,coordinate_jitter",1374,4,4
colab47_crop_subsample_subsample_n4,diffsbdd,mean_qed,1.359,0.229,10.213,0.02326,0.01711,4,8,crop_radius_minus_1.5,"atom_shuffle,coordinate_jitter",1375,4,4
colab47_crop_subsample_subsample_n4,diffsbdd,mean_qed,2.26,1.431,3.829,0.06863,0.03037,4,8,crop_radius_minus_1.5,"atom_shuffle,coordinate_jitter",1376,4,4
colab47_crop_subsample_subsample_n4,diffsbdd,mean_qed,1.947,1.016,4.707,0.07286,0.03743,3,6,crop_radius_minus_1.5,"atom_shuffle,coordinate_jitter",1377,4,3
colab47_crop_subsample_subsample_n4,diffsbdd,mean_qed,1.282,0.334,2.761,0.03978,0.03103,4,8,crop_radius_minus_1.5,"atom_shuffle,coordinate_jitter",1378,4,4
colab47_crop_subsample_subsample_n4,diffsbdd,mean_qed,2.967,0.423,4.137,0.0589,0.01985,4,8,crop_radius_minus_1.5,"atom_shuffle,coordinate_jitter",1379,4,4
colab47_crop_subsample_subsample_n4,diffsbdd,mean_qed,4.228,0.657,15.172,0.06815,0.01612,4,8,crop_radius_minus_1.5,"atom_shuffle,coordinate_jitter",1380,4,4
colab47_crop_subsample_subsample_n4,diffsbdd,mean_qed,1.352,0.732,1.861,0.04223,0.03123,4,8,crop_radius_minus_1.5,"atom_shuffle,coordinate_jitter",1381,4,4
colab47_crop_subsample_subsample_n4,diffsbdd,mean_qed,1.104,0.664,2.499,0.0626,0.05672,4,8,crop_radius_minus_1.5,"atom_shuffle,coordinate_jitter",1382,4,4
colab47_crop_subsample_subsample_n4,diffsbdd,mean_qed,1.397,0.269,3.481,0.04364,0.03123,4,8,crop_radius_minus_1.5,"atom_shuffle,coordinate_jitter",1383,4,4
colab47_crop_subsample_subsample_n4,diffsbdd,mean_qed,1.081,0.107,1.948,0.03794,0.03508,4,8,crop_radius_minus_1.5,"atom_shuffle,coordinate_jitter",1384,4,4
colab47_crop_subsample_subsample_n4,diffsbdd,mean_qed,2.407,1.165,4.797,0.07603,0.03159,4,8,crop_radius_minus_1.5,"atom_shuffle,coordinate_jitter",1385,4,4
colab47_crop_subsample_subsample_n4,diffsbdd,mean_qed,2.789,0.972,4.611,0.06355,0.02279,4,8,crop_radius_minus_1.5,"atom_shuffle,coordinate_jitter",1386,4,4
colab47_crop_subsample_subsample_n4,diffsbdd,mean_qed,2.121,0.205,8.333,0.04293,0.02023,4,8,crop_radius_minus_1.5,"atom_shuffle,coordinate_jitter",1387,4,4
colab47_crop_subsample_subsample_n4,diffsbdd,mean_qed,0.987,0.163,2.98,0.04916,0.04979,4,8,crop_radius_minus_1.5,"atom_shuffle,coordinate_jitter",1388,4,4
colab47_crop_subsample_subsample_n4,diffsbdd,mean_qed,1.624,0.666,5.291,0.0582,0.03584,4,8,crop_radius_minus_1.5,"atom_shuffle,coordinate_jitter",1389,4,4
colab47_crop_subsample_subsample_n4,diffsbdd,mean_qed,2.204,0.372,3.859,0.0655,0.02972,4,8,crop_radius_minus_1.5,"atom_shuffle,coordinate_jitter",1390,4,4
colab47_crop_subsample_subsample_n4,diffsbdd,mean_qed,2.022,0.943,3.668,0.07138,0.0353,4,8,crop_radius_minus_1.5,"atom_shuffle,coordinate_jitter",1391,4,4
colab47_crop_subsample_subsample_n4,diffsbdd,mean_qed,2.496,0.912,8.723,0.0575,0.02304,4,8,crop_radius_minus_1.5,"atom_shuffle,coordinate_jitter",1392,4,4
colab47_crop_subsample_subsample_n4,diffsbdd,mean_qed,0.831,0.517,2.342,0.02315,0.02785,3,6,crop_radius_minus_1.5,"atom_shuffle,coordinate_jitter",1393,4,3
colab47_crop_subsample_subsample_n4,diffsbdd,mean_qed,0.938,0.153,3.643,0.02371,0.02527,4,8,crop_radius_minus_1.5,"atom_shuffle,coordinate_jitter",1394,4,4
colab47_crop_subsample_subsample_n4,diffsbdd,mean_qed,1.7,0.544,3.571,0.05548,0.03263,4,8,crop_radius_minus_1.5,"atom_shuffle,coordinate_jitter",1395,4,4
colab47_crop_subsample_subsample_n4,diffsbdd,mean_qed,3.643,0.316,11.226,0.06332,0.01738,4,8,crop_radius_minus_1.5,"atom_shuffle,coordinate_jitter",1396,4,4
colab47_crop_subsample_subsample_n4,diffsbdd,mean_qed,1.945,1.002,3.304,0.06129,0.03152,4,8,crop_radius_minus_1.5,"atom_shuffle,coordinate_jitter",1397,4,4
colab47_crop_subsample_subsample_n4,diffsbdd,mean_qed,1.656,0.539,4.155,0.0555,0.03352,4,8,crop_radius_minus_1.5,"atom_shuffle,coordinate_jitter",1398,4,4
colab47_crop_subsample_subsample_n4,diffsbdd,mean_qed,1.991,1.264,11.555,0.06495,0.03263,4,8,crop_radius_minus_1.5,"atom_shuffle,coordinate_jitter",1399,4,4
colab47_crop_subsample_subsample_n4,diffsbdd,mean_qed,0.953,0.68,9.804,0.04211,0.0442,3,6,crop_radius_minus_1.5,"atom_shuffle,coordinate_jitter",1400,4,3
colab47_crop_subsample_subsample_n4,diffsbdd,mean_qed,1.954,1.099,7.689,0.07313,0.03743,4,8,crop_radius_minus_1.5,"atom_shuffle,coordinate_jitter",1401,4,4
colab47_crop_subsample_subsample_n4,diffsbdd,mean_qed,1.199,0.107,4.839,0.04518,0.03768,4,8,crop_radius_minus_1.5,"atom_shuffle,coordinate_jitter",1402,4,4
colab47_crop_subsample_subsample_n4,diffsbdd,mean_qed,2.482,0.874,14.313,0.07751,0.03123,4,8,crop_radius_minus_1.5,"atom_shuffle,coordinate_jitter",1403,4,4
colab47_crop_subsample_subsample_n4,diffsbdd,mean_qed,4.11,0.159,8.809,0.1131,0.02752,4,8,crop_radius_minus_1.5,"atom_shuffle,coordinate_jitter",1404,4,4
colab47_crop_subsample_subsample_n4,diffsbdd,mean_qed,1.483,0.768,3.103,0.05256,0.03544,4,8,crop_radius_minus_1.5,"atom_shuffle,coordinate_jitter",1405,4,4
colab47_crop_subsample_subsample_n4,diffsbdd,mean_qed,4.441,0.3,9.805,0.07915,0.01782,4,8,crop_radius_minus_1.5,"atom_shuffle,coordinate_jitter",1406,4,4
colab47_crop_subsample_subsample_n4,diffsbdd,mean_qed,1.696,0.729,4.047,0.07655,0.04514,4,8,crop_radius_minus_1.5,"atom_shuffle,coordinate_jitter",1407,4,4
colab47_crop_subsample_subsample_n4,diffsbdd,mean_qed,0.628,0.294,3.069,0.01569,0.02499,4,8,crop_radius_minus_1.5,"atom_shuffle,coordinate_jitter",1408,4,4
colab47_crop_subsample_subsample_n4,diffsbdd,mean_qed,1.32,0.58,2.847,0.04223,0.032,4,8,crop_radius_minus_1.5,"atom_shuffle,coordinate_jitter",1409,4,4
colab47_crop_subsample_subsample_n4,diffsbdd,mean_qed,1.388,0.195,4.67,0.04474,0.03224,4,8,crop_radius_minus_1.5,"atom_shuffle,coordinate_jitter",1410,4,4
colab47_crop_subsample_subsample_n4,diffsbdd,mean_qed,2.644,1.103,4.462,0.06285,0.02377,4,8,crop_radius_minus_1.5,"atom_shuffle,coordinate_jitter",1411,4,4
colab47_crop_subsample_subsample_n4,diffsbdd,mean_qed,1.227,0.848,4.005,0.04581,0.03732,4,8,crop_radius_minus_1.5,"atom_shuffle,coordinate_jitter",1412,4,4
colab47_crop_subsample_subsample_n4,diffsbdd,mean_qed,1.496,0.197,3.975,0.05651,0.03779,4,8,crop_radius_minus_1.5,"atom_shuffle,coordinate_jitter",1413,4,4
colab47_crop_subsample_subsample_n4,diffsbdd,mean_qed,1.351,0.802,2.278,0.0626,0.04633,4,8,crop_radius_minus_1.5,"atom_shuffle,coordinate_jitter",1414,4,4
colab47_crop_subsample_subsample_n4,diffsbdd,mean_qed,3.034,1.52,9.091,0.07644,0.0252,4,8,crop_radius_minus_1.5,"atom_shuffle,coordinate_jitter",1415,4,4
colab47_crop_subsample_subsample_n4,diffsbdd,mean_qed,1.616,0.578,3.504,0.0517,0.032,4,8,crop_radius_minus_1.5,"atom_shuffle,coordinate_jitter",1416,4,4
colab47_crop_subsample_subsample_n4,diffsbdd,mean_qed,1.53,0.673,3.316,0.06169,0.04033,4,8,crop_radius_minus_1.5,"atom_shuffle,coordinate_jitter",1417,4,4
colab47_crop_subsample_subsample_n4,diffsbdd,mean_qed,2.525,0.131,4.442,0.07239,0.02867,4,8,crop_radius_minus_1.5,"atom_shuffle,coordinate_jitter",1418,4,4
colab47_crop_subsample_subsample_n4,diffsbdd,mean_qed,2.484,0.214,3.807,0.06202,0.02497,4,8,crop_radius_minus_1.5,"atom_shuffle,coordinate_jitter",1419,4,4
colab47_crop_subsample_subsample_n4,diffsbdd,mean_qed,1.997,0.203,11.614,0.0343,0.01717,4,8,crop_radius_minus_1.5,"atom_shuffle,coordinate_jitter",1420,4,4
colab47_crop_subsample_subsample_n4,diffsbdd,mean_qed,2.287,0.382,9.797,0.0663,0.02899,4,8,crop_radius_minus_1.5,"atom_shuffle,coordinate_jitter",1421,4,4
colab47_crop_subsample_subsample_n4,diffsbdd,mean_qed,2.048,1.271,8.014,0.07809,0.03813,3,6,crop_radius_minus_1.5,"atom_shuffle,coordinate_jitter",1422,4,3
colab47_crop_subsample_subsample_n4,diffsbdd,mean_qed,4.059,0.23,14.421,0.07751,0.0191,4,8,crop_radius_minus_1.5,"atom_shuffle,coordinate_jitter",1423,4,4
colab47_crop_subsample_subsample_n4,diffsbdd,mean_qed,1.939,0.755,2.527,0.07286,0.03758,3,6,crop_radius_minus_1.5,"atom_shuffle,coordinate_jitter",1424,4,3
colab47_crop_subsample_subsample_n4,diffsbdd,mean_qed,3.046,1.323,7.043,0.07702,0.02528,4,8,crop_radius_minus_1.5,"atom_shuffle,coordinate_jitter",1425,4,4
colab47_crop_subsample_subsample_n4,diffsbdd,mean_qed,1.127,0.162,2.639,0.03537,0.03138,4,8,crop_radius_minus_1.5,"atom_shuffle,coordinate_jitter",1426,4,4
colab47_crop_subsample_subsample_n4,diffsbdd,mean_qed,1.056,0.305,4.708,0.03404,0.03224,4,8,crop_radius_minus_1.5,"atom_shuffle,coordinate_jitter",1427,4,4
colab47_crop_subsample_subsample_n4,diffsbdd,mean_qed,2.364,0.356,4.515,0.07655,0.03238,4,8,crop_radius_minus_1.5,"atom_shuffle,coordinate_jitter",1428,4,4
colab47_crop_subsample_subsample_n4,diffsbdd,mean_qed,0.475,0.191,4.664,0.01569,0.033,4,8,crop_radius_minus_1.5,"atom_shuffle,coordinate_jitter",1429,4,4
colab47_crop_subsample_subsample_n4,diffsbdd,mean_qed,2.099,0.726,10.121,0.05283,0.02517,4,8,crop_radius_minus_1.5,"atom_shuffle,coordinate_jitter",1430,4,4
colab47_crop_subsample_subsample_n4,diffsbdd,mean_qed,1.84,0.179,6.65,0.05362,0.02914,4,8,crop_radius_minus_1.5,"atom_shuffle,coordinate_jitter",1431,4,4
colab47_crop_subsample_subsample_n4,diffsbdd,mean_qed,1.418,0.157,4.453,0.07313,0.05158,4,8,crop_radius_minus_1.5,"atom_shuffle,coordinate_jitter",1432,4,4
colab47_crop_subsample_subsample_n4,diffsbdd,mean_qed,0.466,0.161,1.272,0.0119,0.02555,4,8,crop_radius_minus_1.5,"atom_shuffle,coordinate_jitter",1433,4,4
colab47_crop_subsample_subsample_n4,diffsbdd,mean_qed,2.613,0.183,6.721,0.0745,0.02851,4,8,crop_radius_minus_1.5,"atom_shuffle,coordinate_jitter",1434,4,4
colab47_crop_subsample_subsample_n4,diffsbdd,mean_qed,1.602,1.012,2.328,0.07798,0.04868,4,8,crop_radius_minus_1.5,"atom_shuffle,coordinate_jitter",1435,4,4
colab47_crop_subsample_subsample_n4,diffsbdd,mean_qed,1.218,0.156,3.833,0.03429,0.02815,4,8,crop_radius_minus_1.5,"atom_shuffle,coordinate_jitter",1436,4,4
colab47_crop_subsample_subsample_n4,diffsbdd,mean_qed,2.284,0.844,7.046,0.05082,0.02225,4,8,crop_radius_minus_1.5,"atom_shuffle,coordinate_jitter",1437,4,4
colab47_crop_subsample_subsample_n4,diffsbdd,mean_qed,1.55,0.876,3.979,0.06055,0.03907,4,8,crop_radius_minus_1.5,"atom_shuffle,coordinate_jitter",1438,4,4
colab47_crop_subsample_subsample_n4,diffsbdd,mean_qed,0.471,0.141,2.63,0.01569,0.03335,4,8,crop_radius_minus_1.5,"atom_shuffle,coordinate_jitter",1439,4,4
colab47_crop_subsample_subsample_n4,diffsbdd,mean_qed,1.385,0.13,2.449,0.04016,0.02898,4,8,crop_radius_minus_1.5,"atom_shuffle,coordinate_jitter",1440,4,4
colab47_crop_subsample_subsample_n4,diffsbdd,mean_qed,3.067,1.029,10.956,0.05867,0.01913,4,8,crop_radius_minus_1.5,"atom_shuffle,coordinate_jitter",1441,4,4
colab47_crop_subsample_subsample_n4,diffsbdd,mean_qed,1.162,0.131,4.229,0.07374,0.06348,4,8,crop_radius_minus_1.5,"atom_shuffle,coordinate_jitter",1442,4,4
colab47_crop_subsample_subsample_n4,diffsbdd,mean_qed,1.589,0.82,3.084,0.05967,0.03755,3,6,crop_radius_minus_1.5,"atom_shuffle,coordinate_jitter",1443,4,3
colab47_crop_subsample_subsample_n4,diffsbdd,mean_qed,2.964,0.57,12.333,0.05751,0.0194,4,8,crop_radius_minus_1.5,"atom_shuffle,coordinate_jitter",1444,4,4
colab47_crop_subsample_subsample_n4,diffsbdd,mean_qed,1.714,0.929,7.177,0.06438,0.03755,3,6,crop_radius_minus_1.5,"atom_shuffle,coordinate_jitter",1445,4,3
colab47_crop_subsample_subsample_n4,diffsbdd,mean_qed,2.28,0.709,6.711,0.06536,0.02866,4,8,crop_radius_minus_1.5,"atom_shuffle,coordinate_jitter",1446,4,4
colab47_crop_subsample_subsample_n4,diffsbdd,mean_qed,2.507,0.888,4.298,0.06536,0.02607,4,8,crop_radius_minus_1.5,"atom_shuffle,coordinate_jitter",1447,4,4
colab47_crop_subsample_subsample_n4,diffsbdd,mean_qed,1.221,0.176,2.002,0.03639,0.0298,4,8,crop_radius_minus_1.5,"atom_shuffle,coordinate_jitter",1448,4,4
colab47_crop_subsample_subsample_n4,diffsbdd,mean_qed,1.718,0.688,4.708,0.0602,0.03504,4,8,crop_radius_minus_1.5,"atom_shuffle,coordinate_jitter",1449,4,4
colab47_crop_subsample_subsample_n4,diffsbdd,mean_qed,1.073,0.27,2.768,0.03341,0.03114,4,8,crop_radius_minus_1.5,"atom_shuffle,coordinate_jitter",1450,4,4
colab47_crop_subsample_subsample_n4,diffsbdd,mean_qed,0.675,0.091,3.948,0.02659,0.03941,4,8,crop_radius_minus_1.5,"atom_shuffle,coordinate_jitter",1451,4,4
colab47_crop_subsample_subsample_n4,diffsbdd,mean_qed,1.861,0.264,5.164,0.05083,0.02731,4,8,crop_radius_minus_1.5,"atom_shuffle,coordinate_jitter",1452,4,4
colab47_crop_subsample_subsample_n4,diffsbdd,mean_qed,4.406,1.42,15.132,0.10183,0.02311,4,8,crop_radius_minus_1.5,"atom_shuffle,coordinate_jitter",1453,4,4
colab47_crop_subsample_subsample_n4,diffsbdd,mean_qed,1.904,0.108,7.018,0.04089,0.02148,4,8,crop_radius_minus_1.5,"atom_shuffle,coordinate_jitter",1454,4,4
colab47_crop_subsample_subsample_n4,diffsbdd,mean_qed,2.682,0.179,4.475,0.0562,0.02095,3,6,crop_radius_minus_1.5,"atom_shuffle,coordinate_jitter",1455,4,3
colab47_crop_subsample_subsample_n4,diffsbdd,mean_qed,1.075,0.228,5.949,0.02966,0.0276,4,8,crop_radius_minus_1.5,"atom_shuffle,coordinate_jitter",1456,4,4
colab47_crop_subsample_subsample_n4,diffsbdd,mean_qed,1.454,0.133,2.706,0.0417,0.02867,4,8,crop_radius_minus_1.5,"atom_shuffle,coordinate_jitter",1457,4,4
colab47_crop_subsample_subsample_n4,diffsbdd,mean_qed,2.478,1.024,5.548,0.07915,0.03195,4,8,crop_radius_minus_1.5,"atom_shuffle,coordinate_jitter",1458,4,4
colab47_crop_subsample_subsample_n4,diffsbdd,mean_qed,3.041,0.898,9.262,0.07842,0.02579,4,8,crop_radius_minus_1.5,"atom_shuffle,coordinate_jitter",1459,4,4
colab47_crop_subsample_subsample_n4,diffsbdd,mean_qed,2.288,0.381,7.351,0.07061,0.03086,4,8,crop_radius_minus_1.5,"atom_shuffle,coordinate_jitter",1460,4,4
colab47_crop_subsample_subsample_n4,diffsbdd,mean_qed,1.966,0.749,3.892,0.05332,0.02712,4,8,crop_radius_minus_1.5,"atom_shuffle,coordinate_jitter",1461,4,4
colab47_crop_subsample_subsample_n4,diffsbdd,mean_qed,2.61,0.951,7.287,0.08116,0.03109,3,6,crop_radius_minus_1.5,"atom_shuffle,coordinate_jitter",1462,4,3
colab47_crop_subsample_subsample_n4,diffsbdd,mean_qed,2.033,0.151,4.245,0.05856,0.02881,4,8,crop_radius_minus_1.5,"atom_shuffle,coordinate_jitter",1463,4,4
colab47_crop_subsample_subsample_n4,diffsbdd,mean_qed,1.776,0.375,9.011,0.03446,0.0194,4,8,crop_radius_minus_1.5,"atom_shuffle,coordinate_jitter",1464,4,4
colab47_crop_subsample_subsample_n4,diffsbdd,mean_qed,3.214,0.109,12.456,0.0734,0.02284,3,6,crop_radius_minus_1.5,"atom_shuffle,coordinate_jitter",1465,4,3
colab47_crop_subsample_subsample_n4,diffsbdd,mean_qed,2.414,1.024,8.586,0.0745,0.03086,4,8,crop_radius_minus_1.5,"atom_shuffle,coordinate_jitter",1466,4,4
colab47_crop_subsample_subsample_n4,diffsbdd,mean_qed,1.727,0.914,5.82,0.04426,0.02563,4,8,crop_radius_minus_1.5,"atom_shuffle,coordinate_jitter",1467,4,4
colab47_crop_subsample_subsample_n4,diffsbdd,mean_qed,3.045,0.373,13.852,0.06611,0.02171,4,8,crop_radius_minus_1.5,"atom_shuffle,coordinate_jitter",1468,4,4
colab47_crop_subsample_subsample_n4,diffsbdd,mean_qed,5.976,0.235,16.735,0.07193,0.01204,3,6,crop_radius_minus_1.5,"atom_shuffle,coordinate_jitter",1469,4,3
colab47_crop_subsample_subsample_n4,diffsbdd,mean_qed,1.199,0.597,2.843,0.0831,0.06928,3,6,crop_radius_minus_1.5,"atom_shuffle,coordinate_jitter",1470,4,3
colab47_crop_subsample_subsample_n4,diffsbdd,mean_qed,2.085,1.043,7.811,0.07035,0.03374,4,8,crop_radius_minus_1.5,"atom_shuffle,coordinate_jitter",1471,4,4
colab47_crop_subsample_subsample_n4,diffsbdd,mean_qed,2.898,0.3,9.807,0.05165,0.01782,4,8,crop_radius_minus_1.5,"atom_shuffle,coordinate_jitter",1472,4,4
colab47_crop_subsample_subsample_n4,diffsbdd,mean_qed,1.347,0.848,5.571,0.07338,0.05446,3,6,crop_radius_minus_1.5,"atom_shuffle,coordinate_jitter",1473,4,3
colab47_crop_subsample_subsample_n4,diffsbdd,mean_qed,3.111,0.543,7.739,0.07285,0.02342,4,8,crop_radius_minus_1.5,"atom_shuffle,coordinate_jitter",1474,4,4
colab47_crop_subsample_subsample_n4,diffsbdd,mean_qed,2.589,0.218,3.734,0.06355,0.02454,4,8,crop_radius_minus_1.5,"atom_shuffle,coordinate_jitter",1475,4,4
colab47_crop_subsample_subsample_n4,diffsbdd,mean_qed,3.983,1.995,15.927,0.08431,0.02117,4,8,crop_radius_minus_1.5,"atom_shuffle,coordinate_jitter",1476,4,4
colab47_crop_subsample_subsample_n4,diffsbdd,mean_qed,2.588,0.823,3.737,0.07285,0.02815,4,8,crop_radius_minus_1.5,"atom_shuffle,coordinate_jitter",1477,4,4
colab47_crop_subsample_subsample_n4,diffsbdd,mean_qed,1.395,0.309,3.546,0.03738,0.0268,4,8,crop_radius_minus_1.5,"atom_shuffle,coordinate_jitter",1478,4,4
colab47_crop_subsample_subsample_n4,diffsbdd,mean_qed,1.114,0.123,2.763,0.03404,0.03055,4,8,crop_radius_minus_1.5,"atom_shuffle,coordinate_jitter",1479,4,4
colab47_crop_subsample_subsample_n4,diffsbdd,mean_qed,2.516,0.187,3.869,0.07188,0.02857,4,8,crop_radius_minus_1.5,"atom_shuffle,coordinate_jitter",1480,4,4
colab47_crop_subsample_subsample_n4,diffsbdd,mean_qed,1.018,0.18,2.768,0.02968,0.02914,4,8,crop_radius_minus_1.5,"atom_shuffle,coordinate_jitter",1481,4,4
colab47_crop_subsample_subsample_n4,diffsbdd,mean_qed,1.863,0.16,6.947,0.05749,0.03085,4,8,crop_radius_minus_1.5,"atom_shuffle,coordinate_jitter",1482,4,4
colab47_crop_subsample_subsample_n4,diffsbdd,mean_qed,0.495,0.057,3.488,0.02315,0.04677,3,6,crop_radius_minus_1.5,"atom_shuffle,coordinate_jitter",1483,4,3
colab47_crop_subsample_subsample_n4,diffsbdd,mean_qed,1.151,0.167,2.676,0.03596,0.03123,4,8,crop_radius_minus_1.5,"atom_shuffle,coordinate_jitter",1484,4,4
colab47_crop_subsample_subsample_n4,diffsbdd,mean_qed,0.242,0.063,2.926,0.00672,0.02774,4,8,crop_radius_minus_1.5,"atom_shuffle,coordinate_jitter",1485,4,4
colab47_crop_subsample_subsample_n4,diffsbdd,mean_qed,2.313,0.288,4.18,0.06438,0.02783,4,8,crop_radius_minus_1.5,"atom_shuffle,coordinate_jitter",1486,4,4
colab47_crop_subsample_subsample_n4,diffsbdd,mean_qed,1.467,0.595,4.69,0.05622,0.03831,4,8,crop_radius_minus_1.5,"atom_shuffle,coordinate_jitter",1487,4,4
colab47_crop_subsample_subsample_n4,diffsbdd,mean_qed,1.577,0.136,4.585,0.05083,0.03224,4,8,crop_radius_minus_1.5,"atom_shuffle,coordinate_jitter",1488,4,4
colab47_crop_subsample_subsample_n4,diffsbdd,mean_qed,1.907,0.189,3.859,0.07644,0.04008,4,8,crop_radius_minus_1.5,"atom_shuffle,coordinate_jitter",1489,4,4
colab47_crop_subsample_subsample_n4,diffsbdd,mean_qed,1.748,0.904,4.147,0.08085,0.04625,4,8,crop_radius_minus_1.5,"atom_shuffle,coordinate_jitter",1490,4,4
colab47_crop_subsample_subsample_n4,diffsbdd,mean_qed,1.411,0.164,3.888,0.03155,0.02237,4,8,crop_radius_minus_1.5,"atom_shuffle,coordinate_jitter",1491,4,4
colab47_crop_subsample_subsample_n4,diffsbdd,mean_qed,1.532,0.868,2.906,0.05369,0.03504,4,8,crop_radius_minus_1.5,"atom_shuffle,coordinate_jitter",1492,4,4
colab47_crop_subsample_subsample_n4,diffsbdd,mean_qed,1.21,0.334,3.12,0.02992,0.02472,4,8,crop_radius_minus_1.5,"atom_shuffle,coordinate_jitter",1493,4,4
colab47_crop_subsample_subsample_n4,diffsbdd,mean_qed,1.788,0.341,6.65,0.05545,0.03102,4,8,crop_radius_minus_1.5,"atom_shuffle,coordinate_jitter",1494,4,4
colab47_crop_subsample_subsample_n4,diffsbdd,mean_qed,0.907,0.552,1.696,0.04364,0.04809,4,8,crop_radius_minus_1.5,"atom_shuffle,coordinate_jitter",1495,4,4
colab47_crop_subsample_subsample_n4,diffsbdd,mean_qed,2.497,0.272,6.891,0.0638,0.02555,4,8,crop_radius_minus_1.5,"atom_shuffle,coordinate_jitter",1496,4,4
colab47_crop_subsample_subsample_n4,diffsbdd,mean_qed,0.943,0.465,2.444,0.03597,0.03814,4,8,crop_radius_minus_1.5,"atom_shuffle,coordinate_jitter",1497,4,4
colab47_crop_subsample_subsample_n4,diffsbdd,mean_qed,3.305,1.374,7.442,0.07644,0.02313,4,8,crop_radius_minus_1.5,"atom_shuffle,coordinate_jitter",1498,4,4
colab47_crop_subsample_subsample_n4,diffsbdd,mean_qed,2.778,1.599,7.691,0.07314,0.02633,4,8,crop_radius_minus_1.5,"atom_shuffle,coordinate_jitter",1499,4,4
colab47_crop_subsample_subsample_n4,diffsbdd,mean_qed,1.872,0.377,8.345,0.05491,0.02933,4,8,crop_radius_minus_1.5,"atom_shuffle,coordinate_jitter",1500,4,4
colab47_crop_subsample_subsample_n4,diffsbdd,mean_qed,3.872,2.043,9.383,0.09791,0.02528,4,8,crop_radius_minus_1.5,"atom_shuffle,coordinate_jitter",1501,4,4
colab47_crop_subsample_subsample_n4,diffsbdd,mean_qed,1.006,0.3,3.685,0.01436,0.01427,4,8,crop_radius_minus_1.5,"atom_shuffle,coordinate_jitter",1502,4,4
colab47_crop_subsample_subsample_n4,diffsbdd,mean_qed,1.446,0.307,4.918,0.04538,0.03138,4,8,crop_radius_minus_1.5,"atom_shuffle,coordinate_jitter",1503,4,4
colab47_crop_subsample_subsample_n4,diffsbdd,mean_qed,2.085,0.314,5.19,0.07035,0.03374,4,8,crop_radius_minus_1.5,"atom_shuffle,coordinate_jitter",1504,4,4
colab47_crop_subsample_subsample_n4,diffsbdd,mean_qed,2.134,1.088,4.873,0.05609,0.02629,4,8,crop_radius_minus_1.5,"atom_shuffle,coordinate_jitter",1505,4,4
colab47_crop_subsample_subsample_n4,diffsbdd,mean_qed,1.916,0.276,3.661,0.05332,0.02783,4,8,crop_radius_minus_1.5,"atom_shuffle,coordinate_jitter",1506,4,4
colab47_crop_subsample_subsample_n4,diffsbdd,mean_qed,1.937,0.927,5.565,0.05664,0.02924,4,8,crop_radius_minus_1.5,"atom_shuffle,coordinate_jitter",1507,4,4
colab47_crop_subsample_subsample_n4,diffsbdd,mean_qed,7.427,1.721,15.708,0.06989,0.00941,4,8,crop_radius_minus_1.5,"atom_shuffle,coordinate_jitter",1508,4,4
colab47_crop_subsample_subsample_n4,diffsbdd,mean_qed,2.057,0.685,5.015,0.04885,0.02374,4,8,crop_radius_minus_1.5,"atom_shuffle,coordinate_jitter",1509,4,4
colab47_crop_subsample_subsample_n4,diffsbdd,mean_qed,2.053,0.175,4.568,0.0626,0.03049,4,8,crop_radius_minus_1.5,"atom_shuffle,coordinate_jitter",1510,4,4
colab47_crop_subsample_subsample_n4,diffsbdd,mean_qed,1.777,0.837,3.233,0.05714,0.03215,4,8,crop_radius_minus_1.5,"atom_shuffle,coordinate_jitter",1511,4,4
colab47_crop_subsample_subsample_n4,diffsbdd,mean_qed,2.191,0.844,4.557,0.06009,0.02742,4,8,crop_radius_minus_1.5,"atom_shuffle,coordinate_jitter",1512,4,4
colab47_crop_subsample_subsample_n4,diffsbdd,mean_qed,1.216,0.18,2.593,0.03537,0.0291,4,8,crop_radius_minus_1.5,"atom_shuffle,coordinate_jitter",1513,4,4
colab47_crop_subsample_subsample_n4,diffsbdd,mean_qed,3.197,0.918,9.727,0.0566,0.01771,4,8,crop_radius_minus_1.5,"atom_shuffle,coordinate_jitter",1514,4,4
colab47_crop_subsample_subsample_n4,diffsbdd,mean_qed,3.006,0.211,12.493,0.05456,0.01815,4,8,crop_radius_minus_1.5,"atom_shuffle,coordinate_jitter",1515,4,4
colab47_crop_subsample_subsample_n4,diffsbdd,mean_qed,6.329,1.986,12.877,0.05368,0.00848,4,8,crop_radius_minus_1.5,"atom_shuffle,coordinate_jitter",1516,4,4
colab47_crop_subsample_subsample_n4,diffsbdd,mean_qed,1.613,0.689,7.024,0.06144,0.0381,4,8,crop_radius_minus_1.5,"atom_shuffle,coordinate_jitter",1517,4,4
colab47_crop_subsample_subsample_n4,diffsbdd,mean_qed,2.978,0.853,16.832,0.02315,0.00777,3,6,crop_radius_minus_1.5,"atom_shuffle,coordinate_jitter",1518,4,3
colab47_crop_subsample_subsample_n4,diffsbdd,mean_qed,1.658,0.682,4.517,0.06552,0.03951,3,6,crop_radius_minus_1.5,"atom_shuffle,coordinate_jitter",1519,4,3
colab47_crop_subsample_subsample_n4,diffsbdd,mean_qed,7.43,1.66,19.286,0.1076,0.01448,4,8,crop_radius_minus_1.5,"atom_shuffle,coordinate_jitter",1520,4,4
colab47_crop_subsample_subsample_n4,diffsbdd,mean_qed,2.786,1.291,14.632,0.06438,0.02311,3,6,crop_radius_minus_1.5,"atom_shuffle,coordinate_jitter",1521,4,3
colab47_crop_subsample_subsample_n4,diffsbdd,mean_qed,2.94,0.656,13.698,0.08723,0.02967,4,8,crop_radius_minus_1.5,"atom_shuffle,coordinate_jitter",1522,4,4
colab47_crop_subsample_subsample_n4,diffsbdd,mean_qed,1.491,0.183,6.256,0.04364,0.02926,4,8,crop_radius_minus_1.5,"atom_shuffle,coordinate_jitter",1523,4,4
colab47_crop_subsample_subsample_n4,diffsbdd,mean_qed,0.494,0.124,1.436,0.02659,0.05387,4,8,crop_radius_minus_1.5,"atom_shuffle,coordinate_jitter",1524,4,4
colab47_crop_subsample_subsample_n4,diffsbdd,mean_qed,1.354,0.726,4.791,0.05369,0.03966,4,8,crop_radius_minus_1.5,"atom_shuffle,coordinate_jitter",1525,4,4
colab47_crop_subsample_subsample_n4,diffsbdd,mean_qed,0.745,0.114,1.967,0.02218,0.02979,4,8,crop_radius_minus_1.5,"atom_shuffle,coordinate_jitter",1526,4,4
colab47_crop_subsample_subsample_n4,diffsbdd,mean_qed,1.429,0.233,8.643,0.03288,0.02301,4,8,crop_radius_minus_1.5,"atom_shuffle,coordinate_jitter",1527,4,4
colab47_crop_subsample_subsample_n4,diffsbdd,mean_qed,1.717,1.002,5.104,0.0831,0.04838,3,6,crop_radius_minus_1.5,"atom_shuffle,coordinate_jitter",1528,4,3
colab47_crop_subsample_subsample_n4,diffsbdd,mean_qed,1.79,0.853,2.551,0.05641,0.03152,3,6,crop_radius_minus_1.5,"atom_shuffle,coordinate_jitter",1529,4,3
colab47_crop_subsample_subsample_n4,diffsbdd,mean_qed,1.242,0.112,2.926,0.04174,0.03361,4,8,crop_radius_minus_1.5,"atom_shuffle,coordinate_jitter",1530,4,4
colab47_crop_subsample_subsample_n4,diffsbdd,mean_qed,1.72,0.209,6.772,0.04149,0.02413,4,8,crop_radius_minus_1.5,"atom_shuffle,coordinate_jitter",1531,4,4
colab47_crop_subsample_subsample_n4,diffsbdd,mean_qed,1.258,0.176,3.735,0.03749,0.0298,4,8,crop_radius_minus_1.5,"atom_shuffle,coordinate_jitter",1532,4,4
colab47_crop_subsample_subsample_n4,diffsbdd,mean_qed,0.506,0.071,2.449,0.02677,0.05294,4,8,crop_radius_minus_1.5,"atom_shuffle,coordinate_jitter",1533,4,4
colab47_crop_subsample_subsample_n4,diffsbdd,mean_qed,1.745,0.171,3.602,0.04581,0.02626,4,8,crop_radius_minus_1.5,"atom_shuffle,coordinate_jitter",1534,4,4
colab47_crop_subsample_subsample_n4,diffsbdd,mean_qed,2.173,0.207,7.419,0.08501,0.03912,4,8,crop_radius_minus_1.5,"atom_shuffle,coordinate_jitter",1535,4,4
colab47_crop_subsample_subsample_n4,diffsbdd,mean_qed,4.38,0.621,8.367,0.08715,0.0199,4,8,crop_radius_minus_1.5,"atom_shuffle,coordinate_jitter",1536,4,4
colab47_crop_subsample_subsample_n4,diffsbdd,mean_qed,0.705,0.114,3.133,0.01955,0.02774,4,8,crop_radius_minus_1.5,"atom_shuffle,coordinate_jitter",1537,4,4
colab47_crop_subsample_subsample_n4,diffsbdd,mean_qed,5.931,1.249,10.411,0.13928,0.02348,3,6,crop_radius_minus_1.5,"atom_shuffle,coordinate_jitter",1538,4,3
colab47_crop_subsample_subsample_n4,diffsbdd,mean_qed,1.249,0.633,3.096,0.03902,0.03123,4,8,crop_radius_minus_1.5,"atom_shuffle,coordinate_jitter",1539,4,4
colab47_crop_subsample_subsample_n4,diffsbdd,mean_qed,2.032,0.189,5.117,0.05794,0.02851,4,8,crop_radius_minus_1.5,"atom_shuffle,coordinate_jitter",1540,4,4
colab47_crop_subsample_subsample_n4,diffsbdd,mean_qed,0.187,0.091,3.945,0.00535,0.02861,3,6,crop_radius_minus_1.5,"atom_shuffle,coordinate_jitter",1541,4,3
colab47_crop_subsample_subsample_n4,diffsbdd,mean_qed,2.728,0.747,8.613,0.06546,0.024,4,8,crop_radius_minus_1.5,"atom_shuffle,coordinate_jitter",1542,4,4
colab47_crop_subsample_subsample_n4,diffsbdd,mean_qed,0.874,0.477,2.05,0.02662,0.03044,4,8,crop_radius_minus_1.5,"atom_shuffle,coordinate_jitter",1543,4,4
colab47_crop_subsample_subsample_n4,diffsbdd,mean_qed,1.471,0.364,2.92,0.04474,0.03041,4,8,crop_radius_minus_1.5,"atom_shuffle,coordinate_jitter",1544,4,4
colab47_crop_subsample_subsample_n4,diffsbdd,mean_qed,1.915,0.709,4.851,0.06618,0.03456,4,8,crop_radius_minus_1.5,"atom_shuffle,coordinate_jitter",1545,4,4
colab47_crop_subsample_subsample_n4,diffsbdd,mean_qed,1.872,0.131,5.041,0.05368,0.02867,4,8,crop_radius_minus_1.5,"atom_shuffle,coordinate_jitter",1546,4,4
colab47_crop_subsample_subsample_n4,diffsbdd,mean_qed,4.438,0.416,14.384,0.07713,0.01738,3,6,crop_radius_minus_1.5,"atom_shuffle,coordinate_jitter",1547,4,3
colab47_crop_subsample_subsample_n4,diffsbdd,mean_qed,1.697,0.341,4.918,0.05306,0.03127,4,8,crop_radius_minus_1.5,"atom_shuffle,coordinate_jitter",1548,4,4
colab47_crop_subsample_subsample_n4,diffsbdd,mean_qed,0.903,0.59,2.676,0.04016,0.04446,4,8,crop_radius_minus_1.5,"atom_shuffle,coordinate_jitter",1549,4,4
colab47_crop_subsample_subsample_n4,diffsbdd,mean_qed,1.478,0.673,8.514,0.05491,0.03715,4,8,crop_radius_minus_1.5,"atom_shuffle,coordinate_jitter",1550,4,4
colab47_crop_subsample_subsample_n4,diffsbdd,mean_qed,1.536,0.233,3.566,0.0555,0.03613,4,8,crop_radius_minus_1.5,"atom_shuffle,coordinate_jitter",1551,4,4
colab47_crop_subsample_subsample_n4,diffsbdd,mean_qed,1.911,0.158,6.486,0.04539,0.02375,4,8,crop_radius_minus_1.5,"atom_shuffle,coordinate_jitter",1552,4,4
colab47_crop_subsample_subsample_n4,diffsbdd,mean_qed,1.388,0.872,2.766,0.05306,0.03821,4,8,crop_radius_minus_1.5,"atom_shuffle,coordinate_jitter",1553,4,4
colab47_crop_subsample_subsample_n4,diffsbdd,mean_qed,2.333,0.785,9.975,0.0604,0.02588,4,8,crop_radius_minus_1.5,"atom_shuffle,coordinate_jitter",1554,4,4
colab47_crop_subsample_subsample_n4,diffsbdd,mean_qed,1.277,0.61,2.987,0.0308,0.02411,4,8,crop_radius_minus_1.5,"atom_shuffle,coordinate_jitter",1555,4,4
colab47_crop_subsample_subsample_n4,diffsbdd,mean_qed,2.537,1.052,16.361,0.07142,0.02815,4,8,crop_radius_minus_1.5,"atom_shuffle,coordinate_jitter",1556,4,4
colab47_crop_subsample_subsample_n4,diffsbdd,mean_qed,1.285,0.217,3.19,0.02484,0.01934,4,8,crop_radius_minus_1.5,"atom_shuffle,coordinate_jitter",1557,4,4
colab47_crop_subsample_subsample_n4,diffsbdd,mean_qed,1.243,0.682,3.039,0.04935,0.0397,4,8,crop_radius_minus_1.5,"atom_shuffle,coordinate_jitter",1558,4,4
colab47_crop_subsample_subsample_n4,diffsbdd,mean_qed,2.443,0.971,3.892,0.07288,0.02983,3,6,crop_radius_minus_1.5,"atom_shuffle,coordinate_jitter",1559,4,3
colab47_crop_subsample_subsample_n4,diffsbdd,mean_qed,0.865,0.655,1.388,0.04518,0.05225,4,8,crop_radius_minus_1.5,"atom_shuffle,coordinate_jitter",1560,4,4
colab47_crop_subsample_subsample_n4,diffsbdd,mean_qed,2.195,1.225,7.258,0.08691,0.0396,3,6,crop_radius_minus_1.5,"atom_shuffle,coordinate_jitter",1561,4,3
colab47_crop_subsample_subsample_n4,diffsbdd,mean_qed,2.488,1.377,5.817,0.06479,0.02604,4,8,crop_radius_minus_1.5,"atom_shuffle,coordinate_jitter",1562,4,4
colab47_crop_subsample_subsample_n4,diffsbdd,mean_qed,1.66,0.813,3.232,0.05817,0.03504,4,8,crop_radius_minus_1.5,"atom_shuffle,coordinate_jitter",1563,4,4
colab47_crop_subsample_subsample_n4,diffsbdd,mean_qed,3.594,1.01,10.622,0.07266,0.02022,4,8,crop_radius_minus_1.5,"atom_shuffle,coordinate_jitter",1564,4,4
colab47_crop_subsample_subsample_n4,diffsbdd,mean_qed,6.244,2.001,23.718,0.06072,0.00972,4,8,crop_radius_minus_1.5,"atom_shuffle,coordinate_jitter",1565,4,4
colab47_crop_subsample_subsample_n4,diffsbdd,mean_qed,4.271,1.163,7.819,0.0741,0.01735,4,8,crop_radius_minus_1.5,"atom_shuffle,coordinate_jitter",1566,4,4
colab47_crop_subsample_subsample_n4,diffsbdd,mean_qed,3.571,1.947,14.327,0.10981,0.03075,4,8,crop_radius_minus_1.5,"atom_shuffle,coordinate_jitter",1567,4,4
colab47_crop_subsample_subsample_n4,diffsbdd,mean_qed,1.809,0.161,12.277,0.04235,0.02342,4,8,crop_radius_minus_1.5,"atom_shuffle,coordinate_jitter",1568,4,4
colab47_crop_subsample_subsample_n4,diffsbdd,mean_qed,1.055,0.65,3.944,0.04128,0.03912,3,6,crop_radius_minus_1.5,"atom_shuffle,coordinate_jitter",1569,4,3
colab47_crop_subsample_subsample_n4,diffsbdd,mean_qed,1.285,0.637,4.791,0.05941,0.04625,4,8,crop_radius_minus_1.5,"atom_shuffle,coordinate_jitter",1570,4,4
colab47_crop_subsample_subsample_n4,diffsbdd,mean_qed,3.035,0.353,6.302,0.07214,0.02377,4,8,crop_radius_minus_1.5,"atom_shuffle,coordinate_jitter",1571,4,4
colab47_crop_subsample_subsample_n4,diffsbdd,mean_qed,1.804,0.179,3.135,0.05428,0.03009,4,8,crop_radius_minus_1.5,"atom_shuffle,coordinate_jitter",1572,4,4
colab47_crop_subsample_subsample_n4,diffsbdd,mean_qed,2.1,0.091,4.329,0.0562,0.02676,3,6,crop_radius_minus_1.5,"atom_shuffle,coordinate_jitter",1573,4,3
colab47_crop_subsample_subsample_n4,diffsbdd,mean_qed,2.302,1.12,3.152,0.07188,0.03123,4,8,crop_radius_minus_1.5,"atom_shuffle,coordinate_jitter",1574,4,4
colab47_crop_subsample_subsample_n4,diffsbdd,mean_qed,2.465,0.847,4.975,0.06937,0.02815,4,8,crop_radius_minus_1.5,"atom_shuffle,coordinate_jitter",1575,4,4
colab47_crop_subsample_subsample_n4,diffsbdd,mean_qed,1.352,0.546,3.106,0.05289,0.03912,4,8,crop_radius_minus_1.5,"atom_shuffle,coordinate_jitter",1576,4,4
colab47_crop_subsample_subsample_n4,diffsbdd,mean_qed,2.306,0.156,7.024,0.0724,0.03139,4,8,crop_radius_minus_1.5,"atom_shuffle,coordinate_jitter",1577,4,4
colab47_crop_subsample_subsample_n4,diffsbdd,mean_qed,2.386,0.348,3.976,0.07314,0.03066,4,8,crop_radius_minus_1.5,"atom_shuffle,coordinate_jitter",1578,4,4
colab47_crop_subsample_subsample_n4,diffsbdd,mean_qed,1.407,0.64,2.804,0.04051,0.02878,4,8,crop_radius_minus_1.5,"atom_shuffle,coordinate_jitter",1579,4,4
colab47_crop_subsample_subsample_n4,diffsbdd,mean_qed,2.05,0.131,6.186,0.05877,0.02867,4,8,crop_radius_minus_1.5,"atom_shuffle,coordinate_jitter",1580,4,4
colab47_crop_subsample_subsample_n4,diffsbdd,mean_qed,1.721,0.213,4.257,0.06522,0.03789,4,8,crop_radius_minus_1.5,"atom_shuffle,coordinate_jitter",1581,4,4
colab47_crop_subsample_subsample_n4,diffsbdd,mean_qed,0.41,0.08,1.312,0.01562,0.0381,4,8,crop_radius_minus_1.5,"atom_shuffle,coordinate_jitter",1582,4,4
colab47_crop_subsample_subsample_n4,diffsbdd,mean_qed,0.796,0.168,2.316,0.01857,0.02333,3,6,crop_radius_minus_1.5,"atom_shuffle,coordinate_jitter",1583,4,3
colab47_crop_subsample_subsample_n4,diffsbdd,mean_qed,1.54,0.528,5.13,0.05749,0.03732,4,8,crop_radius_minus_1.5,"atom_shuffle,coordinate_jitter",1584,4,4
colab47_crop_subsample_subsample_n4,diffsbdd,mean_qed,1.35,0.086,3.254,0.0741,0.05491,4,8,crop_radius_minus_1.5,"atom_shuffle,coordinate_jitter",1585,4,4
colab47_crop_subsample_subsample_n4,diffsbdd,mean_qed,1.125,0.076,7.419,0.05263,0.04677,4,8,crop_radius_minus_1.5,"atom_shuffle,coordinate_jitter",1586,4,4
colab47_crop_subsample_subsample_n4,diffsbdd,mean_qed,4.789,0.19,15.546,0.09716,0.02029,3,6,crop_radius_minus_1.5,"atom_shuffle,coordinate_jitter",1587,4,3
colab47_crop_subsample_subsample_n4,diffsbdd,mean_qed,5.284,0.486,16.735,0.07193,0.01361,3,6,crop_radius_minus_1.5,"atom_shuffle,coordinate_jitter",1588,4,3
colab47_crop_subsample_subsample_n4,diffsbdd,mean_qed,0.963,0.125,2.877,0.06495,0.06744,4,8,crop_radius_minus_1.5,"atom_shuffle,coordinate_jitter",1589,4,4
colab47_crop_subsample_subsample_n4,diffsbdd,mean_qed,1.277,0.193,4.539,0.02679,0.02099,4,8,crop_radius_minus_1.5,"atom_shuffle,coordinate_jitter",1590,4,4
colab47_crop_subsample_subsample_n4,diffsbdd,mean_qed,1.4,0.71,3.295,0.05256,0.03755,4,8,crop_radius_minus_1.5,"atom_shuffle,coordinate_jitter",1591,4,4
colab47_crop_subsample_subsample_n4,diffsbdd,mean_qed,1.953,0.667,8.728,0.0455,0.02329,4,8,crop_radius_minus_1.5,"atom_shuffle,coordinate_jitter",1592,4,4
colab47_crop_subsample_subsample_n4,diffsbdd,mean_qed,1.817,0.592,4.929,0.04801,0.02642,4,8,crop_radius_minus_1.5,"atom_shuffle,coordinate_jitter",1593,4,4
colab47_crop_subsample_subsample_n4,diffsbdd,mean_qed,2.427,0.529,8.859,0.07547,0.03109,4,8,crop_radius_minus_1.5,"atom_shuffle,coordinate_jitter",1594,4,4
colab47_crop_subsample_subsample_n4,diffsbdd,mean_qed,0.93,0.623,3.133,0.04563,0.04906,4,8,crop_radius_minus_1.5,"atom_shuffle,coordinate_jitter",1595,4,4
colab47_crop_subsample_subsample_n4,diffsbdd,mean_qed,2.705,1.094,10.477,0.07266,0.02686,4,8,crop_radius_minus_1.5,"atom_shuffle,coordinate_jitter",1596,4,4
colab47_crop_subsample_subsample_n4,diffsbdd,mean_qed,2.672,0.315,9.27,0.08967,0.03356,4,8,crop_radius_minus_1.5,"atom_shuffle,coordinate_jitter",1597,4,4
colab47_crop_subsample_subsample_n4,diffsbdd,mean_qed,2.145,0.584,2.63,0.06821,0.0318,4,8,crop_radius_minus_1.5,"atom_shuffle,coordinate_jitter",1598,4,4
colab47_crop_subsample_subsample_n4,diffsbdd,mean_qed,3.456,2.365,12.554,0.07241,0.02095,4,8,crop_radius_minus_1.5,"atom_shuffle,coordinate_jitter",1599,4,4
colab47_crop_subsample_subsample_n4,diffsbdd,mean_qed,3.737,0.83,16.441,0.0724,0.01937,4,8,crop_radius_minus_1.5,"atom_shuffle,coordinate_jitter",1600,4,4
colab47_crop_subsample_subsample_n4,diffsbdd,mean_qed,1.949,1.113,2.724,0.05714,0.02932,4,8,crop_radius_minus_1.5,"atom_shuffle,coordinate_jitter",1601,4,4
colab47_crop_subsample_subsample_n4,diffsbdd,mean_qed,2.778,0.957,7.152,0.07314,0.02633,4,8,crop_radius_minus_1.5,"atom_shuffle,coordinate_jitter",1602,4,4
colab47_crop_subsample_subsample_n4,diffsbdd,mean_qed,2.119,0.453,4.198,0.04957,0.0234,4,8,crop_radius_minus_1.5,"atom_shuffle,coordinate_jitter",1603,4,4
colab47_crop_subsample_subsample_n4,diffsbdd,mean_qed,1.689,0.243,4.185,0.0562,0.03328,4,8,crop_radius_minus_1.5,"atom_shuffle,coordinate_jitter",1604,4,4
colab47_crop_subsample_subsample_n4,diffsbdd,mean_qed,3.13,0.476,4.637,0.06965,0.02225,4,8,crop_radius_minus_1.5,"atom_shuffle,coordinate_jitter",1605,4,4
colab47_crop_subsample_subsample_n4,diffsbdd,mean_qed,1.118,0.13,5.516,0.03404,0.03044,4,8,crop_radius_minus_1.5,"atom_shuffle,coordinate_jitter",1606,4,4
colab47_crop_subsample_subsample_n4,diffsbdd,mean_qed,1.921,1.053,4.052,0.06055,0.03152,4,8,crop_radius_minus_1.5,"atom_shuffle,coordinate_jitter",1607,4,4
colab47_crop_subsample_subsample_n4,diffsbdd,mean_qed,0.837,0.15,2.338,0.04518,0.05398,4,8,crop_radius_minus_1.5,"atom_shuffle,coordinate_jitter",1608,4,4
colab47_crop_subsample_subsample_n4,diffsbdd,mean_qed,1.674,0.339,6.108,0.03446,0.02059,4,8,crop_radius_minus_1.5,"atom_shuffle,coordinate_jitter",1609,4,4
colab47_crop_subsample_subsample_n4,diffsbdd,mean_qed,1.187,0.204,3.579,0.05991,0.05046,4,8,crop_radius_minus_1.5,"atom_shuffle,coordinate_jitter",1610,4,4
colab47_crop_subsample_subsample_n4,diffsbdd,mean_qed,2.55,0.401,5.246,0.06285,0.02465,4,8,crop_radius_minus_1.5,"atom_shuffle,coordinate_jitter",1611,4,4
colab47_crop_subsample_subsample_n4,diffsbdd,mean_qed,1.115,0.364,2.279,0.05689,0.05102,4,8,crop_radius_minus_1.5,"atom_shuffle,coordinate_jitter",1612,4,4
colab47_crop_subsample_subsample_n4,diffsbdd,mean_qed,2.879,1.188,7.641,0.07842,0.02724,4,8,crop_radius_minus_1.5,"atom_shuffle,coordinate_jitter",1613,4,4
colab47_crop_subsample_subsample_n4,diffsbdd,mean_qed,2.296,1.343,5.165,0.06667,0.02904,4,8,crop_radius_minus_1.5,"atom_shuffle,coordinate_jitter",1614,4,4
colab47_crop_subsample_subsample_n4,diffsbdd,mean_qed,2.389,0.227,4.789,0.04625,0.01936,4,8,crop_radius_minus_1.5,"atom_shuffle,coordinate_jitter",1615,4,4
colab47_crop_subsample_subsample_n4,diffsbdd,mean_qed,2.278,0.15,3.697,0.05703,0.02503,4,8,crop_radius_minus_1.5,"atom_shuffle,coordinate_jitter",1616,4,4
colab47_crop_subsample_subsample_n4,diffsbdd,mean_qed,0.176,0.108,1.344,0.00523,0.0298,3,6,crop_radius_minus_1.5,"atom_shuffle,coordinate_jitter",1617,4,3
colab47_crop_subsample_subsample_n4,diffsbdd,mean_qed,3.339,0.446,9.553,0.06285,0.01883,4,8,crop_radius_minus_1.5,"atom_shuffle,coordinate_jitter",1618,4,4
colab47_crop_subsample_subsample_n4,diffsbdd,mean_qed,1.015,0.202,2.472,0.04058,0.03998,4,8,crop_radius_minus_1.5,"atom_shuffle,coordinate_jitter",1619,4,4
colab47_crop_subsample_subsample_n4,diffsbdd,mean_qed,1.278,0.738,4.465,0.05942,0.0465,4,8,crop_radius_minus_1.5,"atom_shuffle,coordinate_jitter",1620,4,4
colab47_crop_subsample_subsample_n4,diffsbdd,mean_qed,1.888,0.18,3.299,0.05497,0.02911,4,8,crop_radius_minus_1.5,"atom_shuffle,coordinate_jitter",1621,4,4
colab47_crop_subsample_subsample_n4,diffsbdd,mean_qed,1.99,0.816,15.691,0.06784,0.0341,3,6,crop_radius_minus_1.5,"atom_shuffle,coordinate_jitter",1622,4,3
colab47_crop_subsample_subsample_n4,diffsbdd,mean_qed,2.826,1.996,5.946,0.06937,0.02454,4,8,crop_radius_minus_1.5,"atom_shuffle,coordinate_jitter",1623,4,4
colab47_crop_subsample_subsample_n4,diffsbdd,mean_qed,1.428,0.182,3.519,0.03446,0.02413,4,8,crop_radius_minus_1.5,"atom_shuffle,coordinate_jitter",1624,4,4
colab47_crop_subsample_subsample_n4,diffsbdd,mean_qed,2.361,0.949,8.27,0.07374,0.03123,4,8,crop_radius_minus_1.5,"atom_shuffle,coordinate_jitter",1625,4,4
colab47_crop_subsample_subsample_n4,diffsbdd,mean_qed,1.313,0.259,3.339,0.04101,0.03123,4,8,crop_radius_minus_1.5,"atom_shuffle,coordinate_jitter",1626,4,4
colab47_crop_subsample_subsample_n4,diffsbdd,mean_qed,0.928,0.105,3.416,0.04544,0.04895,3,6,crop_radius_minus_1.5,"atom_shuffle,coordinate_jitter",1627,4,3
colab47_crop_subsample_subsample_n4,diffsbdd,mean_qed,2.37,0.763,11.194,0.03978,0.01678,4,8,crop_radius_minus_1.5,"atom_shuffle,coordinate_jitter",1628,4,4
colab47_crop_subsample_subsample_n4,diffsbdd,mean_qed,1.964,0.64,2.893,0.06097,0.03103,4,8,crop_radius_minus_1.5,"atom_shuffle,coordinate_jitter",1629,4,4
colab47_crop_subsample_subsample_n4,diffsbdd,mean_qed,2.44,0.37,4.792,0.05545,0.02272,4,8,crop_radius_minus_1.5,"atom_shuffle,coordinate_jitter",1630,4,4
colab47_crop_subsample_subsample_n4,diffsbdd,mean_qed,1.54,0.268,4.673,0.04833,0.03138,4,8,crop_radius_minus_1.5,"atom_shuffle,coordinate_jitter",1631,4,4
colab47_crop_subsample_subsample_n4,diffsbdd,mean_qed,2.303,1.137,10.303,0.0638,0.0277,4,8,crop_radius_minus_1.5,"atom_shuffle,coordinate_jitter",1632,4,4
colab47_crop_subsample_subsample_n4,diffsbdd,mean_qed,1.719,0.666,4.238,0.0417,0.02425,4,8,crop_radius_minus_1.5,"atom_shuffle,coordinate_jitter",1633,4,4
colab47_crop_subsample_subsample_n4,diffsbdd,mean_qed,2.809,0.227,13.124,0.04544,0.01618,3,6,crop_radius_minus_1.5,"atom_shuffle,coordinate_jitter",1634,4,3
colab47_crop_subsample_subsample_n4,diffsbdd,mean_qed,1.551,0.159,5.49,0.04269,0.02752,4,8,crop_radius_minus_1.5,"atom_shuffle,coordinate_jitter",1635,4,4
colab47_crop_subsample_subsample_n4,diffsbdd,mean_qed,5.647,1.318,11.559,0.0996,0.01764,4,8,crop_radius_minus_1.5,"atom_shuffle,coordinate_jitter",1636,4,4
colab47_crop_subsample_subsample_n4,diffsbdd,mean_qed,1.173,0.077,3.672,0.0555,0.04732,4,8,crop_radius_minus_1.5,"atom_shuffle,coordinate_jitter",1637,4,4
colab47_crop_subsample_subsample_n4,diffsbdd,mean_qed,0.932,0.179,3.528,0.04223,0.04529,4,8,crop_radius_minus_1.5,"atom_shuffle,coordinate_jitter",1638,4,4
colab47_crop_subsample_subsample_n4,diffsbdd,mean_qed,4.902,1.214,19.568,0.11804,0.02408,3,6,crop_radius_minus_1.5,"atom_shuffle,coordinate_jitter",1639,4,3
colab47_crop_subsample_subsample_n4,diffsbdd,mean_qed,4.46,1.363,14.505,0.09422,0.02113,4,8,crop_radius_minus_1.5,"atom_shuffle,coordinate_jitter",1640,4,4
colab47_crop_subsample_subsample_n4,diffsbdd,mean_qed,1.549,0.783,6.6,0.06872,0.04436,4,8,crop_radius_minus_1.5,"atom_shuffle,coordinate_jitter",1641,4,4
colab47_crop_subsample_subsample_n4,diffsbdd,mean_qed,1.038,0.187,2.482,0.02966,0.02857,4,8,crop_radius_minus_1.5,"atom_shuffle,coordinate_jitter",1642,4,4
colab47_crop_subsample_subsample_n4,diffsbdd,mean_qed,4.335,1.827,14.778,0.07453,0.01719,4,8,crop_radius_minus_1.5,"atom_shuffle,coordinate_jitter",1643,4,4
colab47_crop_subsample_subsample_n4,diffsbdd,mean_qed,4.194,2.538,16.038,0.08431,0.0201,4,8,crop_radius_minus_1.5,"atom_shuffle,coordinate_jitter",1644,4,4
colab47_crop_subsample_subsample_n4,diffsbdd,mean_qed,1.28,0.77,3.706,0.04214,0.03293,4,8,crop_radius_minus_1.5,"atom_shuffle,coordinate_jitter",1645,4,4
colab47_crop_subsample_subsample_n4,diffsbdd,mean_qed,1.705,0.298,3.668,0.06056,0.03551,4,8,crop_radius_minus_1.5,"atom_shuffle,coordinate_jitter",1646,4,4
colab47_crop_subsample_subsample_n4,diffsbdd,mean_qed,6.96,1.285,12.843,0.07266,0.01044,4,8,crop_radius_minus_1.5,"atom_shuffle,coordinate_jitter",1647,4,4
colab47_crop_subsample_subsample_n4,diffsbdd,mean_qed,2.537,0.825,16.361,0.07142,0.02815,4,8,crop_radius_minus_1.5,"atom_shuffle,coordinate_jitter",1648,4,4
colab47_crop_subsample_subsample_n4,diffsbdd,mean_qed,2.583,0.233,9.006,0.05942,0.02301,4,8,crop_radius_minus_1.5,"atom_shuffle,coordinate_jitter",1649,4,4
colab47_crop_subsample_subsample_n4,diffsbdd,mean_qed,1.655,0.672,6.588,0.05283,0.03191,4,8,crop_radius_minus_1.5,"atom_shuffle,coordinate_jitter",1650,4,4
colab47_crop_subsample_subsample_n4,diffsbdd,mean_qed,2.76,0.291,4.533,0.04957,0.01796,4,8,crop_radius_minus_1.5,"atom_shuffle,coordinate_jitter",1651,4,4
colab47_crop_subsample_subsample_n4,diffsbdd,mean_qed,1.461,0.198,4.571,0.02593,0.01776,4,8,crop_radius_minus_1.5,"atom_shuffle,coordinate_jitter",1652,4,4
colab47_crop_subsample_subsample_n4,diffsbdd,mean_qed,1.476,0.489,3.044,0.04685,0.03173,4,8,crop_radius_minus_1.5,"atom_shuffle,coordinate_jitter",1653,4,4
colab47_crop_subsample_subsample_n4,diffsbdd,mean_qed,2.085,0.107,5.864,0.04478,0.02148,4,8,crop_radius_minus_1.5,"atom_shuffle,coordinate_jitter",1654,4,4
colab47_crop_subsample_subsample_n4,diffsbdd,mean_qed,4.194,1.802,14.778,0.08691,0.02072,4,8,crop_radius_minus_1.5,"atom_shuffle,coordinate_jitter",1655,4,4
colab47_crop_subsample_subsample_n4,diffsbdd,mean_qed,1.411,0.729,4.891,0.06975,0.04945,4,8,crop_radius_minus_1.5,"atom_shuffle,coordinate_jitter",1656,4,4
colab47_crop_subsample_subsample_n4,diffsbdd,mean_qed,1.252,0.66,3.35,0.03263,0.02607,4,8,crop_radius_minus_1.5,"atom_shuffle,coordinate_jitter",1657,4,4
colab47_crop_subsample_subsample_n4,diffsbdd,mean_qed,1.005,0.156,2.631,0.03363,0.03347,4,8,crop_radius_minus_1.5,"atom_shuffle,coordinate_jitter",1658,4,4
colab47_crop_subsample_subsample_n4,diffsbdd,mean_qed,0.473,0.211,3.633,0.00973,0.02059,4,8,crop_radius_minus_1.5,"atom_shuffle,coordinate_jitter",1659,4,4
colab47_crop_subsample_subsample_n4,diffsbdd,mean_qed,2.511,0.382,8.085,0.07277,0.02899,4,8,crop_radius_minus_1.5,"atom_shuffle,coordinate_jitter",1660,4,4
colab47_crop_subsample_subsample_n4,diffsbdd,mean_qed,1.998,0.548,4.916,0.043,0.02152,3,6,crop_radius_minus_1.5,"atom_shuffle,coordinate_jitter",1661,4,3
colab47_crop_subsample_subsample_n4,diffsbdd,mean_qed,5.075,0.686,13.458,0.05751,0.01133,4,8,crop_radius_minus_1.5,"atom_shuffle,coordinate_jitter",1662,4,4
colab47_crop_subsample_subsample_n4,diffsbdd,mean_qed,0.869,0.096,4.885,0.02534,0.02915,4,8,crop_radius_minus_1.5,"atom_shuffle,coordinate_jitter",1663,4,4
colab47_crop_subsample_subsample_n4,diffsbdd,mean_qed,1.185,0.444,3.789,0.04629,0.03908,4,8,crop_radius_minus_1.5,"atom_shuffle,coordinate_jitter",1664,4,4
colab47_crop_subsample_subsample_n4,diffsbdd,mean_qed,4.025,1.571,19.568,0.09807,0.02436,4,8,crop_radius_minus_1.5,"atom_shuffle,coordinate_jitter",1665,4,4
colab47_crop_subsample_subsample_n4,diffsbdd,mean_qed,1.622,0.116,1.992,0.05233,0.03227,4,8,crop_radius_minus_1.5,"atom_shuffle,coordinate_jitter",1666,4,4
colab47_crop_subsample_subsample_n4,diffsbdd,mean_qed,0.671,0.085,1.398,0.02968,0.0442,4,8,crop_radius_minus_1.5,"atom_shuffle,coordinate_jitter",1667,4,4
colab47_crop_subsample_subsample_n4,diffsbdd,mean_qed,3.538,0.974,8.986,0.07384,0.02087,4,8,crop_radius_minus_1.5,"atom_shuffle,coordinate_jitter",1668,4,4
colab47_crop_subsample_subsample_n4,diffsbdd,mean_qed,2.038,0.065,3.656,0.07809,0.03831,3,6,crop_radius_minus_1.5,"atom_shuffle,coordinate_jitter",1669,4,3
colab47_crop_subsample_subsample_n4,diffsbdd,mean_qed,3.366,0.333,7.005,0.08501,0.02525,4,8,crop_radius_minus_1.5,"atom_shuffle,coordinate_jitter",1670,4,4
colab47_crop_subsample_subsample_n4,diffsbdd,mean_qed,3.229,0.444,10.632,0.05734,0.01776,4,8,crop_radius_minus_1.5,"atom_shuffle,coordinate_jitter",1671,4,4
colab47_crop_subsample_subsample_n4,diffsbdd,mean_qed,2.226,0.377,3.506,0.06537,0.02937,4,8,crop_radius_minus_1.5,"atom_shuffle,coordinate_jitter",1672,4,4
colab47_crop_subsample_subsample_n4,diffsbdd,mean_qed,0.435,0.086,1.725,0.0205,0.04713,4,8,crop_radius_minus_1.5,"atom_shuffle,coordinate_jitter",1673,4,4
colab47_crop_subsample_subsample_n4,diffsbdd,mean_qed,5.031,1.017,14.432,0.08527,0.01695,4,8,crop_radius_minus_1.5,"atom_shuffle,coordinate_jitter",1674,4,4
colab47_crop_subsample_subsample_n4,diffsbdd,mean_qed,4.024,2.279,14.474,0.08431,0.02095,4,8,crop_radius_minus_1.5,"atom_shuffle,coordinate_jitter",1675,4,4
colab47_crop_subsample_subsample_n4,diffsbdd,mean_qed,2.551,0.761,6.071,0.0692,0.02712,4,8,crop_radius_minus_1.5,"atom_shuffle,coordinate_jitter",1676,4,4
colab47_crop_subsample_subsample_n4,diffsbdd,mean_qed,1.69,0.118,4.391,0.05362,0.03173,4,8,crop_radius_minus_1.5,"atom_shuffle,coordinate_jitter",1677,4,4
colab47_crop_subsample_subsample_n4,diffsbdd,mean_qed,1.789,0.554,3.074,0.05915,0.03306,4,8,crop_radius_minus_1.5,"atom_shuffle,coordinate_jitter",1678,4,4
colab47_crop_subsample_subsample_n4,diffsbdd,mean_qed,2.581,0.846,8.003,0.07062,0.02736,4,8,crop_radius_minus_1.5,"atom_shuffle,coordinate_jitter",1679,4,4
colab47_crop_subsample_subsample_n4,diffsbdd,mean_qed,2.529,1.51,9.732,0.05786,0.02288,3,6,crop_radius_minus_1.5,"atom_shuffle,coordinate_jitter",1680,4,3
colab47_crop_subsample_subsample_n4,diffsbdd,mean_qed,2.956,0.169,8.161,0.07655,0.0259,4,8,crop_radius_minus_1.5,"atom_shuffle,coordinate_jitter",1681,4,4
colab47_crop_subsample_subsample_n4,diffsbdd,mean_qed,4.592,0.205,11.324,0.10356,0.02255,4,8,crop_radius_minus_1.5,"atom_shuffle,coordinate_jitter",1682,4,4
colab47_crop_subsample_subsample_n4,diffsbdd,mean_qed,2.465,1.667,10.262,0.06937,0.02815,4,8,crop_radius_minus_1.5,"atom_shuffle,coordinate_jitter",1683,4,4
colab47_crop_subsample_subsample_n4,diffsbdd,mean_qed,1.525,0.656,2.104,0.07644,0.05014,4,8,crop_radius_minus_1.5,"atom_shuffle,coordinate_jitter",1684,4,4
colab47_crop_subsample_subsample_n4,diffsbdd,mean_qed,0.838,0.657,4.285,0.04378,0.05225,4,8,crop_radius_minus_1.5,"atom_shuffle,coordinate_jitter",1685,4,4
colab47_crop_subsample_subsample_n4,diffsbdd,mean_qed,0.633,0.179,7.095,0.01059,0.01672,3,6,crop_radius_minus_1.5,"atom_shuffle,coordinate_jitter",1686,4,3
colab47_crop_subsample_subsample_n4,diffsbdd,mean_qed,3.083,0.659,4.883,0.08691,0.02819,4,8,crop_radius_minus_1.5,"atom_shuffle,coordinate_jitter",1687,4,4
colab47_crop_subsample_subsample_n4,diffsbdd,mean_qed,1.702,0.312,4.255,0.05805,0.0341,4,8,crop_radius_minus_1.5,"atom_shuffle,coordinate_jitter",1688,4,4
colab47_crop_subsample_subsample_n4,diffsbdd,mean_qed,2.13,0.599,7.948,0.08116,0.0381,3,6,crop_radius_minus_1.5,"atom_shuffle,coordinate_jitter",1689,4,3
colab47_crop_subsample_subsample_n4,diffsbdd,mean_qed,0.578,0.076,1.694,0.02213,0.03827,4,8,crop_radius_minus_1.5,"atom_shuffle,coordinate_jitter",1690,4,4
colab47_crop_subsample_subsample_n4,diffsbdd,mean_qed,1.047,0.171,3.788,0.03201,0.03057,4,8,crop_radius_minus_1.5,"atom_shuffle,coordinate_jitter",1691,4,4
colab47_crop_subsample_subsample_n4,diffsbdd,mean_qed,0.848,0.139,4.437,0.01913,0.02255,4,8,crop_radius_minus_1.5,"atom_shuffle,coordinate_jitter",1692,4,4
colab47_crop_subsample_subsample_n4,diffsbdd,mean_qed,2.309,0.966,9.064,0.06083,0.02635,4,8,crop_radius_minus_1.5,"atom_shuffle,coordinate_jitter",1693,4,4
colab47_crop_subsample_subsample_n4,diffsbdd,mean_qed,0.165,0.069,2.138,0.00672,0.04064,4,8,crop_radius_minus_1.5,"atom_shuffle,coordinate_jitter",1694,4,4
colab47_crop_subsample_subsample_n4,diffsbdd,mean_qed,1.191,0.576,2.415,0.03838,0.03224,4,8,crop_radius_minus_1.5,"atom_shuffle,coordinate_jitter",1695,4,4
colab47_crop_subsample_subsample_n4,diffsbdd,mean_qed,0.824,0.12,3.37,0.05548,0.0673,4,8,crop_radius_minus_1.5,"atom_shuffle,coordinate_jitter",1696,4,4
colab47_crop_subsample_subsample_n4,diffsbdd,mean_qed,2.063,0.998,7.497,0.07701,0.03732,4,8,crop_radius_minus_1.5,"atom_shuffle,coordinate_jitter",1697,4,4
colab47_crop_subsample_subsample_n4,diffsbdd,mean_qed,2.004,0.763,4.628,0.05641,0.02815,3,6,crop_radius_minus_1.5,"atom_shuffle,coordinate_jitter",1698,4,3
colab47_crop_subsample_subsample_n4,diffsbdd,mean_qed,1.408,0.176,3.662,0.0649,0.0461,4,8,crop_radius_minus_1.5,"atom_shuffle,coordinate_jitter",1699,4,4
colab47_crop_subsample_subsample_n4,diffsbdd,mean_qed,1.446,0.552,5.608,0.05089,0.03519,4,8,crop_radius_minus_1.5,"atom_shuffle,coordinate_jitter",1700,4,4
colab47_crop_subsample_subsample_n4,diffsbdd,mean_qed,2.018,0.219,5.484,0.04336,0.02149,4,8,crop_radius_minus_1.5,"atom_shuffle,coordinate_jitter",1701,4,4
colab47_crop_subsample_subsample_n4,diffsbdd,mean_qed,0.799,0.269,2.587,0.0248,0.03104,4,8,crop_radius_minus_1.5,"atom_shuffle,coordinate_jitter",1702,4,4
colab47_crop_subsample_subsample_n4,diffsbdd,mean_qed,0.89,0.128,2.931,0.03122,0.03507,4,8,crop_radius_minus_1.5,"atom_shuffle,coordinate_jitter",1703,4,4
colab47_crop_subsample_subsample_n4,diffsbdd,mean_qed,2.228,1.131,6.795,0.05867,0.02633,4,8,crop_radius_minus_1.5,"atom_shuffle,coordinate_jitter",1704,4,4
colab47_crop_subsample_subsample_n4,diffsbdd,mean_qed,1.323,0.26,4.57,0.05621,0.04248,4,8,crop_radius_minus_1.5,"atom_shuffle,coordinate_jitter",1705,4,4
colab47_crop_subsample_subsample_n4,diffsbdd,mean_qed,2.074,0.3,5.209,0.05733,0.02764,4,8,crop_radius_minus_1.5,"atom_shuffle,coordinate_jitter",1706,4,4
colab47_crop_subsample_subsample_n4,diffsbdd,mean_qed,2.952,0.42,12.626,0.05874,0.0199,4,8,crop_radius_minus_1.5,"atom_shuffle,coordinate_jitter",1707,4,4
colab47_crop_subsample_subsample_n4,diffsbdd,mean_qed,2.14,0.229,5.136,0.04888,0.02284,4,8,crop_radius_minus_1.5,"atom_shuffle,coordinate_jitter",1708,4,4
colab47_crop_subsample_subsample_n4,diffsbdd,mean_qed,2.222,1.343,5.019,0.06454,0.02904,4,8,crop_radius_minus_1.5,"atom_shuffle,coordinate_jitter",1709,4,4
colab47_crop_subsample_subsample_n4,diffsbdd,mean_qed,3.221,1.027,10.255,0.07266,0.02256,4,8,crop_radius_minus_1.5,"atom_shuffle,coordinate_jitter",1710,4,4
colab47_crop_subsample_subsample_n4,diffsbdd,mean_qed,2.871,0.94,13.451,0.07193,0.02506,3,6,crop_radius_minus_1.5,"atom_shuffle,coordinate_jitter",1711,4,3
colab47_crop_subsample_subsample_n4,diffsbdd,mean_qed,1.938,0.187,7.095,0.08691,0.04485,3,6,crop_radius_minus_1.5,"atom_shuffle,coordinate_jitter",1712,4,3
colab47_crop_subsample_subsample_n4,diffsbdd,mean_qed,3.3,0.875,12.641,0.05491,0.01664,4,8,crop_radius_minus_1.5,"atom_shuffle,coordinate_jitter",1713,4,4
colab47_crop_subsample_subsample_n4,diffsbdd,mean_qed,1.511,0.568,4.014,0.05746,0.03804,4,8,crop_radius_minus_1.5,"atom_shuffle,coordinate_jitter",1714,4,4
colab47_crop_subsample_subsample_n4,diffsbdd,mean_qed,2.84,1.354,7.633,0.07479,0.02633,3,6,crop_radius_minus_1.5,"atom_shuffle,coordinate_jitter",1715,4,3
colab47_crop_subsample_subsample_n4,diffsbdd,mean_qed,1.599,0.145,7.461,0.05037,0.0315,4,8,crop_radius_minus_1.5,"atom_shuffle,coordinate_jitter",1716,4,4
colab47_crop_subsample_subsample_n4,diffsbdd,mean_qed,1.059,0.309,2.292,0.03794,0.03583,4,8,crop_radius_minus_1.5,"atom_shuffle,coordinate_jitter",1717,4,4
colab47_crop_subsample_subsample_n4,diffsbdd,mean_qed,0.701,0.102,6.407,0.02033,0.02901,3,6,crop_radius_minus_1.5,"atom_shuffle,coordinate_jitter",1718,4,3
colab47_crop_subsample_subsample_n4,diffsbdd,mean_qed,1.191,0.104,8.589,0.08116,0.06816,3,6,crop_radius_minus_1.5,"atom_shuffle,coordinate_jitter",1719,4,3
colab47_crop_subsample_subsample_n4,diffsbdd,mean_qed,2.913,0.171,5.578,0.06406,0.022,4,8,crop_radius_minus_1.5,"atom_shuffle,coordinate_jitter",1720,4,4
colab47_crop_subsample_subsample_n4,diffsbdd,mean_qed,3.877,0.288,6.653,0.07713,0.0199,3,6,crop_radius_minus_1.5,"atom_shuffle,coordinate_jitter",1721,4,3
colab47_crop_subsample_subsample_n4,diffsbdd,mean_qed,1.15,0.586,3.891,0.04211,0.03663,3,6,crop_radius_minus_1.5,"atom_shuffle,coordinate_jitter",1722,4,3
colab47_crop_subsample_subsample_n4,diffsbdd,mean_qed,1.705,0.117,3.369,0.05331,0.03127,4,8,crop_radius_minus_1.5,"atom_shuffle,coordinate_jitter",1723,4,4
colab47_crop_subsample_subsample_n4,diffsbdd,mean_qed,1.317,0.74,2.151,0.06056,0.046,4,8,crop_radius_minus_1.5,"atom_shuffle,coordinate_jitter",1724,4,4
colab47_crop_subsample_subsample_n4,diffsbdd,mean_qed,3.816,1.197,12.714,0.0996,0.0261,4,8,crop_radius_minus_1.5,"atom_shuffle,coordinate_jitter",1725,4,4
colab47_crop_subsample_subsample_n4,diffsbdd,mean_qed,1.366,0.27,3.444,0.05358,0.03922,4,8,crop_radius_minus_1.5,"atom_shuffle,coordinate_jitter",1726,4,4
colab47_crop_subsample_subsample_n4,diffsbdd,mean_qed,2.245,1.287,5.303,0.0709,0.03159,3,6,crop_radius_minus_1.5,"atom_shuffle,coordinate_jitter",1727,4,3
colab47_crop_subsample_subsample_n4,diffsbdd,mean_qed,2.652,2.013,6.261,0.07713,0.02909,3,6,crop_radius_minus_1.5,"atom_shuffle,coordinate_jitter",1728,4,3
colab47_crop_subsample_subsample_n4,diffsbdd,mean_qed,2.019,0.773,6.733,0.06451,0.03195,4,8,crop_radius_minus_1.5,"atom_shuffle,coordinate_jitter",1729,4,4
colab47_crop_subsample_subsample_n4,diffsbdd,mean_qed,2.082,0.928,3.627,0.05794,0.02783,4,8,crop_radius_minus_1.5,"atom_shuffle,coordinate_jitter",1730,4,4
colab47_crop_subsample_subsample_n4,diffsbdd,mean_qed,0.59,0.114,2.291,0.02481,0.04203,4,8,crop_radius_minus_1.5,"atom_shuffle,coordinate_jitter",1731,4,4
colab47_crop_subsample_subsample_n4,diffsbdd,mean_qed,0.928,0.185,5.843,0.02108,0.02272,4,8,crop_radius_minus_1.5,"atom_shuffle,coordinate_jitter",1732,4,4
colab47_crop_subsample_subsample_n4,diffsbdd,mean_qed,0.392,0.19,2.331,0.0095,0.0242,4,8,crop_radius_minus_1.5,"atom_shuffle,coordinate_jitter",1733,4,4
colab47_crop_subsample_subsample_n4,diffsbdd,mean_qed,1.113,0.179,5.31,0.05048,0.04534,4,8,crop_radius_minus_1.5,"atom_shuffle,coordinate_jitter",1734,4,4
colab47_crop_subsample_subsample_n4,diffsbdd,mean_qed,2.015,0.547,9.804,0.03909,0.0194,4,8,crop_radius_minus_1.5,"atom_shuffle,coordinate_jitter",1735,4,4
colab47_crop_subsample_subsample_n4,diffsbdd,mean_qed,2.029,1.066,6.297,0.06668,0.03286,4,8,crop_radius_minus_1.5,"atom_shuffle,coordinate_jitter",1736,4,4
colab47_crop_subsample_subsample_n4,diffsbdd,mean_qed,2.56,1.125,15.691,0.08431,0.03293,4,8,crop_radius_minus_1.5,"atom_shuffle,coordinate_jitter",1737,4,4
colab47_crop_subsample_subsample_n4,diffsbdd,mean_qed,3.451,0.416,8.661,0.06965,0.02018,4,8,crop_radius_minus_1.5,"atom_shuffle,coordinate_jitter",1738,4,4
colab47_crop_subsample_subsample_n4,diffsbdd,mean_qed,1.931,1.078,2.968,0.07479,0.03874,3,6,crop_radius_minus_1.5,"atom_shuffle,coordinate_jitter",1739,4,3
colab47_crop_subsample_subsample_n4,diffsbdd,mean_qed,1.067,0.15,2.768,0.0575,0.05387,4,8,crop_radius_minus_1.5,"atom_shuffle,coordinate_jitter",1740,4,4
colab47_crop_subsample_subsample_n4,diffsbdd,mean_qed,2.592,0.488,9.939,0.06611,0.02551,4,8,crop_radius_minus_1.5,"atom_shuffle,coordinate_jitter",1741,4,4
colab47_crop_subsample_subsample_n4,diffsbdd,mean_qed,2.309,0.126,4.799,0.06863,0.02972,4,8,crop_radius_minus_1.5,"atom_shuffle,coordinate_jitter",1742,4,4
colab47_crop_subsample_subsample_n4,diffsbdd,mean_qed,1.772,1.011,3.058,0.07383,0.04167,4,8,crop_radius_minus_1.5,"atom_shuffle,coordinate_jitter",1743,4,4
colab47_crop_subsample_subsample_n4,diffsbdd,mean_qed,0.239,0.091,1.28,0.00791,0.03304,4,8,crop_radius_minus_1.5,"atom_shuffle,coordinate_jitter",1744,4,4
colab47_crop_subsample_subsample_n4,diffsbdd,mean_qed,2.14,0.854,5.104,0.05805,0.02712,4,8,crop_radius_minus_1.5,"atom_shuffle,coordinate_jitter",1745,4,4
colab47_crop_subsample_subsample_n4,diffsbdd,mean_qed,2.839,0.288,10.258,0.07286,0.02567,3,6,crop_radius_minus_1.5,"atom_shuffle,coordinate_jitter",1746,4,3
colab47_crop_subsample_subsample_n4,diffsbdd,mean_qed,2.148,0.632,5.019,0.08116,0.03779,3,6,crop_radius_minus_1.5,"atom_shuffle,coordinate_jitter",1747,4,3
colab47_crop_subsample_subsample_n4,diffsbdd,mean_qed,3.42,1.102,9.548,0.10633,0.03109,4,8,crop_radius_minus_1.5,"atom_shuffle,coordinate_jitter",1748,4,4
colab47_crop_subsample_subsample_n4,diffsbdd,mean_qed,1.326,0.325,2.442,0.04509,0.03401,4,8,crop_radius_minus_1.5,"atom_shuffle,coordinate_jitter",1749,4,4
colab47_crop_subsample_subsample_n4,diffsbdd,mean_qed,2.518,0.179,4.982,0.07575,0.03009,4,8,crop_radius_minus_1.5,"atom_shuffle,coordinate_jitter",1750,4,4
colab47_crop_subsample_subsample_n4,diffsbdd,mean_qed,1.705,0.91,8.326,0.0495,0.02904,3,6,crop_radius_minus_1.5,"atom_shuffle,coordinate_jitter",1751,4,3
colab47_crop_subsample_subsample_n4,diffsbdd,mean_qed,1.199,0.447,1.915,0.04518,0.03768,4,8,crop_radius_minus_1.5,"atom_shuffle,coordinate_jitter",1752,4,4
colab47_crop_subsample_subsample_n4,diffsbdd,mean_qed,2.224,0.189,3.948,0.06285,0.02826,4,8,crop_radius_minus_1.5,"atom_shuffle,coordinate_jitter",1753,4,4
colab47_crop_subsample_subsample_n4,diffsbdd,mean_qed,2.182,0.98,3.945,0.06552,0.03003,3,6,crop_radius_minus_1.5,"atom_shuffle,coordinate_jitter",1754,4,3
colab47_crop_subsample_subsample_n4,diffsbdd,mean_qed,0.99,0.267,2.238,0.03078,0.0311,4,8,crop_radius_minus_1.5,"atom_shuffle,coordinate_jitter",1755,4,4
colab47_crop_subsample_subsample_n4,diffsbdd,mean_qed,4.481,1.124,12.761,0.0649,0.01448,4,8,crop_radius_minus_1.5,"atom_shuffle,coordinate_jitter",1756,4,4
colab47_crop_subsample_subsample_n4,diffsbdd,mean_qed,2.088,0.878,3.272,0.06668,0.03194,4,8,crop_radius_minus_1.5,"atom_shuffle,coordinate_jitter",1757,4,4
colab47_crop_subsample_subsample_n4,diffsbdd,mean_qed,2.228,0.944,3.679,0.07312,0.03282,4,8,crop_radius_minus_1.5,"atom_shuffle,coordinate_jitter",1758,4,4
colab47_crop_subsample_subsample_n4,diffsbdd,mean_qed,2.586,0.59,14.3,0.0734,0.02838,3,6,crop_radius_minus_1.5,"atom_shuffle,coordinate_jitter",1759,4,3
colab47_crop_subsample_subsample_n4,diffsbdd,mean_qed,1.746,0.627,7.07,0.05498,0.03149,4,8,crop_radius_minus_1.5,"atom_shuffle,coordinate_jitter",1760,4,4
colab47_crop_subsample_subsample_n4,diffsbdd,mean_qed,2.077,0.376,7.158,0.05845,0.02815,4,8,crop_radius_minus_1.5,"atom_shuffle,coordinate_jitter",1761,4,4
colab47_crop_subsample_subsample_n4,diffsbdd,mean_qed,1.814,0.885,2.516,0.05631,0.03104,4,8,crop_radius_minus_1.5,"atom_shuffle,coordinate_jitter",1762,4,4
colab47_crop_subsample_subsample_n4,diffsbdd,mean_qed,0.814,0.068,1.722,0.04466,0.05489,4,8,crop_radius_minus_1.5,"atom_shuffle,coordinate_jitter",1763,4,4
colab47_crop_subsample_subsample_n4,diffsbdd,mean_qed,0.776,0.148,2.18,0.04921,0.06341,4,8,crop_radius_minus_1.5,"atom_shuffle,coordinate_jitter",1764,4,4
colab47_crop_subsample_subsample_n4,diffsbdd,mean_qed,1.946,0.763,5.776,0.06213,0.03192,4,8,crop_radius_minus_1.5,"atom_shuffle,coordinate_jitter",1765,4,4
colab47_crop_subsample_subsample_n4,diffsbdd,mean_qed,1.245,0.224,6.328,0.05459,0.04384,4,8,crop_radius_minus_1.5,"atom_shuffle,coordinate_jitter",1766,4,4
colab47_crop_subsample_subsample_n4,diffsbdd,mean_qed,1.905,0.911,4.39,0.06453,0.03387,4,8,crop_radius_minus_1.5,"atom_shuffle,coordinate_jitter",1767,4,4
colab47_crop_subsample_subsample_n4,diffsbdd,mean_qed,1.568,0.19,9.807,0.03376,0.02153,3,6,crop_radius_minus_1.5,"atom_shuffle,coordinate_jitter",1768,4,3
colab47_crop_subsample_subsample_n4,diffsbdd,mean_qed,1.696,0.801,3.969,0.07329,0.04322,4,8,crop_radius_minus_1.5,"atom_shuffle,coordinate_jitter",1769,4,4
colab47_crop_subsample_subsample_n4,diffsbdd,mean_qed,2.506,1.452,14.327,0.12048,0.04807,4,8,crop_radius_minus_1.5,"atom_shuffle,coordinate_jitter",1770,4,4
colab47_crop_subsample_subsample_n4,diffsbdd,mean_qed,0.519,0.104,12.389,0.0084,0.01618,3,6,crop_radius_minus_1.5,"atom_shuffle,coordinate_jitter",1771,4,3
colab47_crop_subsample_subsample_n4,diffsbdd,mean_qed,1.205,0.138,3.815,0.02695,0.02237,4,8,crop_radius_minus_1.5,"atom_shuffle,coordinate_jitter",1772,4,4
colab47_crop_subsample_subsample_n4,diffsbdd,mean_qed,1.249,0.112,2.174,0.04101,0.03282,4,8,crop_radius_minus_1.5,"atom_shuffle,coordinate_jitter",1773,4,4
colab47_crop_subsample_subsample_n4,diffsbdd,mean_qed,1.54,0.498,2.63,0.05749,0.03732,4,8,crop_radius_minus_1.5,"atom_shuffle,coordinate_jitter",1774,4,4
colab47_crop_subsample_subsample_n4,diffsbdd,mean_qed,2.749,1.503,4.292,0.07549,0.02746,4,8,crop_radius_minus_1.5,"atom_shuffle,coordinate_jitter",1775,4,4
colab47_crop_subsample_subsample_n4,diffsbdd,mean_qed,2.982,0.454,12.505,0.07266,0.02436,4,8,crop_radius_minus_1.5,"atom_shuffle,coordinate_jitter",1776,4,4
colab47_crop_subsample_subsample_n4,diffsbdd,mean_qed,2.426,0.943,4.774,0.05082,0.02095,4,8,crop_radius_minus_1.5,"atom_shuffle,coordinate_jitter",1777,4,4
colab47_crop_subsample_subsample_n4,diffsbdd,mean_qed,0.853,0.145,2.327,0.04801,0.05627,4,8,crop_radius_minus_1.5,"atom_shuffle,coordinate_jitter",1778,4,4
colab47_crop_subsample_subsample_n4,diffsbdd,mean_qed,2.465,1.1,4.459,0.077,0.03123,4,8,crop_radius_minus_1.5,"atom_shuffle,coordinate_jitter",1779,4,4
colab47_crop_subsample_subsample_n4,diffsbdd,mean_qed,1.075,0.126,2.887,0.03376,0.03139,3,6,crop_radius_minus_1.5,"atom_shuffle,coordinate_jitter",1780,4,3
colab47_crop_subsample_subsample_n4,diffsbdd,mean_qed,1.623,0.826,9.373,0.06438,0.03966,3,6,crop_radius_minus_1.5,"atom_shuffle,coordinate_jitter",1781,4,3
colab47_crop_subsample_subsample_n4,diffsbdd,mean_qed,1.937,1.175,5.019,0.0831,0.0429,3,6,crop_radius_minus_1.5,"atom_shuffle,coordinate_jitter",1782,4,3
colab47_crop_subsample_subsample_n4,diffsbdd,mean_qed,2.296,0.874,13.094,0.08015,0.03492,4,8,crop_radius_minus_1.5,"atom_shuffle,coordinate_jitter",1783,4,4
colab47_crop_subsample_subsample_n4,diffsbdd,mean_qed,3.057,0.856,8.526,0.05804,0.01898,4,8,crop_radius_minus_1.5,"atom_shuffle,coordinate_jitter",1784,4,4
colab47_crop_subsample_subsample_n4,diffsbdd,mean_qed,0.976,0.452,2.025,0.04058,0.04157,4,8,crop_radius_minus_1.5,"atom_shuffle,coordinate_jitter",1785,4,4
colab47_crop_subsample_subsample_n4,diffsbdd,mean_qed,1.362,0.123,5.569,0.04147,0.03044,4,8,crop_radius_minus_1.5,"atom_shuffle,coordinate_jitter",1786,4,4
colab47_crop_subsample_subsample_n4,diffsbdd,mean_qed,1.523,0.233,4.304,0.03221,0.02115,4,8,crop_radius_minus_1.5,"atom_shuffle,coordinate_jitter",1787,4,4
colab47_crop_subsample_subsample_n4,diffsbdd,mean_qed,4.407,0.769,14.273,0.06072,0.01378,4,8,crop_radius_minus_1.5,"atom_shuffle,coordinate_jitter",1788,4,4
colab47_crop_subsample_subsample_n4,diffsbdd,mean_qed,2.466,1.275,4.907,0.08012,0.03248,4,8,crop_radius_minus_1.5,"atom_shuffle,coordinate_jitter",1789,4,4
colab47_crop_subsample_subsample_n4,diffsbdd,mean_qed,1.157,0.233,5.934,0.02662,0.02301,4,8,crop_radius_minus_1.5,"atom_shuffle,coordinate_jitter",1790,4,4
colab47_crop_subsample_subsample_n4,diffsbdd,mean_qed,0.477,0.171,2.698,0.01458,0.03057,4,8,crop_radius_minus_1.5,"atom_shuffle,coordinate_jitter",1791,4,4
colab47_crop_subsample_subsample_n4,diffsbdd,mean_qed,5.991,0.235,11.848,0.1118,0.01866,4,8,crop_radius_minus_1.5,"atom_shuffle,coordinate_jitter",1792,4,4
colab47_crop_subsample_subsample_n4,diffsbdd,mean_qed,1.88,1.134,4.04,0.06627,0.03525,4,8,crop_radius_minus_1.5,"atom_shuffle,coordinate_jitter",1793,4,4
colab47_crop_subsample_subsample_n4,diffsbdd,mean_qed,4.502,1.987,13.282,0.0638,0.01417,4,8,crop_radius_minus_1.5,"atom_shuffle,coordinate_jitter",1794,4,4
colab47_crop_subsample_subsample_n4,diffsbdd,mean_qed,2.704,0.161,9.639,0.08315,0.03075,4,8,crop_radius_minus_1.5,"atom_shuffle,coordinate_jitter",1795,4,4
colab47_crop_subsample_subsample_n4,diffsbdd,mean_qed,4.042,1.203,11.14,0.11345,0.02807,4,8,crop_radius_minus_1.5,"atom_shuffle,coordinate_jitter",1796,4,4
colab47_crop_subsample_subsample_n4,diffsbdd,mean_qed,1.796,0.868,3.335,0.06959,0.03874,4,8,crop_radius_minus_1.5,"atom_shuffle,coordinate_jitter",1797,4,4
colab47_crop_subsample_subsample_n4,diffsbdd,mean_qed,2.237,0.214,4.003,0.08477,0.03789,4,8,crop_radius_minus_1.5,"atom_shuffle,coordinate_jitter",1798,4,4
colab47_crop_subsample_subsample_n4,diffsbdd,mean_qed,1.984,0.901,6.763,0.04336,0.02186,4,8,crop_radius_minus_1.5,"atom_shuffle,coordinate_jitter",1799,4,4
colab47_crop_subsample_subsample_n4,diffsbdd,mean_qed,3.04,0.191,5.425,0.08504,0.02797,4,8,crop_radius_minus_1.5,"atom_shuffle,coordinate_jitter",1800,4,4
colab47_crop_subsample_subsample_n4,diffsbdd,mean_qed,1.844,0.148,3.206,0.05191,0.02815,4,8,crop_radius_minus_1.5,"atom_shuffle,coordinate_jitter",1801,4,4
colab47_crop_subsample_subsample_n4,diffsbdd,mean_qed,0.717,0.077,2.204,0.03795,0.05295,4,8,crop_radius_minus_1.5,"atom_shuffle,coordinate_jitter",1802,4,4
colab47_crop_subsample_subsample_n4,diffsbdd,mean_qed,1.899,0.651,6.052,0.04016,0.02115,4,8,crop_radius_minus_1.5,"atom_shuffle,coordinate_jitter",1803,4,4
colab47_crop_subsample_subsample_n4,diffsbdd,mean_qed,1.576,0.182,3.556,0.04538,0.0288,4,8,crop_radius_minus_1.5,"atom_shuffle,coordinate_jitter",1804,4,4
colab47_crop_subsample_subsample_n4,diffsbdd,mean_qed,0.776,0.155,1.607,0.04057,0.05225,4,8,crop_radius_minus_1.5,"atom_shuffle,coordinate_jitter",1805,4,4
colab47_crop_subsample_subsample_n4,diffsbdd,mean_qed,1.869,0.196,4.955,0.07313,0.03912,4,8,crop_radius_minus_1.5,"atom_shuffle,coordinate_jitter",1806,4,4
colab47_crop_subsample_subsample_n4,diffsbdd,mean_qed,3.518,0.802,7.637,0.07061,0.02007,4,8,crop_radius_minus_1.5,"atom_shuffle,coordinate_jitter",1807,4,4
colab47_crop_subsample_subsample_n4,diffsbdd,mean_qed,3.694,1.056,10.173,0.06145,0.01664,4,8,crop_radius_minus_1.5,"atom_shuffle,coordinate_jitter",1808,4,4
colab47_crop_subsample_subsample_n4,diffsbdd,mean_qed,1.003,0.57,3.14,0.04518,0.04503,4,8,crop_radius_minus_1.5,"atom_shuffle,coordinate_jitter",1809,4,4
colab47_crop_subsample_subsample_n4,diffsbdd,mean_qed,2.609,0.578,8.69,0.0918,0.03518,4,8,crop_radius_minus_1.5,"atom_shuffle,coordinate_jitter",1810,4,4
colab47_crop_subsample_subsample_n4,diffsbdd,mean_qed,1.16,0.179,5.712,0.02845,0.02453,4,8,crop_radius_minus_1.5,"atom_shuffle,coordinate_jitter",1811,4,4
colab47_crop_subsample_subsample_n4,diffsbdd,mean_qed,2.767,0.205,5.623,0.06118,0.02211,4,8,crop_radius_minus_1.5,"atom_shuffle,coordinate_jitter",1812,4,4
colab47_crop_subsample_subsample_n4,diffsbdd,mean_qed,1.696,0.658,2.552,0.04935,0.0291,4,8,crop_radius_minus_1.5,"atom_shuffle,coordinate_jitter",1813,4,4
colab47_crop_subsample_subsample_n4,diffsbdd,mean_qed,3.154,0.57,12.333,0.06118,0.0194,4,8,crop_radius_minus_1.5,"atom_shuffle,coordinate_jitter",1814,4,4
colab47_crop_subsample_subsample_n4,diffsbdd,mean_qed,3.238,0.233,7.881,0.0745,0.02301,4,8,crop_radius_minus_1.5,"atom_shuffle,coordinate_jitter",1815,4,4
colab47_crop_subsample_subsample_n4,diffsbdd,mean_qed,1.966,1.021,3.745,0.0918,0.04668,2,4,crop_radius_minus_1.5,"atom_shuffle,coordinate_jitter",1816,4,2
colab47_crop_subsample_subsample_n4,diffsbdd,mean_qed,2.765,0.25,5.927,0.05794,0.02095,4,8,crop_radius_minus_1.5,"atom_shuffle,coordinate_jitter",1817,4,4
colab47_crop_subsample_subsample_n4,diffsbdd,mean_qed,0.885,0.117,2.709,0.06129,0.06928,4,8,crop_radius_minus_1.5,"atom_shuffle,coordinate_jitter",1818,4,4
colab47_crop_subsample_subsample_n4,diffsbdd,mean_qed,1.93,0.889,3.391,0.06029,0.03123,4,8,crop_radius_minus_1.5,"atom_shuffle,coordinate_jitter",1819,4,4
colab47_crop_subsample_subsample_n4,diffsbdd,mean_qed,4.635,0.3,13.184,0.07655,0.01651,4,8,crop_radius_minus_1.5,"atom_shuffle,coordinate_jitter",1820,4,4
colab47_crop_subsample_subsample_n4,diffsbdd,mean_qed,3.096,0.653,11.557,0.05869,0.01896,4,8,crop_radius_minus_1.5,"atom_shuffle,coordinate_jitter",1821,4,4
colab47_crop_subsample_subsample_n4,diffsbdd,mean_qed,1.781,0.643,10.944,0.05632,0.03162,4,8,crop_radius_minus_1.5,"atom_shuffle,coordinate_jitter",1822,4,4
colab47_crop_subsample_subsample_n4,diffsbdd,mean_qed,2.385,1.14,5.654,0.07062,0.0296,4,8,crop_radius_minus_1.5,"atom_shuffle,coordinate_jitter",1823,4,4
colab47_crop_subsample_subsample_n4,diffsbdd,mean_qed,9.413,1.541,20.439,0.07193,0.00764,3,6,crop_radius_minus_1.5,"atom_shuffle,coordinate_jitter",1824,4,3
colab47_crop_subsample_subsample_n4,diffsbdd,mean_qed,3.111,1.029,6.452,0.04625,0.01487,4,8,crop_radius_minus_1.5,"atom_shuffle,coordinate_jitter",1825,4,4
colab47_crop_subsample_subsample_n4,diffsbdd,mean_qed,1.029,0.269,3.262,0.04057,0.03941,4,8,crop_radius_minus_1.5,"atom_shuffle,coordinate_jitter",1826,4,4
colab47_crop_subsample_subsample_n4,diffsbdd,mean_qed,2.408,0.185,6.202,0.0675,0.02803,4,8,crop_radius_minus_1.5,"atom_shuffle,coordinate_jitter",1827,4,4
colab47_crop_subsample_subsample_n4,diffsbdd,mean_qed,2.451,1.479,3.945,0.06355,0.02593,4,8,crop_radius_minus_1.5,"atom_shuffle,coordinate_jitter",1828,4,4
colab47_crop_subsample_subsample_n4,diffsbdd,mean_qed,2.49,0.774,3.225,0.0745,0.02992,4,8,crop_radius_minus_1.5,"atom_shuffle,coordinate_jitter",1829,4,4
colab47_crop_subsample_subsample_n4,diffsbdd,mean_qed,2.112,1.157,3.491,0.06627,0.03138,4,8,crop_radius_minus_1.5,"atom_shuffle,coordinate_jitter",1830,4,4
colab47_crop_subsample_subsample_n4,diffsbdd,mean_qed,0.944,0.429,2.842,0.03333,0.03533,4,8,crop_radius_minus_1.5,"atom_shuffle,coordinate_jitter",1831,4,4
colab47_crop_subsample_subsample_n4,diffsbdd,mean_qed,1.417,0.862,2.54,0.06677,0.04711,4,8,crop_radius_minus_1.5,"atom_shuffle,coordinate_jitter",1832,4,4
colab47_crop_subsample_subsample_n4,diffsbdd,mean_qed,0.836,0.224,2.887,0.02174,0.02601,4,8,crop_radius_minus_1.5,"atom_shuffle,coordinate_jitter",1833,4,4
colab47_crop_subsample_subsample_n4,diffsbdd,mean_qed,2.348,0.768,21.652,0.06438,0.02742,3,6,crop_radius_minus_1.5,"atom_shuffle,coordinate_jitter",1834,4,3
colab47_crop_subsample_subsample_n4,diffsbdd,mean_qed,2.903,0.229,11.06,0.0663,0.02284,4,8,crop_radius_minus_1.5,"atom_shuffle,coordinate_jitter",1835,4,4
colab47_crop_subsample_subsample_n4,diffsbdd,mean_qed,1.169,0.196,2.251,0.04572,0.03912,4,8,crop_radius_minus_1.5,"atom_shuffle,coordinate_jitter",1836,4,4
colab47_crop_subsample_subsample_n4,diffsbdd,mean_qed,0.885,0.108,2.33,0.03597,0.04062,4,8,crop_radius_minus_1.5,"atom_shuffle,coordinate_jitter",1837,4,4
colab47_crop_subsample_subsample_n4,diffsbdd,mean_qed,2.027,0.288,4.552,0.06945,0.03427,4,8,crop_radius_minus_1.5,"atom_shuffle,coordinate_jitter",1838,4,4
colab47_crop_subsample_subsample_n4,diffsbdd,mean_qed,1.029,0.583,5.082,0.02033,0.01976,3,6,crop_radius_minus_1.5,"atom_shuffle,coordinate_jitter",1839,4,3
colab47_crop_subsample_subsample_n4,diffsbdd,mean_qed,0.45,0.152,4.328,0.01106,0.02458,3,6,crop_radius_minus_1.5,"atom_shuffle,coordinate_jitter",1840,4,3
colab47_crop_subsample_subsample_n4,diffsbdd,mean_qed,1.76,0.288,3.736,0.05916,0.03361,4,8,crop_radius_minus_1.5,"atom_shuffle,coordinate_jitter",1841,4,4
colab47_crop_subsample_subsample_n4,diffsbdd,mean_qed,0.816,0.646,2.668,0.04256,0.05212,4,8,crop_radius_minus_1.5,"atom_shuffle,coordinate_jitter",1842,4,4
colab47_crop_subsample_subsample_n4,diffsbdd,mean_qed,3.675,1.796,14.972,0.06815,0.01855,4,8,crop_radius_minus_1.5,"atom_shuffle,coordinate_jitter",1843,4,4
colab47_crop_subsample_subsample_n4,diffsbdd,mean_qed,1.92,0.148,2.96,0.04874,0.02538,4,8,crop_radius_minus_1.5,"atom_shuffle,coordinate_jitter",1844,4,4
colab47_crop_subsample_subsample_n4,diffsbdd,mean_qed,2.426,0.487,6.928,0.05082,0.02095,4,8,crop_radius_minus_1.5,"atom_shuffle,coordinate_jitter",1845,4,4
colab47_crop_subsample_subsample_n4,diffsbdd,mean_qed,0.717,0.229,1.956,0.01578,0.02201,4,8,crop_radius_minus_1.5,"atom_shuffle,coordinate_jitter",1846,4,4
colab47_crop_subsample_subsample_n4,diffsbdd,mean_qed,0.9,0.347,2.129,0.02879,0.032,4,8,crop_radius_minus_1.5,"atom_shuffle,coordinate_jitter",1847,4,4
colab47_crop_subsample_subsample_n4,diffsbdd,mean_qed,2.711,0.829,9.03,0.04747,0.01751,4,8,crop_radius_minus_1.5,"atom_shuffle,coordinate_jitter",1848,4,4
colab47_crop_subsample_subsample_n4,diffsbdd,mean_qed,1.775,0.229,11.227,0.0357,0.02011,4,8,crop_radius_minus_1.5,"atom_shuffle,coordinate_jitter",1849,4,4
colab47_crop_subsample_subsample_n4,diffsbdd,mean_qed,2.22,0.186,6.898,0.06376,0.02872,4,8,crop_radius_minus_1.5,"atom_shuffle,coordinate_jitter",1850,4,4
colab47_crop_subsample_subsample_n4,diffsbdd,mean_qed,1.099,0.553,6.749,0.05548,0.05046,4,8,crop_radius_minus_1.5,"atom_shuffle,coordinate_jitter",1851,4,4
colab47_crop_subsample_subsample_n4,diffsbdd,mean_qed,1.584,0.682,3.264,0.07286,0.046,3,6,crop_radius_minus_1.5,"atom_shuffle,coordinate_jitter",1852,4,3
colab47_crop_subsample_subsample_n4,diffsbdd,mean_qed,1.606,0.811,2.711,0.043,0.02678,3,6,crop_radius_minus_1.5,"atom_shuffle,coordinate_jitter",1853,4,3
colab47_crop_subsample_subsample_n4,diffsbdd,mean_qed,1.101,0.736,2.111,0.03639,0.03305,4,8,crop_radius_minus_1.5,"atom_shuffle,coordinate_jitter",1854,4,4
colab47_crop_subsample_subsample_n4,diffsbdd,mean_qed,1.35,0.163,7.164,0.0649,0.04807,4,8,crop_radius_minus_1.5,"atom_shuffle,coordinate_jitter",1855,4,4
colab47_crop_subsample_subsample_n4,diffsbdd,mean_qed,2.415,0.13,5.938,0.05734,0.02375,4,8,crop_radius_minus_1.5,"atom_shuffle,coordinate_jitter",1856,4,4
colab47_crop_subsample_subsample_n4,diffsbdd,mean_qed,2.317,1.23,5.578,0.07036,0.03037,4,8,crop_radius_minus_1.5,"atom_shuffle,coordinate_jitter",1857,4,4
colab47_crop_subsample_subsample_n4,diffsbdd,mean_qed,5.453,3.118,23.787,0.07193,0.01319,3,6,crop_radius_minus_1.5,"atom_shuffle,coordinate_jitter",1858,4,3
colab47_crop_subsample_subsample_n4,diffsbdd,mean_qed,2.601,0.89,7.073,0.05867,0.02256,4,8,crop_radius_minus_1.5,"atom_shuffle,coordinate_jitter",1859,4,4
colab47_crop_subsample_subsample_n4,diffsbdd,mean_qed,1.879,1.082,9.559,0.0638,0.03395,4,8,crop_radius_minus_1.5,"atom_shuffle,coordinate_jitter",1860,4,4
colab47_crop_subsample_subsample_n4,diffsbdd,mean_qed,2.554,1.413,6.685,0.07188,0.02815,4,8,crop_radius_minus_1.5,"atom_shuffle,coordinate_jitter",1861,4,4
colab47_crop_subsample_subsample_n4,diffsbdd,mean_qed,3.048,0.197,7.602,0.07549,0.02476,4,8,crop_radius_minus_1.5,"atom_shuffle,coordinate_jitter",1862,4,4
colab47_crop_subsample_subsample_n4,diffsbdd,mean_qed,1.978,0.193,5.844,0.05491,0.02777,4,8,crop_radius_minus_1.5,"atom_shuffle,coordinate_jitter",1863,4,4
colab47_crop_subsample_subsample_n4,diffsbdd,mean_qed,2.845,0.353,6.089,0.06764,0.02377,4,8,crop_radius_minus_1.5,"atom_shuffle,coordinate_jitter",1864,4,4
colab47_crop_subsample_subsample_n4,diffsbdd,mean_qed,1.797,0.137,6.358,0.05775,0.03214,4,8,crop_radius_minus_1.5,"atom_shuffle,coordinate_jitter",1865,4,4
colab47_crop_subsample_subsample_n4,diffsbdd,mean_qed,4.537,0.961,11.614,0.04544,0.01002,3,6,crop_radius_minus_1.5,"atom_shuffle,coordinate_jitter",1866,4,3
colab47_crop_subsample_subsample_n4,diffsbdd,mean_qed,0.941,0.099,7.74,0.04075,0.04332,4,8,crop_radius_minus_1.5,"atom_shuffle,coordinate_jitter",1867,4,4
colab47_crop_subsample_subsample_n4,diffsbdd,mean_qed,2.989,1.759,6.123,0.05368,0.01796,4,8,crop_radius_minus_1.5,"atom_shuffle,coordinate_jitter",1868,4,4
colab47_crop_subsample_subsample_n4,diffsbdd,mean_qed,0.687,0.07,4.771,0.04001,0.05826,4,8,crop_radius_minus_1.5,"atom_shuffle,coordinate_jitter",1869,4,4
colab47_crop_subsample_subsample_n4,diffsbdd,mean_qed,1.969,1.129,3.745,0.06464,0.03282,4,8,crop_radius_minus_1.5,"atom_shuffle,coordinate_jitter",1870,4,4
colab47_crop_subsample_subsample_n4,diffsbdd,mean_qed,2.694,0.327,5.441,0.08723,0.03238,4,8,crop_radius_minus_1.5,"atom_shuffle,coordinate_jitter",1871,4,4
colab47_crop_subsample_subsample_n4,diffsbdd,mean_qed,1.749,0.293,4.52,0.06106,0.03491,4,8,crop_radius_minus_1.5,"atom_shuffle,coordinate_jitter",1872,4,4
colab47_crop_subsample_subsample_n4,diffsbdd,mean_qed,2.296,0.358,5.372,0.06798,0.02961,4,8,crop_radius_minus_1.5,"atom_shuffle,coordinate_jitter",1873,4,4
colab47_crop_subsample_subsample_n4,diffsbdd,mean_qed,1.278,0.165,2.422,0.04058,0.03175,4,8,crop_radius_minus_1.5,"atom_shuffle,coordinate_jitter",1874,4,4
colab47_crop_subsample_subsample_n4,diffsbdd,mean_qed,0.688,0.108,2.928,0.02692,0.03912,4,8,crop_radius_minus_1.5,"atom_shuffle,coordinate_jitter",1875,4,4
colab47_crop_subsample_subsample_n4,diffsbdd,mean_qed,1.596,0.868,2.597,0.0575,0.03602,4,8,crop_radius_minus_1.5,"atom_shuffle,coordinate_jitter",1876,4,4
colab47_crop_subsample_subsample_n4,diffsbdd,mean_qed,2.586,0.716,9.547,0.07339,0.02838,4,8,crop_radius_minus_1.5,"atom_shuffle,coordinate_jitter",1877,4,4
colab47_crop_subsample_subsample_n4,diffsbdd,mean_qed,1.772,0.58,7.463,0.05382,0.03038,4,8,crop_radius_minus_1.5,"atom_shuffle,coordinate_jitter",1878,4,4
colab47_crop_subsample_subsample_n4,diffsbdd,mean_qed,2.084,0.46,3.99,0.04802,0.02304,4,8,crop_radius_minus_1.5,"atom_shuffle,coordinate_jitter",1879,4,4
colab47_crop_subsample_subsample_n4,diffsbdd,mean_qed,2.229,1.313,4.367,0.0496,0.02225,4,8,crop_radius_minus_1.5,"atom_shuffle,coordinate_jitter",1880,4,4
colab47_crop_subsample_subsample_n4,diffsbdd,mean_qed,2.275,0.235,10.207,0.04128,0.01815,3,6,crop_radius_minus_1.5,"atom_shuffle,coordinate_jitter",1881,4,3
colab47_crop_subsample_subsample_n4,diffsbdd,mean_qed,3.429,1.451,8.664,0.08916,0.026,4,8,crop_radius_minus_1.5,"atom_shuffle,coordinate_jitter",1882,4,4
colab47_crop_subsample_subsample_n4,diffsbdd,mean_qed,2.463,1.214,3.186,0.07761,0.03152,4,8,crop_radius_minus_1.5,"atom_shuffle,coordinate_jitter",1883,4,4
colab47_crop_subsample_subsample_n4,diffsbdd,mean_qed,1.518,0.58,10.088,0.05325,0.03507,4,8,crop_radius_minus_1.5,"atom_shuffle,coordinate_jitter",1884,4,4
colab47_crop_subsample_subsample_n4,diffsbdd,mean_qed,2.087,0.881,7.564,0.05093,0.0244,4,8,crop_radius_minus_1.5,"atom_shuffle,coordinate_jitter",1885,4,4
colab47_crop_subsample_subsample_n4,diffsbdd,mean_qed,3.269,1.225,6.099,0.08691,0.02659,3,6,crop_radius_minus_1.5,"atom_shuffle,coordinate_jitter",1886,4,3
colab47_crop_subsample_subsample_n4,diffsbdd,mean_qed,1.151,0.179,6.588,0.02315,0.02011,3,6,crop_radius_minus_1.5,"atom_shuffle,coordinate_jitter",1887,4,3
colab47_crop_subsample_subsample_n4,diffsbdd,mean_qed,3.195,0.207,8.161,0.06984,0.02186,4,8,crop_radius_minus_1.5,"atom_shuffle,coordinate_jitter",1888,4,4
colab47_crop_subsample_subsample_n4,diffsbdd,mean_qed,4.495,1.401,9.804,0.13928,0.03099,3,6,crop_radius_minus_1.5,"atom_shuffle,coordinate_jitter",1889,4,3
colab47_crop_subsample_subsample_n4,diffsbdd,mean_qed,1.347,0.806,2.338,0.04422,0.03282,4,8,crop_radius_minus_1.5,"atom_shuffle,coordinate_jitter",1890,4,4
colab47_crop_subsample_subsample_n4,diffsbdd,mean_qed,1.48,0.666,2.908,0.05332,0.03603,4,8,crop_radius_minus_1.5,"atom_shuffle,coordinate_jitter",1891,4,4
colab47_crop_subsample_subsample_n4,diffsbdd,mean_qed,2.303,0.87,4.209,0.07621,0.03309,4,8,crop_radius_minus_1.5,"atom_shuffle,coordinate_jitter",1892,4,4
colab47_crop_subsample_subsample_n4,diffsbdd,mean_qed,1.469,0.179,5.634,0.03078,0.02095,4,8,crop_radius_minus_1.5,"atom_shuffle,coordinate_jitter",1893,4,4
colab47_crop_subsample_subsample_n4,diffsbdd,mean_qed,1.435,0.094,3.409,0.043,0.02997,3,6,crop_radius_minus_1.5,"atom_shuffle,coordinate_jitter",1894,4,3
colab47_crop_subsample_subsample_n4,diffsbdd,mean_qed,1.391,0.718,9.661,0.04625,0.03324,4,8,crop_radius_minus_1.5,"atom_shuffle,coordinate_jitter",1895,4,4
colab47_crop_subsample_subsample_n4,diffsbdd,mean_qed,2.187,1.312,7.426,0.06668,0.03049,4,8,crop_radius_minus_1.5,"atom_shuffle,coordinate_jitter",1896,4,4
colab47_crop_subsample_subsample_n4,diffsbdd,mean_qed,1.748,0.156,7.349,0.04921,0.02815,4,8,crop_radius_minus_1.5,"atom_shuffle,coordinate_jitter",1897,4,4
colab47_crop_subsample_subsample_n4,diffsbdd,mean_qed,3.141,0.267,9.967,0.05165,0.01644,4,8,crop_radius_minus_1.5,"atom_shuffle,coordinate_jitter",1898,4,4
colab47_crop_subsample_subsample_n4,diffsbdd,mean_qed,1.464,0.626,5.392,0.05498,0.03755,4,8,crop_radius_minus_1.5,"atom_shuffle,coordinate_jitter",1899,4,4
colab47_crop_subsample_subsample_n4,diffsbdd,mean_qed,2.324,0.266,7.291,0.06119,0.02633,4,8,crop_radius_minus_1.5,"atom_shuffle,coordinate_jitter",1900,4,4
colab47_crop_subsample_subsample_n4,diffsbdd,mean_qed,2.434,0.297,4.064,0.05786,0.02377,3,6,crop_radius_minus_1.5,"atom_shuffle,coordinate_jitter",1901,4,3
colab47_crop_subsample_subsample_n4,diffsbdd,mean_qed,0.898,0.116,2.916,0.0626,0.06967,4,8,crop_radius_minus_1.5,"atom_shuffle,coordinate_jitter",1902,4,4
colab47_crop_subsample_subsample_n4,diffsbdd,mean_qed,1.069,0.156,4.434,0.02674,0.02502,4,8,crop_radius_minus_1.5,"atom_shuffle,coordinate_jitter",1903,4,4
colab47_crop_subsample_subsample_n4,diffsbdd,mean_qed,1.293,0.379,4.479,0.02845,0.02201,4,8,crop_radius_minus_1.5,"atom_shuffle,coordinate_jitter",1904,4,4
colab47_crop_subsample_subsample_n4,diffsbdd,mean_qed,0.411,0.12,1.175,0.02175,0.05295,4,8,crop_radius_minus_1.5,"atom_shuffle,coordinate_jitter",1905,4,4
colab47_crop_subsample_subsample_n4,diffsbdd,mean_qed,0.57,0.166,2.142,0.02574,0.04514,4,8,crop_radius_minus_1.5,"atom_shuffle,coordinate_jitter",1906,4,4
colab47_crop_subsample_subsample_n4,diffsbdd,mean_qed,1.559,0.84,8.644,0.04223,0.02708,4,8,crop_radius_minus_1.5,"atom_shuffle,coordinate_jitter",1907,4,4
colab47_crop_subsample_subsample_n4,diffsbdd,mean_qed,0.859,0.321,4.005,0.0288,0.03352,4,8,crop_radius_minus_1.5,"atom_shuffle,coordinate_jitter",1908,4,4
colab47_crop_subsample_subsample_n4,diffsbdd,mean_qed,2.734,0.264,12.418,0.05547,0.02029,4,8,crop_radius_minus_1.5,"atom_shuffle,coordinate_jitter",1909,4,4
colab47_crop_subsample_subsample_n4,diffsbdd,mean_qed,2.081,1.11,3.892,0.04625,0.02223,4,8,crop_radius_minus_1.5,"atom_shuffle,coordinate_jitter",1910,4,4
colab47_crop_subsample_subsample_n4,diffsbdd,mean_qed,2.85,1.355,11.035,0.07501,0.02632,4,8,crop_radius_minus_1.5,"atom_shuffle,coordinate_jitter",1911,4,4
colab47_crop_subsample_subsample_n4,diffsbdd,mean_qed,1.318,0.185,2.873,0.05804,0.04405,4,8,crop_radius_minus_1.5,"atom_shuffle,coordinate_jitter",1912,4,4
colab47_crop_subsample_subsample_n4,diffsbdd,mean_qed,1.464,0.955,2.795,0.0604,0.04125,4,8,crop_radius_minus_1.5,"atom_shuffle,coordinate_jitter",1913,4,4
colab47_crop_subsample_subsample_n4,diffsbdd,mean_qed,0.532,0.259,4.474,0.00973,0.0183,4,8,crop_radius_minus_1.5,"atom_shuffle,coordinate_jitter",1914,4,4
colab47_crop_subsample_subsample_n4,diffsbdd,mean_qed,2.187,0.327,4.194,0.05306,0.02426,4,8,crop_radius_minus_1.5,"atom_shuffle,coordinate_jitter",1915,4,4
colab47_crop_subsample_subsample_n4,diffsbdd,mean_qed,3.538,2.225,10.256,0.07384,0.02087,4,8,crop_radius_minus_1.5,"atom_shuffle,coordinate_jitter",1916,4,4
colab47_crop_subsample_subsample_n4,diffsbdd,mean_qed,1.602,0.204,6.843,0.06479,0.04045,4,8,crop_radius_minus_1.5,"atom_shuffle,coordinate_jitter",1917,4,4
colab47_crop_subsample_subsample_n4,diffsbdd,mean_qed,7.145,2.139,14.419,0.07142,0.01,4,8,crop_radius_minus_1.5,"atom_shuffle,coordinate_jitter",1918,4,4
colab47_crop_subsample_subsample_n4,diffsbdd,mean_qed,1.074,0.107,2.947,0.05385,0.05014,4,8,crop_radius_minus_1.5,"atom_shuffle,coordinate_jitter",1919,4,4
colab47_crop_subsample_subsample_n4,diffsbdd,mean_qed,0.631,0.292,1.021,0.02574,0.04076,2,4,crop_radius_minus_1.5,"atom_shuffle,coordinate_jitter",1920,4,2
colab47_crop_subsample_subsample_n4,diffsbdd,mean_qed,2.043,1.048,7.547,0.06959,0.03405,4,8,crop_radius_minus_1.5,"atom_shuffle,coordinate_jitter",1921,4,4
colab47_crop_subsample_subsample_n4,diffsbdd,mean_qed,1.995,0.224,6.898,0.04756,0.02384,4,8,crop_radius_minus_1.5,"atom_shuffle,coordinate_jitter",1922,4,4
colab47_crop_subsample_subsample_n4,diffsbdd,mean_qed,2.288,0.87,9.983,0.06872,0.03003,4,8,crop_radius_minus_1.5,"atom_shuffle,coordinate_jitter",1923,4,4
colab47_crop_subsample_subsample_n4,diffsbdd,mean_qed,2.282,0.183,4.94,0.06677,0.02926,4,8,crop_radius_minus_1.5,"atom_shuffle,coordinate_jitter",1924,4,4
colab47_crop_subsample_subsample_n4,diffsbdd,mean_qed,1.016,0.15,4.028,0.02326,0.02288,4,8,crop_radius_minus_1.5,"atom_shuffle,coordinate_jitter",1925,4,4
colab47_crop_subsample_subsample_n4,diffsbdd,mean_qed,1.58,0.67,11.94,0.05284,0.03344,4,8,crop_radius_minus_1.5,"atom_shuffle,coordinate_jitter",1926,4,4
colab47_crop_subsample_subsample_n4,diffsbdd,mean_qed,2.565,1.316,3.43,0.07603,0.02964,4,8,crop_radius_minus_1.5,"atom_shuffle,coordinate_jitter",1927,4,4
colab47_crop_subsample_subsample_n4,diffsbdd,mean_qed,2.711,0.891,5.211,0.06945,0.02562,4,8,crop_radius_minus_1.5,"atom_shuffle,coordinate_jitter",1928,4,4
colab47_crop_subsample_subsample_n4,diffsbdd,mean_qed,3.823,0.91,9.328,0.06438,0.01684,3,6,crop_radius_minus_1.5,"atom_shuffle,coordinate_jitter",1929,4,3
colab47_crop_subsample_subsample_n4,diffsbdd,mean_qed,1.417,0.792,2.296,0.06677,0.04711,4,8,crop_radius_minus_1.5,"atom_shuffle,coordinate_jitter",1930,4,4
colab47_crop_subsample_subsample_n4,diffsbdd,mean_qed,1.406,0.309,2.813,0.05037,0.03583,4,8,crop_radius_minus_1.5,"atom_shuffle,coordinate_jitter",1931,4,4
colab47_crop_subsample_subsample_n4,diffsbdd,mean_qed,1.616,0.763,3.36,0.05082,0.03144,4,8,crop_radius_minus_1.5,"atom_shuffle,coordinate_jitter",1932,4,4
colab47_crop_subsample_subsample_n4,diffsbdd,mean_qed,3.009,0.97,12.389,0.04211,0.014,3,6,crop_radius_minus_1.5,"atom_shuffle,coordinate_jitter",1933,4,3
colab47_crop_subsample_subsample_n4,diffsbdd,mean_qed,1.165,0.167,2.334,0.03639,0.03123,4,8,crop_radius_minus_1.5,"atom_shuffle,coordinate_jitter",1934,4,4
colab47_crop_subsample_subsample_n4,diffsbdd,mean_qed,4.005,1.86,10.948,0.10981,0.02742,4,8,crop_radius_minus_1.5,"atom_shuffle,coordinate_jitter",1935,4,4
colab47_crop_subsample_subsample_n4,diffsbdd,mean_qed,0.899,0.57,2.454,0.04772,0.05308,4,8,crop_radius_minus_1.5,"atom_shuffle,coordinate_jitter",1936,4,4
colab47_crop_subsample_subsample_n4,diffsbdd,mean_qed,2.077,1.041,6.588,0.07824,0.03766,4,8,crop_radius_minus_1.5,"atom_shuffle,coordinate_jitter",1937,4,4
colab47_crop_subsample_subsample_n4,diffsbdd,mean_qed,4.609,1.173,13.068,0.08012,0.01738,4,8,crop_radius_minus_1.5,"atom_shuffle,coordinate_jitter",1938,4,4
colab47_crop_subsample_subsample_n4,diffsbdd,mean_qed,1.652,1.005,8.344,0.04845,0.02933,4,8,crop_radius_minus_1.5,"atom_shuffle,coordinate_jitter",1939,4,4
colab47_crop_subsample_subsample_n4,diffsbdd,mean_qed,1.163,0.411,1.814,0.03749,0.03224,2,4,crop_radius_minus_1.5,"atom_shuffle,coordinate_jitter",1940,4,2
colab47_crop_subsample_subsample_n4,diffsbdd,mean_qed,2.777,1.456,4.368,0.07384,0.02659,4,8,crop_radius_minus_1.5,"atom_shuffle,coordinate_jitter",1941,4,4
colab47_crop_subsample_subsample_n4,diffsbdd,mean_qed,3.526,0.903,16.361,0.07266,0.02061,4,8,crop_radius_minus_1.5,"atom_shuffle,coordinate_jitter",1942,4,4
colab47_crop_subsample_subsample_n4,diffsbdd,mean_qed,1.196,0.288,2.644,0.04016,0.03356,4,8,crop_radius_minus_1.5,"atom_shuffle,coordinate_jitter",1943,4,4
colab47_crop_subsample_subsample_n4,diffsbdd,mean_qed,2.676,1.974,11.979,0.07501,0.02803,4,8,crop_radius_minus_1.5,"atom_shuffle,coordinate_jitter",1944,4,4
colab47_crop_subsample_subsample_n4,diffsbdd,mean_qed,1.788,0.548,3.63,0.06056,0.03387,4,8,crop_radius_minus_1.5,"atom_shuffle,coordinate_jitter",1945,4,4
colab47_crop_subsample_subsample_n4,diffsbdd,mean_qed,1.574,0.356,4.527,0.03363,0.02136,4,8,crop_radius_minus_1.5,"atom_shuffle,coordinate_jitter",1946,4,4
colab47_crop_subsample_subsample_n4,diffsbdd,mean_qed,1.95,0.381,7.85,0.04873,0.02499,4,8,crop_radius_minus_1.5,"atom_shuffle,coordinate_jitter",1947,4,4
colab47_crop_subsample_subsample_n4,diffsbdd,mean_qed,0.83,0.141,1.651,0.04772,0.0575,4,8,crop_radius_minus_1.5,"atom_shuffle,coordinate_jitter",1948,4,4
colab47_crop_subsample_subsample_n4,diffsbdd,mean_qed,2.148,0.183,2.97,0.06366,0.02964,4,8,crop_radius_minus_1.5,"atom_shuffle,coordinate_jitter",1949,4,4
colab47_crop_subsample_subsample_n4,diffsbdd,mean_qed,1.551,0.117,2.66,0.04844,0.03123,4,8,crop_radius_minus_1.5,"atom_shuffle,coordinate_jitter",1950,4,4
colab47_crop_subsample_subsample_n4,diffsbdd,mean_qed,1.83,0.141,2.663,0.05689,0.03108,4,8,crop_radius_minus_1.5,"atom_shuffle,coordinate_jitter",1951,4,4
colab47_crop_subsample_subsample_n4,diffsbdd,mean_qed,1.507,0.833,9.516,0.07338,0.04868,3,6,crop_radius_minus_1.5,"atom_shuffle,coordinate_jitter",1952,4,3
colab47_crop_subsample_subsample_n4,diffsbdd,mean_qed,2.442,1.36,3.503,0.06112,0.02503,4,8,crop_radius_minus_1.5,"atom_shuffle,coordinate_jitter",1953,4,4
colab47_crop_subsample_subsample_n4,diffsbdd,mean_qed,2.153,0.249,7.478,0.05014,0.02329,4,8,crop_radius_minus_1.5,"atom_shuffle,coordinate_jitter",1954,4,4
colab47_crop_subsample_subsample_n4,diffsbdd,mean_qed,1.306,0.271,2.611,0.05089,0.03897,4,8,crop_radius_minus_1.5,"atom_shuffle,coordinate_jitter",1955,4,4
colab47_crop_subsample_subsample_n4,diffsbdd,mean_qed,1.657,0.763,3.237,0.04935,0.02979,4,8,crop_radius_minus_1.5,"atom_shuffle,coordinate_jitter",1956,4,4
colab47_crop_subsample_subsample_n4,diffsbdd,mean_qed,1.584,0.715,7.019,0.06975,0.04405,4,8,crop_radius_minus_1.5,"atom_shuffle,coordinate_jitter",1957,4,4
colab47_crop_subsample_subsample_n4,diffsbdd,mean_qed,0.619,0.105,1.225,0.04544,0.07344,3,6,crop_radius_minus_1.5,"atom_shuffle,coordinate_jitter",1958,4,3
colab47_crop_subsample_subsample_n4,diffsbdd,mean_qed,1.088,0.131,2.919,0.03215,0.02955,4,8,crop_radius_minus_1.5,"atom_shuffle,coordinate_jitter",1959,4,4
colab47_crop_subsample_subsample_n4,diffsbdd,mean_qed,1.185,0.596,1.975,0.06471,0.05462,4,8,crop_radius_minus_1.5,"atom_shuffle,coordinate_jitter",1960,4,4
colab47_crop_subsample_subsample_n4,diffsbdd,mean_qed,1.688,0.156,3.091,0.0825,0.04887,4,8,crop_radius_minus_1.5,"atom_shuffle,coordinate_jitter",1961,4,4
colab47_crop_subsample_subsample_n4,diffsbdd,mean_qed,1.953,0.919,4.228,0.08691,0.0445,3,6,crop_radius_minus_1.5,"atom_shuffle,coordinate_jitter",1962,4,3
colab47_crop_subsample_subsample_n4,diffsbdd,mean_qed,3.381,0.259,6.59,0.05733,0.01696,4,8,crop_radius_minus_1.5,"atom_shuffle,coordinate_jitter",1963,4,4
colab47_crop_subsample_subsample_n4,diffsbdd,mean_qed,2.049,0.937,3.319,0.07384,0.03603,4,8,crop_radius_minus_1.5,"atom_shuffle,coordinate_jitter",1964,4,4
colab47_crop_subsample_subsample_n4,diffsbdd,mean_qed,1.305,0.159,5.815,0.0323,0.02475,4,8,crop_radius_minus_1.5,"atom_shuffle,coordinate_jitter",1965,4,4
colab47_crop_subsample_subsample_n4,diffsbdd,mean_qed,1.805,0.673,4.335,0.06009,0.03328,4,8,crop_radius_minus_1.5,"atom_shuffle,coordinate_jitter",1966,4,4
colab47_crop_subsample_subsample_n4,diffsbdd,mean_qed,2.674,1.739,4.444,0.07527,0.02815,4,8,crop_radius_minus_1.5,"atom_shuffle,coordinate_jitter",1967,4,4
colab47_crop_subsample_subsample_n4,diffsbdd,mean_qed,0.594,0.083,3.339,0.02555,0.043,4,8,crop_radius_minus_1.5,"atom_shuffle,coordinate_jitter",1968,4,4
colab47_crop_subsample_subsample_n4,diffsbdd,mean_qed,3.175,1.608,9.057,0.06465,0.02036,4,8,crop_radius_minus_1.5,"atom_shuffle,coordinate_jitter",1969,4,4
colab47_crop_subsample_subsample_n4,diffsbdd,mean_qed,2.022,0.189,3.43,0.05714,0.02826,4,8,crop_radius_minus_1.5,"atom_shuffle,coordinate_jitter",1970,4,4
colab47_crop_subsample_subsample_n4,diffsbdd,mean_qed,1.716,0.287,12.119,0.0831,0.04841,3,6,crop_radius_minus_1.5,"atom_shuffle,coordinate_jitter",1971,4,3
colab47_crop_subsample_subsample_n4,diffsbdd,mean_qed,2.031,0.104,3.678,0.07288,0.03589,3,6,crop_radius_minus_1.5,"atom_shuffle,coordinate_jitter",1972,4,3
colab47_crop_subsample_subsample_n4,diffsbdd,mean_qed,3.443,1.354,9.404,0.10704,0.03109,4,8,crop_radius_minus_1.5,"atom_shuffle,coordinate_jitter",1973,4,4
colab47_crop_subsample_subsample_n4,diffsbdd,mean_qed,1.058,0.104,2.399,0.03838,0.03627,4,8,crop_radius_minus_1.5,"atom_shuffle,coordinate_jitter",1974,4,4
colab47_crop_subsample_subsample_n4,diffsbdd,mean_qed,0.684,0.087,2.386,0.02677,0.03912,4,8,crop_radius_minus_1.5,"atom_shuffle,coordinate_jitter",1975,4,4
colab47_crop_subsample_subsample_n4,diffsbdd,mean_qed,1.978,0.143,4.826,0.06082,0.03075,4,8,crop_radius_minus_1.5,"atom_shuffle,coordinate_jitter",1976,4,4
colab47_crop_subsample_subsample_n4,diffsbdd,mean_qed,2.515,0.189,7.045,0.05786,0.02301,3,6,crop_radius_minus_1.5,"atom_shuffle,coordinate_jitter",1977,4,3
colab47_crop_subsample_subsample_n4,diffsbdd,mean_qed,2.337,0.836,12.514,0.07266,0.03109,4,8,crop_radius_minus_1.5,"atom_shuffle,coordinate_jitter",1978,4,4
colab47_crop_subsample_subsample_n4,diffsbdd,mean_qed,1.54,0.167,3.214,0.04833,0.03138,4,8,crop_radius_minus_1.5,"atom_shuffle,coordinate_jitter",1979,4,4
colab47_crop_subsample_subsample_n4,diffsbdd,mean_qed,1.375,0.844,2.782,0.04477,0.03256,4,8,crop_radius_minus_1.5,"atom_shuffle,coordinate_jitter",1980,4,4
colab47_crop_subsample_subsample_n4,diffsbdd,mean_qed,3.37,0.454,8.783,0.0821,0.02436,4,8,crop_radius_minus_1.5,"atom_shuffle,coordinate_jitter",1981,4,4
colab47_crop_subsample_subsample_n4,diffsbdd,mean_qed,2.688,0.975,6.224,0.05631,0.02095,4,8,crop_radius_minus_1.5,"atom_shuffle,coordinate_jitter",1982,4,4
colab47_crop_subsample_subsample_n4,diffsbdd,mean_qed,1.009,0.13,3.086,0.02484,0.02461,4,8,crop_radius_minus_1.5,"atom_shuffle,coordinate_jitter",1983,4,4
colab47_crop_subsample_subsample_n4,diffsbdd,mean_qed,4.777,0.553,12.516,0.06533,0.01368,4,8,crop_radius_minus_1.5,"atom_shuffle,coordinate_jitter",1984,4,4
colab47_crop_subsample_subsample_n4,diffsbdd,mean_qed,1.741,0.246,5.074,0.05733,0.03293,4,8,crop_radius_minus_1.5,"atom_shuffle,coordinate_jitter",1985,4,4
colab47_crop_subsample_subsample_n4,diffsbdd,mean_qed,2.023,1.114,9.829,0.05694,0.02815,4,8,crop_radius_minus_1.5,"atom_shuffle,coordinate_jitter",1986,4,4
colab47_crop_subsample_subsample_n4,diffsbdd,mean_qed,3.563,0.549,6.568,0.05456,0.01531,4,8,crop_radius_minus_1.5,"atom_shuffle,coordinate_jitter",1987,4,4
colab47_crop_subsample_subsample_n4,diffsbdd,mean_qed,2.722,0.175,8.959,0.0681,0.02502,4,8,crop_radius_minus_1.5,"atom_shuffle,coordinate_jitter",1988,4,4
colab47_crop_subsample_subsample_n4,diffsbdd,mean_qed,1.0,0.298,1.83,0.03341,0.03341,4,8,crop_radius_minus_1.5,"atom_shuffle,coordinate_jitter",1989,4,4
colab47_crop_subsample_subsample_n4,diffsbdd,mean_qed,2.479,0.179,7.261,0.05992,0.02417,4,8,crop_radius_minus_1.5,"atom_shuffle,coordinate_jitter",1990,4,4
colab47_crop_subsample_subsample_n4,diffsbdd,mean_qed,0.184,0.077,1.927,0.0081,0.04405,3,6,crop_radius_minus_1.5,"atom_shuffle,coordinate_jitter",1991,4,3
colab47_crop_subsample_subsample_n4,diffsbdd,mean_qed,1.486,0.212,3.694,0.03748,0.02522,4,8,crop_radius_minus_1.5,"atom_shuffle,coordinate_jitter",1992,4,4
colab47_crop_subsample_subsample_n4,diffsbdd,mean_qed,3.154,1.793,15.052,0.08739,0.0277,4,8,crop_radius_minus_1.5,"atom_shuffle,coordinate_jitter",1993,4,4
colab47_crop_subsample_subsample_n4,diffsbdd,mean_qed,0.749,0.136,1.465,0.04466,0.0596,4,8,crop_radius_minus_1.5,"atom_shuffle,coordinate_jitter",1994,4,4
colab47_crop_subsample_subsample_n4,diffsbdd,mean_qed,2.485,0.356,5.083,0.07728,0.0311,4,8,crop_radius_minus_1.5,"atom_shuffle,coordinate_jitter",1995,4,4
colab47_crop_subsample_subsample_n4,diffsbdd,mean_qed,3.199,1.172,13.094,0.06889,0.02153,4,8,crop_radius_minus_1.5,"atom_shuffle,coordinate_jitter",1996,4,4
colab47_crop_subsample_subsample_n4,diffsbdd,mean_qed,1.854,0.909,2.729,0.06723,0.03627,4,8,crop_radius_minus_1.5,"atom_shuffle,coordinate_jitter",1997,4,4
colab47_crop_subsample_subsample_n4,diffsbdd,mean_qed,2.278,0.839,3.433,0.05703,0.02503,4,8,crop_radius_minus_1.5,"atom_shuffle,coordinate_jitter",1998,4,4
colab47_crop_subsample_subsample_n4,diffsbdd,mean_qed,0.431,0.208,3.07,0.01082,0.02512,4,8,crop_radius_minus_1.5,"atom_shuffle,coordinate_jitter",1999,4,4
colab47_crop_subsample_subsample_n10,diffsbdd,mean_qed,2.051,0.376,3.361,0.05967,0.0291,9,18,crop_radius_minus_1.5,"atom_shuffle,coordinate_jitter",0,10,9
colab47_crop_subsample_subsample_n10,diffsbdd,mean_qed,0.913,0.184,1.573,0.02662,0.02914,10,20,crop_radius_minus_1.5,"atom_shuffle,coordinate_jitter",1,10,10
colab47_crop_subsample_subsample_n10,diffsbdd,mean_qed,2.74,1.167,4.207,0.07338,0.02678,9,18,crop_radius_minus_1.5,"atom_shuffle,coordinate_jitter",2,10,9
colab47_crop_subsample_subsample_n10,diffsbdd,mean_qed,2.544,0.328,4.845,0.07193,0.02828,9,18,crop_radius_minus_1.5,"atom_shuffle,coordinate_jitter",3,10,9
colab47_crop_subsample_subsample_n10,diffsbdd,mean_qed,1.398,0.632,2.36,0.05786,0.04139,9,18,crop_radius_minus_1.5,"atom_shuffle,coordinate_jitter",4,10,9
colab47_crop_subsample_subsample_n10,diffsbdd,mean_qed,2.157,1.338,3.792,0.06552,0.03038,9,18,crop_radius_minus_1.5,"atom_shuffle,coordinate_jitter",5,10,9
colab47_crop_subsample_subsample_n10,diffsbdd,mean_qed,2.384,1.032,4.245,0.07241,0.03038,10,20,crop_radius_minus_1.5,"atom_shuffle,coordinate_jitter",6,10,10
colab47_crop_subsample_subsample_n10,diffsbdd,mean_qed,2.313,1.484,3.955,0.06863,0.02967,8,16,crop_radius_minus_1.5,"atom_shuffle,coordinate_jitter",7,10,8
colab47_crop_subsample_subsample_n10,diffsbdd,mean_qed,2.4,1.247,3.839,0.07288,0.03037,9,18,crop_radius_minus_1.5,"atom_shuffle,coordinate_jitter",8,10,9
colab47_crop_subsample_subsample_n10,diffsbdd,mean_qed,2.683,0.887,6.575,0.05867,0.02187,10,20,crop_radius_minus_1.5,"atom_shuffle,coordinate_jitter",9,10,10
colab47_crop_subsample_subsample_n10,diffsbdd,mean_qed,1.169,0.215,2.867,0.05622,0.04809,10,20,crop_radius_minus_1.5,"atom_shuffle,coordinate_jitter",10,10,10
colab47_crop_subsample_subsample_n10,diffsbdd,mean_qed,1.763,1.124,3.698,0.05786,0.03282,9,18,crop_radius_minus_1.5,"atom_shuffle,coordinate_jitter",11,10,9
colab47_crop_subsample_subsample_n10,diffsbdd,mean_qed,2.079,0.832,3.256,0.06203,0.02983,10,20,crop_radius_minus_1.5,"atom_shuffle,coordinate_jitter",12,10,10
colab47_crop_subsample_subsample_n10,diffsbdd,mean_qed,1.288,0.44,5.335,0.03166,0.02458,10,20,crop_radius_minus_1.5,"atom_shuffle,coordinate_jitter",13,10,10
colab47_crop_subsample_subsample_n10,diffsbdd,mean_qed,1.458,0.555,2.328,0.04224,0.02898,10,20,crop_radius_minus_1.5,"atom_shuffle,coordinate_jitter",14,10,10
colab47_crop_subsample_subsample_n10,diffsbdd,mean_qed,3.605,1.383,7.903,0.0734,0.02036,9,18,crop_radius_minus_1.5,"atom_shuffle,coordinate_jitter",15,10,9
colab47_crop_subsample_subsample_n10,diffsbdd,mean_qed,2.466,1.064,4.812,0.0562,0.02279,9,18,crop_radius_minus_1.5,"atom_shuffle,coordinate_jitter",16,10,9
colab47_crop_subsample_subsample_n10,diffsbdd,mean_qed,2.016,0.681,3.172,0.06537,0.03243,10,20,crop_radius_minus_1.5,"atom_shuffle,coordinate_jitter",17,10,10
colab47_crop_subsample_subsample_n10,diffsbdd,mean_qed,2.411,1.157,4.188,0.0604,0.02505,10,20,crop_radius_minus_1.5,"atom_shuffle,coordinate_jitter",18,10,10
colab47_crop_subsample_subsample_n10,diffsbdd,mean_qed,2.386,1.132,4.349,0.06086,0.02551,10,20,crop_radius_minus_1.5,"atom_shuffle,coordinate_jitter",19,10,10
colab47_crop_subsample_subsample_n10,diffsbdd,mean_qed,2.783,1.573,4.717,0.07215,0.02593,10,20,crop_radius_minus_1.5,"atom_shuffle,coordinate_jitter",20,10,10
colab47_crop_subsample_subsample_n10,diffsbdd,mean_qed,2.805,1.212,7.375,0.06989,0.02491,8,16,crop_radius_minus_1.5,"atom_shuffle,coordinate_jitter",21,10,8
colab47_crop_subsample_subsample_n10,diffsbdd,mean_qed,2.003,1.206,6.123,0.05967,0.02979,9,18,crop_radius_minus_1.5,"atom_shuffle,coordinate_jitter",22,10,9
colab47_crop_subsample_subsample_n10,diffsbdd,mean_qed,1.367,0.238,3.124,0.04,0.02926,10,20,crop_radius_minus_1.5,"atom_shuffle,coordinate_jitter",23,10,10
colab47_crop_subsample_subsample_n10,diffsbdd,mean_qed,1.199,0.702,2.551,0.04518,0.03768,10,20,crop_radius_minus_1.5,"atom_shuffle,coordinate_jitter",24,10,10
colab47_crop_subsample_subsample_n10,diffsbdd,mean_qed,1.402,0.773,2.178,0.04685,0.03341,10,20,crop_radius_minus_1.5,"atom_shuffle,coordinate_jitter",25,10,10
colab47_crop_subsample_subsample_n10,diffsbdd,mean_qed,2.258,1.733,3.44,0.0741,0.03282,10,20,crop_radius_minus_1.5,"atom_shuffle,coordinate_jitter",26,10,10
colab47_crop_subsample_subsample_n10,diffsbdd,mean_qed,2.149,0.759,3.215,0.0626,0.02913,10,20,crop_radius_minus_1.5,"atom_shuffle,coordinate_jitter",27,10,10
colab47_crop_subsample_subsample_n10,diffsbdd,mean_qed,2.28,1.304,4.088,0.07288,0.03197,9,18,crop_radius_minus_1.5,"atom_shuffle,coordinate_jitter",28,10,9
colab47_crop_subsample_subsample_n10,diffsbdd,mean_qed,1.417,0.424,3.418,0.03596,0.02538,10,20,crop_radius_minus_1.5,"atom_shuffle,coordinate_jitter",29,10,10
colab47_crop_subsample_subsample_n10,diffsbdd,mean_qed,2.359,1.012,5.733,0.0495,0.02099,9,18,crop_radius_minus_1.5,"atom_shuffle,coordinate_jitter",30,10,9
colab47_crop_subsample_subsample_n10,diffsbdd,mean_qed,1.762,0.998,3.026,0.05967,0.03387,9,18,crop_radius_minus_1.5,"atom_shuffle,coordinate_jitter",31,10,9
colab47_crop_subsample_subsample_n10,diffsbdd,mean_qed,2.575,1.009,6.8,0.07338,0.0285,9,18,crop_radius_minus_1.5,"atom_shuffle,coordinate_jitter",32,10,9
colab47_crop_subsample_subsample_n10,diffsbdd,mean_qed,2.528,1.036,5.69,0.07527,0.02978,10,20,crop_radius_minus_1.5,"atom_shuffle,coordinate_jitter",33,10,10
colab47_crop_subsample_subsample_n10,diffsbdd,mean_qed,1.265,0.736,2.038,0.04211,0.03329,7,14,crop_radius_minus_1.5,"atom_shuffle,coordinate_jitter",34,10,7
colab47_crop_subsample_subsample_n10,diffsbdd,mean_qed,1.577,0.766,3.829,0.05082,0.03224,10,20,crop_radius_minus_1.5,"atom_shuffle,coordinate_jitter",35,10,10
colab47_crop_subsample_subsample_n10,diffsbdd,mean_qed,1.774,0.598,2.554,0.05641,0.0318,9,18,crop_radius_minus_1.5,"atom_shuffle,coordinate_jitter",36,10,9
colab47_crop_subsample_subsample_n10,diffsbdd,mean_qed,1.911,0.95,3.026,0.05695,0.0298,10,20,crop_radius_minus_1.5,"atom_shuffle,coordinate_jitter",37,10,10
colab47_crop_subsample_subsample_n10,diffsbdd,mean_qed,1.619,0.44,4.402,0.0495,0.03057,9,18,crop_radius_minus_1.5,"atom_shuffle,coordinate_jitter",38,10,9
colab47_crop_subsample_subsample_n10,diffsbdd,mean_qed,2.078,0.192,3.154,0.05967,0.02872,9,18,crop_radius_minus_1.5,"atom_shuffle,coordinate_jitter",39,10,9
colab47_crop_subsample_subsample_n10,diffsbdd,mean_qed,2.233,0.522,4.429,0.07286,0.03263,9,18,crop_radius_minus_1.5,"atom_shuffle,coordinate_jitter",40,10,9
colab47_crop_subsample_subsample_n10,diffsbdd,mean_qed,2.258,1.111,3.894,0.06355,0.02815,10,20,crop_radius_minus_1.5,"atom_shuffle,coordinate_jitter",41,10,10
colab47_crop_subsample_subsample_n10,diffsbdd,mean_qed,2.08,0.701,3.589,0.05877,0.02826,10,20,crop_radius_minus_1.5,"atom_shuffle,coordinate_jitter",42,10,10
colab47_crop_subsample_subsample_n10,diffsbdd,mean_qed,1.475,0.277,3.08,0.04378,0.02968,10,20,crop_radius_minus_1.5,"atom_shuffle,coordinate_jitter",43,10,10
colab47_crop_subsample_subsample_n10,diffsbdd,mean_qed,1.951,1.256,3.385,0.0562,0.02881,9,18,crop_radius_minus_1.5,"atom_shuffle,coordinate_jitter",44,10,9
colab47_crop_subsample_subsample_n10,diffsbdd,mean_qed,1.416,1.055,3.472,0.043,0.03038,7,14,crop_radius_minus_1.5,"atom_shuffle,coordinate_jitter",45,10,7
colab47_crop_subsample_subsample_n10,diffsbdd,mean_qed,2.122,0.356,3.675,0.05256,0.02476,10,20,crop_radius_minus_1.5,"atom_shuffle,coordinate_jitter",46,10,10
colab47_crop_subsample_subsample_n10,diffsbdd,mean_qed,1.31,0.328,3.187,0.03903,0.0298,9,18,crop_radius_minus_1.5,"atom_shuffle,coordinate_jitter",47,10,9
colab47_crop_subsample_subsample_n10,diffsbdd,mean_qed,1.935,1.112,2.904,0.05285,0.02731,10,20,crop_radius_minus_1.5,"atom_shuffle,coordinate_jitter",48,10,10
colab47_crop_subsample_subsample_n10,diffsbdd,mean_qed,1.817,0.308,3.649,0.03903,0.02148,9,18,crop_radius_minus_1.5,"atom_shuffle,coordinate_jitter",49,10,9
colab47_crop_subsample_subsample_n10,diffsbdd,mean_qed,1.497,0.634,3.572,0.04825,0.03224,9,18,crop_radius_minus_1.5,"atom_shuffle,coordinate_jitter",50,10,9
colab47_crop_subsample_subsample_n10,diffsbdd,mean_qed,1.488,0.183,2.778,0.04128,0.02774,9,18,crop_radius_minus_1.5,"atom_shuffle,coordinate_jitter",51,10,9
colab47_crop_subsample_subsample_n10,diffsbdd,mean_qed,1.924,0.8,3.369,0.05497,0.02857,8,16,crop_radius_minus_1.5,"atom_shuffle,coordinate_jitter",52,10,8
colab47_crop_subsample_subsample_n10,diffsbdd,mean_qed,0.897,0.349,2.123,0.03903,0.0435,9,18,crop_radius_minus_1.5,"atom_shuffle,coordinate_jitter",53,10,9
colab47_crop_subsample_subsample_n10,diffsbdd,mean_qed,1.819,0.214,2.551,0.06203,0.0341,10,20,crop_radius_minus_1.5,"atom_shuffle,coordinate_jitter",54,10,10
colab47_crop_subsample_subsample_n10,diffsbdd,mean_qed,1.195,0.283,3.172,0.03109,0.02601,10,20,crop_radius_minus_1.5,"atom_shuffle,coordinate_jitter",55,10,10
colab47_crop_subsample_subsample_n10,diffsbdd,mean_qed,1.288,0.598,2.583,0.03752,0.02913,10,20,crop_radius_minus_1.5,"atom_shuffle,coordinate_jitter",56,10,10
colab47_crop_subsample_subsample_n10,diffsbdd,mean_qed,1.906,0.889,4.438,0.06552,0.03437,9,18,crop_radius_minus_1.5,"atom_shuffle,coordinate_jitter",57,10,9
colab47_crop_subsample_subsample_n10,diffsbdd,mean_qed,1.381,0.586,2.312,0.05804,0.04203,8,16,crop_radius_minus_1.5,"atom_shuffle,coordinate_jitter",58,10,8
colab47_crop_subsample_subsample_n10,diffsbdd,mean_qed,2.337,1.25,4.551,0.06438,0.02755,10,20,crop_radius_minus_1.5,"atom_shuffle,coordinate_jitter",59,10,10
colab47_crop_subsample_subsample_n10,diffsbdd,mean_qed,1.339,0.768,2.26,0.06056,0.04523,10,20,crop_radius_minus_1.5,"atom_shuffle,coordinate_jitter",60,10,10
colab47_crop_subsample_subsample_n10,diffsbdd,mean_qed,1.685,0.765,2.567,0.06495,0.03855,10,20,crop_radius_minus_1.5,"atom_shuffle,coordinate_jitter",61,10,10
colab47_crop_subsample_subsample_n10,diffsbdd,mean_qed,1.294,0.342,3.329,0.05256,0.04062,8,16,crop_radius_minus_1.5,"atom_shuffle,coordinate_jitter",62,10,8
colab47_crop_subsample_subsample_n10,diffsbdd,mean_qed,2.175,1.209,2.727,0.07215,0.03318,10,20,crop_radius_minus_1.5,"atom_shuffle,coordinate_jitter",63,10,10
colab47_crop_subsample_subsample_n10,diffsbdd,mean_qed,2.818,2.209,6.966,0.0799,0.02835,10,20,crop_radius_minus_1.5,"atom_shuffle,coordinate_jitter",64,10,10
colab47_crop_subsample_subsample_n10,diffsbdd,mean_qed,1.613,0.764,2.792,0.04214,0.02613,10,20,crop_radius_minus_1.5,"atom_shuffle,coordinate_jitter",65,10,10
colab47_crop_subsample_subsample_n10,diffsbdd,mean_qed,2.446,2.041,4.047,0.07286,0.02979,9,18,crop_radius_minus_1.5,"atom_shuffle,coordinate_jitter",66,10,9
colab47_crop_subsample_subsample_n10,diffsbdd,mean_qed,2.313,1.462,4.1,0.07548,0.03263,8,16,crop_radius_minus_1.5,"atom_shuffle,coordinate_jitter",67,10,8
colab47_crop_subsample_subsample_n10,diffsbdd,mean_qed,1.309,0.223,2.923,0.03902,0.0298,9,18,crop_radius_minus_1.5,"atom_shuffle,coordinate_jitter",68,10,9
colab47_crop_subsample_subsample_n10,diffsbdd,mean_qed,1.874,0.861,4.82,0.05459,0.02913,8,16,crop_radius_minus_1.5,"atom_shuffle,coordinate_jitter",69,10,8
colab47_crop_subsample_subsample_n10,diffsbdd,mean_qed,2.124,0.798,3.356,0.06029,0.02838,10,20,crop_radius_minus_1.5,"atom_shuffle,coordinate_jitter",70,10,10
colab47_crop_subsample_subsample_n10,diffsbdd,mean_qed,2.505,1.199,3.671,0.07286,0.02909,9,18,crop_radius_minus_1.5,"atom_shuffle,coordinate_jitter",71,10,9
colab47_crop_subsample_subsample_n10,diffsbdd,mean_qed,3.547,0.852,9.406,0.06438,0.01815,9,18,crop_radius_minus_1.5,"atom_shuffle,coordinate_jitter",72,10,9
colab47_crop_subsample_subsample_n10,diffsbdd,mean_qed,1.985,0.968,5.299,0.06438,0.03244,9,18,crop_radius_minus_1.5,"atom_shuffle,coordinate_jitter",73,10,9
colab47_crop_subsample_subsample_n10,diffsbdd,mean_qed,1.474,0.493,2.313,0.05233,0.03551,10,20,crop_radius_minus_1.5,"atom_shuffle,coordinate_jitter",74,10,10
colab47_crop_subsample_subsample_n10,diffsbdd,mean_qed,1.359,0.589,2.573,0.0396,0.02914,8,16,crop_radius_minus_1.5,"atom_shuffle,coordinate_jitter",75,10,8
colab47_crop_subsample_subsample_n10,diffsbdd,mean_qed,1.591,1.159,2.799,0.04825,0.03033,9,18,crop_radius_minus_1.5,"atom_shuffle,coordinate_jitter",76,10,9
colab47_crop_subsample_subsample_n10,diffsbdd,mean_qed,2.226,1.38,3.903,0.06815,0.03062,10,20,crop_radius_minus_1.5,"atom_shuffle,coordinate_jitter",77,10,10
colab47_crop_subsample_subsample_n10,diffsbdd,mean_qed,1.919,0.97,2.367,0.0626,0.03263,8,16,crop_radius_minus_1.5,"atom_shuffle,coordinate_jitter",78,10,8
colab47_crop_subsample_subsample_n10,diffsbdd,mean_qed,1.702,0.928,2.662,0.05805,0.0341,10,20,crop_radius_minus_1.5,"atom_shuffle,coordinate_jitter",79,10,10
colab47_crop_subsample_subsample_n10,diffsbdd,mean_qed,2.197,1.017,3.688,0.06611,0.03009,10,20,crop_radius_minus_1.5,"atom_shuffle,coordinate_jitter",80,10,10
colab47_crop_subsample_subsample_n10,diffsbdd,mean_qed,2.204,0.39,3.57,0.07286,0.03306,9,18,crop_radius_minus_1.5,"atom_shuffle,coordinate_jitter",81,10,9
colab47_crop_subsample_subsample_n10,diffsbdd,mean_qed,3.177,0.461,4.056,0.06946,0.02187,10,20,crop_radius_minus_1.5,"atom_shuffle,coordinate_jitter",82,10,10
colab47_crop_subsample_subsample_n10,diffsbdd,mean_qed,2.056,0.374,3.414,0.05703,0.02774,10,20,crop_radius_minus_1.5,"atom_shuffle,coordinate_jitter",83,10,10
colab47_crop_subsample_subsample_n10,diffsbdd,mean_qed,1.523,0.39,2.618,0.05491,0.03606,8,16,crop_radius_minus_1.5,"atom_shuffle,coordinate_jitter",84,10,8
colab47_crop_subsample_subsample_n10,diffsbdd,mean_qed,3.124,2.057,5.503,0.06552,0.02097,9,18,crop_radius_minus_1.5,"atom_shuffle,coordinate_jitter",85,10,9
colab47_crop_subsample_subsample_n10,diffsbdd,mean_qed,1.322,0.491,2.53,0.04935,0.03734,10,20,crop_radius_minus_1.5,"atom_shuffle,coordinate_jitter",86,10,10
colab47_crop_subsample_subsample_n10,diffsbdd,mean_qed,1.408,0.297,2.954,0.03978,0.02826,10,20,crop_radius_minus_1.5,"atom_shuffle,coordinate_jitter",87,10,10
colab47_crop_subsample_subsample_n10,diffsbdd,mean_qed,2.378,1.167,4.554,0.06438,0.02708,9,18,crop_radius_minus_1.5,"atom_shuffle,coordinate_jitter",88,10,9
colab47_crop_subsample_subsample_n10,diffsbdd,mean_qed,0.453,0.151,1.86,0.01349,0.0298,8,16,crop_radius_minus_1.5,"atom_shuffle,coordinate_jitter",89,10,8
colab47_crop_subsample_subsample_n10,diffsbdd,mean_qed,1.64,0.891,2.926,0.05233,0.03192,10,20,crop_radius_minus_1.5,"atom_shuffle,coordinate_jitter",90,10,10
colab47_crop_subsample_subsample_n10,diffsbdd,mean_qed,2.187,1.002,4.175,0.05804,0.02653,8,16,crop_radius_minus_1.5,"atom_shuffle,coordinate_jitter",91,10,8
colab47_crop_subsample_subsample_n10,diffsbdd,mean_qed,1.385,0.821,2.935,0.04128,0.0298,9,18,crop_radius_minus_1.5,"atom_shuffle,coordinate_jitter",92,10,9
colab47_crop_subsample_subsample_n10,diffsbdd,mean_qed,2.129,1.301,5.446,0.06862,0.03224,8,16,crop_radius_minus_1.5,"atom_shuffle,coordinate_jitter",93,10,8
colab47_crop_subsample_subsample_n10,diffsbdd,mean_qed,1.769,1.151,3.849,0.04999,0.02826,8,16,crop_radius_minus_1.5,"atom_shuffle,coordinate_jitter",94,10,8
colab47_crop_subsample_subsample_n10,diffsbdd,mean_qed,1.78,1.107,2.42,0.07061,0.03966,10,20,crop_radius_minus_1.5,"atom_shuffle,coordinate_jitter",95,10,10
colab47_crop_subsample_subsample_n10,diffsbdd,mean_qed,2.251,1.226,3.972,0.0562,0.02497,9,18,crop_radius_minus_1.5,"atom_shuffle,coordinate_jitter",96,10,9
colab47_crop_subsample_subsample_n10,diffsbdd,mean_qed,2.302,1.084,3.555,0.07188,0.03123,10,20,crop_radius_minus_1.5,"atom_shuffle,coordinate_jitter",97,10,10
colab47_crop_subsample_subsample_n10,diffsbdd,mean_qed,2.199,0.873,3.877,0.0562,0.02555,9,18,crop_radius_minus_1.5,"atom_shuffle,coordinate_jitter",98,10,9
colab47_crop_subsample_subsample_n10,diffsbdd,mean_qed,1.679,0.926,5.326,0.05093,0.03033,10,20,crop_radius_minus_1.5,"atom_shuffle,coordinate_jitter",99,10,10
colab47_crop_subsample_subsample_n10,diffsbdd,mean_qed,2.119,1.414,2.492,0.06438,0.03038,9,18,crop_radius_minus_1.5,"atom_shuffle,coordinate_jitter",100,10,9
colab47_crop_subsample_subsample_n10,diffsbdd,mean_qed,2.032,0.857,5.514,0.05641,0.02777,7,14,crop_radius_minus_1.5,"atom_shuffle,coordinate_jitter",101,10,7
colab47_crop_subsample_subsample_n10,diffsbdd,mean_qed,1.803,0.679,4.144,0.043,0.02384,9,18,crop_radius_minus_1.5,"atom_shuffle,coordinate_jitter",102,10,9
colab47_crop_subsample_subsample_n10,diffsbdd,mean_qed,1.94,0.774,2.836,0.05805,0.02992,10,20,crop_radius_minus_1.5,"atom_shuffle,coordinate_jitter",103,10,10
colab47_crop_subsample_subsample_n10,diffsbdd,mean_qed,1.947,0.723,4.294,0.05845,0.03003,10,20,crop_radius_minus_1.5,"atom_shuffle,coordinate_jitter",104,10,10
colab47_crop_subsample_subsample_n10,diffsbdd,mean_qed,3.676,1.095,8.526,0.06552,0.01782,7,14,crop_radius_minus_1.5,"atom_shuffle,coordinate_jitter",105,10,7
colab47_crop_subsample_subsample_n10,diffsbdd,mean_qed,2.156,1.055,2.518,0.07035,0.03263,10,20,crop_radius_minus_1.5,"atom_shuffle,coordinate_jitter",106,10,10
colab47_crop_subsample_subsample_n10,diffsbdd,mean_qed,0.812,0.532,1.86,0.043,0.05295,7,14,crop_radius_minus_1.5,"atom_shuffle,coordinate_jitter",107,10,7
colab47_crop_subsample_subsample_n10,diffsbdd,mean_qed,2.069,0.207,4.058,0.05786,0.02797,9,18,crop_radius_minus_1.5,"atom_shuffle,coordinate_jitter",108,10,9
colab47_crop_subsample_subsample_n10,diffsbdd,mean_qed,1.654,0.986,2.584,0.05641,0.0341,9,18,crop_radius_minus_1.5,"atom_shuffle,coordinate_jitter",109,10,9
colab47_crop_subsample_subsample_n10,diffsbdd,mean_qed,1.291,0.287,2.476,0.03709,0.02873,10,20,crop_radius_minus_1.5,"atom_shuffle,coordinate_jitter",110,10,10
colab47_crop_subsample_subsample_n10,diffsbdd,mean_qed,2.145,1.643,3.4,0.06668,0.03108,10,20,crop_radius_minus_1.5,"atom_shuffle,coordinate_jitter",111,10,10
colab47_crop_subsample_subsample_n10,diffsbdd,mean_qed,2.125,0.886,5.818,0.05641,0.02654,7,14,crop_radius_minus_1.5,"atom_shuffle,coordinate_jitter",112,10,7
colab47_crop_subsample_subsample_n10,diffsbdd,mean_qed,1.513,0.203,2.831,0.04509,0.0298,8,16,crop_radius_minus_1.5,"atom_shuffle,coordinate_jitter",113,10,8
colab47_crop_subsample_subsample_n10,diffsbdd,mean_qed,1.523,0.798,2.616,0.05456,0.03583,10,20,crop_radius_minus_1.5,"atom_shuffle,coordinate_jitter",114,10,10
colab47_crop_subsample_subsample_n10,diffsbdd,mean_qed,1.927,0.356,4.836,0.07527,0.03907,8,16,crop_radius_minus_1.5,"atom_shuffle,coordinate_jitter",115,10,8
colab47_crop_subsample_subsample_n10,diffsbdd,mean_qed,1.488,0.3,3.165,0.04128,0.02774,9,18,crop_radius_minus_1.5,"atom_shuffle,coordinate_jitter",116,10,9
colab47_crop_subsample_subsample_n10,diffsbdd,mean_qed,1.593,0.505,4.049,0.04999,0.03138,8,16,crop_radius_minus_1.5,"atom_shuffle,coordinate_jitter",117,10,8
colab47_crop_subsample_subsample_n10,diffsbdd,mean_qed,2.799,1.268,4.671,0.06764,0.02417,10,20,crop_radius_minus_1.5,"atom_shuffle,coordinate_jitter",118,10,10
colab47_crop_subsample_subsample_n10,diffsbdd,mean_qed,1.503,0.157,3.46,0.06959,0.04631,10,20,crop_radius_minus_1.5,"atom_shuffle,coordinate_jitter",119,10,10
colab47_crop_subsample_subsample_n10,diffsbdd,mean_qed,1.628,0.877,4.931,0.04581,0.02815,10,20,crop_radius_minus_1.5,"atom_shuffle,coordinate_jitter",120,10,10
colab47_crop_subsample_subsample_n10,diffsbdd,mean_qed,1.545,0.85,2.22,0.05233,0.03387,10,20,crop_radius_minus_1.5,"atom_shuffle,coordinate_jitter",121,10,10
colab47_crop_subsample_subsample_n10,diffsbdd,mean_qed,1.888,0.945,2.591,0.04563,0.02417,8,16,crop_radius_minus_1.5,"atom_shuffle,coordinate_jitter",122,10,8
colab47_crop_subsample_subsample_n10,diffsbdd,mean_qed,1.463,0.569,2.523,0.04888,0.03341,10,20,crop_radius_minus_1.5,"atom_shuffle,coordinate_jitter",123,10,10
colab47_crop_subsample_subsample_n10,diffsbdd,mean_qed,0.727,0.237,2.55,0.02033,0.02797,9,18,crop_radius_minus_1.5,"atom_shuffle,coordinate_jitter",124,10,9
colab47_crop_subsample_subsample_n10,diffsbdd,mean_qed,2.198,1.267,4.049,0.06784,0.03086,9,18,crop_radius_minus_1.5,"atom_shuffle,coordinate_jitter",125,10,9
colab47_crop_subsample_subsample_n10,diffsbdd,mean_qed,2.495,0.479,4.659,0.06029,0.02417,8,16,crop_radius_minus_1.5,"atom_shuffle,coordinate_jitter",126,10,8
colab47_crop_subsample_subsample_n10,diffsbdd,mean_qed,1.692,1.058,3.623,0.05285,0.03123,10,20,crop_radius_minus_1.5,"atom_shuffle,coordinate_jitter",127,10,10
colab47_crop_subsample_subsample_n10,diffsbdd,mean_qed,3.062,0.994,4.907,0.08691,0.02839,9,18,crop_radius_minus_1.5,"atom_shuffle,coordinate_jitter",128,10,9
colab47_crop_subsample_subsample_n10,diffsbdd,mean_qed,2.528,1.339,4.274,0.07574,0.02996,10,20,crop_radius_minus_1.5,"atom_shuffle,coordinate_jitter",129,10,10
colab47_crop_subsample_subsample_n10,diffsbdd,mean_qed,1.375,0.879,2.715,0.04544,0.03305,9,18,crop_radius_minus_1.5,"atom_shuffle,coordinate_jitter",130,10,9
colab47_crop_subsample_subsample_n10,diffsbdd,mean_qed,3.66,1.978,7.74,0.0648,0.01771,10,20,crop_radius_minus_1.5,"atom_shuffle,coordinate_jitter",131,10,10
colab47_crop_subsample_subsample_n10,diffsbdd,mean_qed,1.12,0.43,2.235,0.03794,0.03387,10,20,crop_radius_minus_1.5,"atom_shuffle,coordinate_jitter",132,10,10
colab47_crop_subsample_subsample_n10,diffsbdd,mean_qed,2.519,1.754,5.16,0.07061,0.02803,8,16,crop_radius_minus_1.5,"atom_shuffle,coordinate_jitter",133,10,8
colab47_crop_subsample_subsample_n10,diffsbdd,mean_qed,2.493,1.054,6.075,0.07501,0.03009,10,20,crop_radius_minus_1.5,"atom_shuffle,coordinate_jitter",134,10,10
colab47_crop_subsample_subsample_n10,diffsbdd,mean_qed,3.122,1.468,8.265,0.08116,0.026,9,18,crop_radius_minus_1.5,"atom_shuffle,coordinate_jitter",135,10,9
colab47_crop_subsample_subsample_n10,diffsbdd,mean_qed,1.411,0.584,2.554,0.05089,0.03606,10,20,crop_radius_minus_1.5,"atom_shuffle,coordinate_jitter",136,10,10
colab47_crop_subsample_subsample_n10,diffsbdd,mean_qed,2.0,1.069,3.235,0.05967,0.02983,7,14,crop_radius_minus_1.5,"atom_shuffle,coordinate_jitter",137,10,7
colab47_crop_subsample_subsample_n10,diffsbdd,mean_qed,1.249,0.31,2.025,0.03902,0.03123,9,18,crop_radius_minus_1.5,"atom_shuffle,coordinate_jitter",138,10,9
colab47_crop_subsample_subsample_n10,diffsbdd,mean_qed,2.197,1.246,3.939,0.07016,0.03194,10,20,crop_radius_minus_1.5,"atom_shuffle,coordinate_jitter",139,10,10
colab47_crop_subsample_subsample_n10,diffsbdd,mean_qed,1.68,0.835,3.331,0.04422,0.02632,8,16,crop_radius_minus_1.5,"atom_shuffle,coordinate_jitter",140,10,8
colab47_crop_subsample_subsample_n10,diffsbdd,mean_qed,1.602,0.611,2.57,0.04772,0.02978,10,20,crop_radius_minus_1.5,"atom_shuffle,coordinate_jitter",141,10,10
colab47_crop_subsample_subsample_n10,diffsbdd,mean_qed,2.354,0.252,4.118,0.05786,0.02458,9,18,crop_radius_minus_1.5,"atom_shuffle,coordinate_jitter",142,10,9
colab47_crop_subsample_subsample_n10,diffsbdd,mean_qed,2.315,0.639,4.859,0.07266,0.03138,10,20,crop_radius_minus_1.5,"atom_shuffle,coordinate_jitter",143,10,10
colab47_crop_subsample_subsample_n10,diffsbdd,mean_qed,1.604,0.374,5.303,0.04672,0.02913,8,16,crop_radius_minus_1.5,"atom_shuffle,coordinate_jitter",144,10,8
colab47_crop_subsample_subsample_n10,diffsbdd,mean_qed,1.267,0.925,3.145,0.043,0.03395,9,18,crop_radius_minus_1.5,"atom_shuffle,coordinate_jitter",145,10,9
colab47_crop_subsample_subsample_n10,diffsbdd,mean_qed,2.195,0.352,3.918,0.06888,0.03138,10,20,crop_radius_minus_1.5,"atom_shuffle,coordinate_jitter",146,10,10
colab47_crop_subsample_subsample_n10,diffsbdd,mean_qed,2.28,1.164,3.185,0.06764,0.02967,8,16,crop_radius_minus_1.5,"atom_shuffle,coordinate_jitter",147,10,8
colab47_crop_subsample_subsample_n10,diffsbdd,mean_qed,2.208,0.184,4.269,0.05641,0.02555,9,18,crop_radius_minus_1.5,"atom_shuffle,coordinate_jitter",148,10,9
colab47_crop_subsample_subsample_n10,diffsbdd,mean_qed,1.755,0.27,3.349,0.04544,0.0259,7,14,crop_radius_minus_1.5,"atom_shuffle,coordinate_jitter",149,10,7
colab47_crop_subsample_subsample_n10,diffsbdd,mean_qed,2.427,1.309,6.946,0.0626,0.02579,10,20,crop_radius_minus_1.5,"atom_shuffle,coordinate_jitter",150,10,10
colab47_crop_subsample_subsample_n10,diffsbdd,mean_qed,2.364,1.392,3.849,0.07338,0.03104,9,18,crop_radius_minus_1.5,"atom_shuffle,coordinate_jitter",151,10,9
colab47_crop_subsample_subsample_n10,diffsbdd,mean_qed,1.823,1.255,3.02,0.05877,0.03224,10,20,crop_radius_minus_1.5,"atom_shuffle,coordinate_jitter",152,10,10
colab47_crop_subsample_subsample_n10,diffsbdd,mean_qed,1.377,0.763,2.669,0.043,0.03123,9,18,crop_radius_minus_1.5,"atom_shuffle,coordinate_jitter",153,10,9
colab47_crop_subsample_subsample_n10,diffsbdd,mean_qed,0.823,0.46,2.668,0.02174,0.02642,8,16,crop_radius_minus_1.5,"atom_shuffle,coordinate_jitter",154,10,8
colab47_crop_subsample_subsample_n10,diffsbdd,mean_qed,2.47,1.618,4.045,0.07574,0.03066,10,20,crop_radius_minus_1.5,"atom_shuffle,coordinate_jitter",155,10,10
colab47_crop_subsample_subsample_n10,diffsbdd,mean_qed,1.952,0.497,4.057,0.06438,0.03298,9,18,crop_radius_minus_1.5,"atom_shuffle,coordinate_jitter",156,10,9
colab47_crop_subsample_subsample_n10,diffsbdd,mean_qed,2.342,1.254,4.38,0.06552,0.02797,9,18,crop_radius_minus_1.5,"atom_shuffle,coordinate_jitter",157,10,9
colab47_crop_subsample_subsample_n10,diffsbdd,mean_qed,1.379,0.76,3.94,0.0562,0.04075,9,18,crop_radius_minus_1.5,"atom_shuffle,coordinate_jitter",158,10,9
colab47_crop_subsample_subsample_n10,diffsbdd,mean_qed,2.759,0.471,4.629,0.05786,0.02097,9,18,crop_radius_minus_1.5,"atom_shuffle,coordinate_jitter",159,10,9
colab47_crop_subsample_subsample_n10,diffsbdd,mean_qed,2.949,0.412,7.178,0.06784,0.02301,9,18,crop_radius_minus_1.5,"atom_shuffle,coordinate_jitter",160,10,9
colab47_crop_subsample_subsample_n10,diffsbdd,mean_qed,2.493,1.768,5.191,0.06989,0.02803,8,16,crop_radius_minus_1.5,"atom_shuffle,coordinate_jitter",161,10,8
colab47_crop_subsample_subsample_n10,diffsbdd,mean_qed,1.473,0.333,3.188,0.04016,0.02726,10,20,crop_radius_minus_1.5,"atom_shuffle,coordinate_jitter",162,10,10
colab47_crop_subsample_subsample_n10,diffsbdd,mean_qed,1.997,1.103,3.814,0.06438,0.03224,9,18,crop_radius_minus_1.5,"atom_shuffle,coordinate_jitter",163,10,9
colab47_crop_subsample_subsample_n10,diffsbdd,mean_qed,3.23,1.425,5.612,0.08403,0.02602,8,16,crop_radius_minus_1.5,"atom_shuffle,coordinate_jitter",164,10,8
colab47_crop_subsample_subsample_n10,diffsbdd,mean_qed,2.038,1.1,2.964,0.07313,0.03589,10,20,crop_radius_minus_1.5,"atom_shuffle,coordinate_jitter",165,10,10
colab47_crop_subsample_subsample_n10,diffsbdd,mean_qed,2.329,1.197,4.368,0.05794,0.02487,10,20,crop_radius_minus_1.5,"atom_shuffle,coordinate_jitter",166,10,10
colab47_crop_subsample_subsample_n10,diffsbdd,mean_qed,2.286,1.149,4.005,0.06784,0.02968,7,14,crop_radius_minus_1.5,"atom_shuffle,coordinate_jitter",167,10,7
colab47_crop_subsample_subsample_n10,diffsbdd,mean_qed,1.343,0.744,3.361,0.0417,0.03104,10,20,crop_radius_minus_1.5,"atom_shuffle,coordinate_jitter",168,10,10
colab47_crop_subsample_subsample_n10,diffsbdd,mean_qed,3.003,0.525,4.265,0.05703,0.01899,10,20,crop_radius_minus_1.5,"atom_shuffle,coordinate_jitter",169,10,10
colab47_crop_subsample_subsample_n10,diffsbdd,mean_qed,1.505,0.806,2.399,0.05093,0.03385,10,20,crop_radius_minus_1.5,"atom_shuffle,coordinate_jitter",170,10,10
colab47_crop_subsample_subsample_n10,diffsbdd,mean_qed,3.507,2.25,6.343,0.07409,0.02113,10,20,crop_radius_minus_1.5,"atom_shuffle,coordinate_jitter",171,10,10
colab47_crop_subsample_subsample_n10,diffsbdd,mean_qed,2.204,1.299,5.58,0.04625,0.02099,10,20,crop_radius_minus_1.5,"atom_shuffle,coordinate_jitter",172,10,10
colab47_crop_subsample_subsample_n10,diffsbdd,mean_qed,2.334,1.393,3.058,0.0709,0.03037,9,18,crop_radius_minus_1.5,"atom_shuffle,coordinate_jitter",173,10,9
colab47_crop_subsample_subsample_n10,diffsbdd,mean_qed,2.454,1.309,6.979,0.0831,0.03387,9,18,crop_radius_minus_1.5,"atom_shuffle,coordinate_jitter",174,10,9
colab47_crop_subsample_subsample_n10,diffsbdd,mean_qed,2.669,1.802,6.231,0.06552,0.02454,9,18,crop_radius_minus_1.5,"atom_shuffle,coordinate_jitter",175,10,9
colab47_crop_subsample_subsample_n10,diffsbdd,mean_qed,1.473,0.246,2.195,0.04685,0.0318,10,20,crop_radius_minus_1.5,"atom_shuffle,coordinate_jitter",176,10,10
colab47_crop_subsample_subsample_n10,diffsbdd,mean_qed,1.592,0.639,4.303,0.0495,0.0311,9,18,crop_radius_minus_1.5,"atom_shuffle,coordinate_jitter",177,10,9
colab47_crop_subsample_subsample_n10,diffsbdd,mean_qed,2.213,0.97,3.403,0.06438,0.0291,9,18,crop_radius_minus_1.5,"atom_shuffle,coordinate_jitter",178,10,9
colab47_crop_subsample_subsample_n10,diffsbdd,mean_qed,2.912,1.021,5.295,0.05285,0.01815,10,20,crop_radius_minus_1.5,"atom_shuffle,coordinate_jitter",179,10,10
colab47_crop_subsample_subsample_n10,diffsbdd,mean_qed,1.299,0.349,1.86,0.04057,0.03123,8,16,crop_radius_minus_1.5,"atom_shuffle,coordinate_jitter",180,10,8
colab47_crop_subsample_subsample_n10,diffsbdd,mean_qed,2.262,1.349,3.729,0.06366,0.02815,10,20,crop_radius_minus_1.5,"atom_shuffle,coordinate_jitter",181,10,10
colab47_crop_subsample_subsample_n10,diffsbdd,mean_qed,1.902,0.366,2.596,0.05641,0.02967,9,18,crop_radius_minus_1.5,"atom_shuffle,coordinate_jitter",182,10,9
colab47_crop_subsample_subsample_n10,diffsbdd,mean_qed,2.149,1.163,3.69,0.06552,0.03049,9,18,crop_radius_minus_1.5,"atom_shuffle,coordinate_jitter",183,10,9
colab47_crop_subsample_subsample_n10,diffsbdd,mean_qed,2.313,1.351,3.848,0.07339,0.03173,10,20,crop_radius_minus_1.5,"atom_shuffle,coordinate_jitter",184,10,10
colab47_crop_subsample_subsample_n10,diffsbdd,mean_qed,2.02,0.573,5.234,0.04544,0.0225,9,18,crop_radius_minus_1.5,"atom_shuffle,coordinate_jitter",185,10,9
colab47_crop_subsample_subsample_n10,diffsbdd,mean_qed,1.481,0.735,2.591,0.06562,0.04431,8,16,crop_radius_minus_1.5,"atom_shuffle,coordinate_jitter",186,10,8
colab47_crop_subsample_subsample_n10,diffsbdd,mean_qed,1.291,0.341,3.717,0.05325,0.04125,8,16,crop_radius_minus_1.5,"atom_shuffle,coordinate_jitter",187,10,8
colab47_crop_subsample_subsample_n10,diffsbdd,mean_qed,2.423,1.606,3.682,0.07286,0.03007,9,18,crop_radius_minus_1.5,"atom_shuffle,coordinate_jitter",188,10,9
colab47_crop_subsample_subsample_n10,diffsbdd,mean_qed,2.088,1.162,4.31,0.06668,0.03194,8,16,crop_radius_minus_1.5,"atom_shuffle,coordinate_jitter",189,10,8
colab47_crop_subsample_subsample_n10,diffsbdd,mean_qed,1.872,0.79,3.505,0.0562,0.03003,9,18,crop_radius_minus_1.5,"atom_shuffle,coordinate_jitter",190,10,9
colab47_crop_subsample_subsample_n10,diffsbdd,mean_qed,1.488,0.282,3.143,0.04128,0.02774,9,18,crop_radius_minus_1.5,"atom_shuffle,coordinate_jitter",191,10,9
colab47_crop_subsample_subsample_n10,diffsbdd,mean_qed,1.89,0.375,2.747,0.06376,0.03374,8,16,crop_radius_minus_1.5,"atom_shuffle,coordinate_jitter",192,10,8
colab47_crop_subsample_subsample_n10,diffsbdd,mean_qed,2.021,0.209,3.504,0.05786,0.02863,9,18,crop_radius_minus_1.5,"atom_shuffle,coordinate_jitter",193,10,9
colab47_crop_subsample_subsample_n10,diffsbdd,mean_qed,2.186,0.815,4.305,0.06552,0.02997,9,18,crop_radius_minus_1.5,"atom_shuffle,coordinate_jitter",194,10,9
colab47_crop_subsample_subsample_n10,diffsbdd,mean_qed,1.526,0.52,2.271,0.04544,0.02978,9,18,crop_radius_minus_1.5,"atom_shuffle,coordinate_jitter",195,10,9
colab47_crop_subsample_subsample_n10,diffsbdd,mean_qed,2.868,1.529,3.936,0.06454,0.0225,10,20,crop_radius_minus_1.5,"atom_shuffle,coordinate_jitter",196,10,10
colab47_crop_subsample_subsample_n10,diffsbdd,mean_qed,1.815,1.05,2.661,0.05641,0.03108,9,18,crop_radius_minus_1.5,"atom_shuffle,coordinate_jitter",197,10,9
colab47_crop_subsample_subsample_n10,diffsbdd,mean_qed,1.502,0.751,3.095,0.0741,0.04932,10,20,crop_radius_minus_1.5,"atom_shuffle,coordinate_jitter",198,10,10
colab47_crop_subsample_subsample_n10,diffsbdd,mean_qed,2.163,0.955,4.506,0.05082,0.02349,10,20,crop_radius_minus_1.5,"atom_shuffle,coordinate_jitter",199,10,10
colab47_crop_subsample_subsample_n10,diffsbdd,mean_qed,2.011,0.224,3.426,0.06491,0.03227,10,20,crop_radius_minus_1.5,"atom_shuffle,coordinate_jitter",200,10,10
colab47_crop_subsample_subsample_n10,diffsbdd,mean_qed,1.454,0.265,2.586,0.04825,0.03318,9,18,crop_radius_minus_1.5,"atom_shuffle,coordinate_jitter",201,10,9
colab47_crop_subsample_subsample_n10,diffsbdd,mean_qed,1.649,0.197,2.918,0.04825,0.02926,9,18,crop_radius_minus_1.5,"atom_shuffle,coordinate_jitter",202,10,9
colab47_crop_subsample_subsample_n10,diffsbdd,mean_qed,1.661,0.838,5.259,0.043,0.02588,9,18,crop_radius_minus_1.5,"atom_shuffle,coordinate_jitter",203,10,9
colab47_crop_subsample_subsample_n10,diffsbdd,mean_qed,3.962,1.331,7.014,0.07809,0.01971,9,18,crop_radius_minus_1.5,"atom_shuffle,coordinate_jitter",204,10,9
colab47_crop_subsample_subsample_n10,diffsbdd,mean_qed,2.508,1.853,4.85,0.07338,0.02926,9,18,crop_radius_minus_1.5,"atom_shuffle,coordinate_jitter",205,10,9
colab47_crop_subsample_subsample_n10,diffsbdd,mean_qed,2.548,0.64,5.694,0.07288,0.0286,9,18,crop_radius_minus_1.5,"atom_shuffle,coordinate_jitter",206,10,9
colab47_crop_subsample_subsample_n10,diffsbdd,mean_qed,1.281,0.449,2.373,0.04825,0.03768,7,14,crop_radius_minus_1.5,"atom_shuffle,coordinate_jitter",207,10,7
colab47_crop_subsample_subsample_n10,diffsbdd,mean_qed,1.72,0.48,4.979,0.043,0.025,9,18,crop_radius_minus_1.5,"atom_shuffle,coordinate_jitter",208,10,9
colab47_crop_subsample_subsample_n10,diffsbdd,mean_qed,1.129,0.307,4.444,0.03291,0.02914,9,18,crop_radius_minus_1.5,"atom_shuffle,coordinate_jitter",209,10,9
colab47_crop_subsample_subsample_n10,diffsbdd,mean_qed,2.185,1.052,4.554,0.06112,0.02797,10,20,crop_radius_minus_1.5,"atom_shuffle,coordinate_jitter",210,10,10
colab47_crop_subsample_subsample_n10,diffsbdd,mean_qed,2.987,1.658,5.561,0.08478,0.02839,10,20,crop_radius_minus_1.5,"atom_shuffle,coordinate_jitter",211,10,10
colab47_crop_subsample_subsample_n10,diffsbdd,mean_qed,2.051,0.994,3.65,0.06628,0.03232,10,20,crop_radius_minus_1.5,"atom_shuffle,coordinate_jitter",212,10,10
colab47_crop_subsample_subsample_n10,diffsbdd,mean_qed,2.545,1.213,4.288,0.07286,0.02863,9,18,crop_radius_minus_1.5,"atom_shuffle,coordinate_jitter",213,10,9
colab47_crop_subsample_subsample_n10,diffsbdd,mean_qed,1.856,0.83,3.25,0.04874,0.02626,10,20,crop_radius_minus_1.5,"atom_shuffle,coordinate_jitter",214,10,10
colab47_crop_subsample_subsample_n10,diffsbdd,mean_qed,2.519,0.519,6.061,0.06438,0.02555,9,18,crop_radius_minus_1.5,"atom_shuffle,coordinate_jitter",215,10,9
colab47_crop_subsample_subsample_n10,diffsbdd,mean_qed,2.003,0.909,4.168,0.06112,0.03051,10,20,crop_radius_minus_1.5,"atom_shuffle,coordinate_jitter",216,10,10
colab47_crop_subsample_subsample_n10,diffsbdd,mean_qed,1.754,0.908,4.088,0.06862,0.03912,8,16,crop_radius_minus_1.5,"atom_shuffle,coordinate_jitter",217,10,8
colab47_crop_subsample_subsample_n10,diffsbdd,mean_qed,1.265,0.852,4.459,0.04211,0.03328,7,14,crop_radius_minus_1.5,"atom_shuffle,coordinate_jitter",218,10,7
colab47_crop_subsample_subsample_n10,diffsbdd,mean_qed,1.476,0.639,4.159,0.043,0.02914,9,18,crop_radius_minus_1.5,"atom_shuffle,coordinate_jitter",219,10,9
colab47_crop_subsample_subsample_n10,diffsbdd,mean_qed,2.537,1.032,12.213,0.07142,0.02815,8,16,crop_radius_minus_1.5,"atom_shuffle,coordinate_jitter",220,10,8
colab47_crop_subsample_subsample_n10,diffsbdd,mean_qed,1.068,0.269,2.852,0.02968,0.0278,10,20,crop_radius_minus_1.5,"atom_shuffle,coordinate_jitter",221,10,10
colab47_crop_subsample_subsample_n10,diffsbdd,mean_qed,1.783,0.556,2.593,0.05958,0.03341,8,16,crop_radius_minus_1.5,"atom_shuffle,coordinate_jitter",222,10,8
colab47_crop_subsample_subsample_n10,diffsbdd,mean_qed,1.239,0.532,2.234,0.05382,0.04343,10,20,crop_radius_minus_1.5,"atom_shuffle,coordinate_jitter",223,10,10
colab47_crop_subsample_subsample_n10,diffsbdd,mean_qed,2.531,0.611,4.384,0.05694,0.0225,8,16,crop_radius_minus_1.5,"atom_shuffle,coordinate_jitter",224,10,8
colab47_crop_subsample_subsample_n10,diffsbdd,mean_qed,1.63,0.812,2.799,0.04957,0.03041,10,20,crop_radius_minus_1.5,"atom_shuffle,coordinate_jitter",225,10,10
colab47_crop_subsample_subsample_n10,diffsbdd,mean_qed,3.003,1.871,5.775,0.06945,0.02313,10,20,crop_radius_minus_1.5,"atom_shuffle,coordinate_jitter",226,10,10
colab47_crop_subsample_subsample_n10,diffsbdd,mean_qed,1.591,0.948,2.869,0.04825,0.03033,9,18,crop_radius_minus_1.5,"atom_shuffle,coordinate_jitter",227,10,9
colab47_crop_subsample_subsample_n10,diffsbdd,mean_qed,2.203,0.244,3.741,0.06552,0.02975,9,18,crop_radius_minus_1.5,"atom_shuffle,coordinate_jitter",228,10,9
colab47_crop_subsample_subsample_n10,diffsbdd,mean_qed,1.391,0.77,3.022,0.04128,0.02967,9,18,crop_radius_minus_1.5,"atom_shuffle,coordinate_jitter",229,10,9
colab47_crop_subsample_subsample_n10,diffsbdd,mean_qed,1.27,0.936,2.579,0.0417,0.03282,8,16,crop_radius_minus_1.5,"atom_shuffle,coordinate_jitter",230,10,8
colab47_crop_subsample_subsample_n10,diffsbdd,mean_qed,1.402,0.31,2.67,0.04378,0.03123,8,16,crop_radius_minus_1.5,"atom_shuffle,coordinate_jitter",231,10,8
colab47_crop_subsample_subsample_n10,diffsbdd,mean_qed,2.514,1.175,4.575,0.07384,0.02937,8,16,crop_radius_minus_1.5,"atom_shuffle,coordinate_jitter",232,10,8
colab47_crop_subsample_subsample_n10,diffsbdd,mean_qed,6.177,1.997,9.426,0.07193,0.01164,9,18,crop_radius_minus_1.5,"atom_shuffle,coordinate_jitter",233,10,9
colab47_crop_subsample_subsample_n10,diffsbdd,mean_qed,1.744,0.596,3.135,0.05223,0.02995,8,16,crop_radius_minus_1.5,"atom_shuffle,coordinate_jitter",234,10,8
colab47_crop_subsample_subsample_n10,diffsbdd,mean_qed,1.667,0.543,2.558,0.05396,0.03237,10,20,crop_radius_minus_1.5,"atom_shuffle,coordinate_jitter",235,10,10
colab47_crop_subsample_subsample_n10,diffsbdd,mean_qed,1.975,1.091,3.447,0.05285,0.02676,10,20,crop_radius_minus_1.5,"atom_shuffle,coordinate_jitter",236,10,10
colab47_crop_subsample_subsample_n10,diffsbdd,mean_qed,1.488,0.364,2.597,0.04422,0.02972,10,20,crop_radius_minus_1.5,"atom_shuffle,coordinate_jitter",237,10,10
colab47_crop_subsample_subsample_n10,diffsbdd,mean_qed,2.159,0.962,4.294,0.07286,0.03374,9,18,crop_radius_minus_1.5,"atom_shuffle,coordinate_jitter",238,10,9
colab47_crop_subsample_subsample_n10,diffsbdd,mean_qed,0.932,0.32,3.075,0.02704,0.02901,10,20,crop_radius_minus_1.5,"atom_shuffle,coordinate_jitter",239,10,10
colab47_crop_subsample_subsample_n10,diffsbdd,mean_qed,1.715,0.599,3.052,0.04672,0.02724,10,20,crop_radius_minus_1.5,"atom_shuffle,coordinate_jitter",240,10,10
colab47_crop_subsample_subsample_n10,diffsbdd,mean_qed,2.384,0.191,3.828,0.06668,0.02797,10,20,crop_radius_minus_1.5,"atom_shuffle,coordinate_jitter",241,10,10
colab47_crop_subsample_subsample_n10,diffsbdd,mean_qed,1.257,0.186,2.75,0.03902,0.03104,9,18,crop_radius_minus_1.5,"atom_shuffle,coordinate_jitter",242,10,9
colab47_crop_subsample_subsample_n10,diffsbdd,mean_qed,1.933,0.433,4.059,0.04128,0.02136,9,18,crop_radius_minus_1.5,"atom_shuffle,coordinate_jitter",243,10,9
colab47_crop_subsample_subsample_n10,diffsbdd,mean_qed,2.2,0.569,5.452,0.0495,0.0225,9,18,crop_radius_minus_1.5,"atom_shuffle,coordinate_jitter",244,10,9
colab47_crop_subsample_subsample_n10,diffsbdd,mean_qed,2.397,1.534,4.337,0.07596,0.03169,10,20,crop_radius_minus_1.5,"atom_shuffle,coordinate_jitter",245,10,10
colab47_crop_subsample_subsample_n10,diffsbdd,mean_qed,2.1,1.164,3.433,0.06438,0.03066,9,18,crop_radius_minus_1.5,"atom_shuffle,coordinate_jitter",246,10,9
colab47_crop_subsample_subsample_n10,diffsbdd,mean_qed,1.63,0.739,2.901,0.06723,0.04125,10,20,crop_radius_minus_1.5,"atom_shuffle,coordinate_jitter",247,10,10
colab47_crop_subsample_subsample_n10,diffsbdd,mean_qed,1.802,1.229,2.693,0.05285,0.02932,8,16,crop_radius_minus_1.5,"atom_shuffle,coordinate_jitter",248,10,8
colab47_crop_subsample_subsample_n10,diffsbdd,mean_qed,3.291,2.122,3.945,0.0724,0.022,10,20,crop_radius_minus_1.5,"atom_shuffle,coordinate_jitter",249,10,10
colab47_crop_subsample_subsample_n10,diffsbdd,mean_qed,1.882,1.249,3.779,0.05877,0.03123,10,20,crop_radius_minus_1.5,"atom_shuffle,coordinate_jitter",250,10,10
colab47_crop_subsample_subsample_n10,diffsbdd,mean_qed,2.158,1.13,4.688,0.06438,0.02983,9,18,crop_radius_minus_1.5,"atom_shuffle,coordinate_jitter",251,10,9
colab47_crop_subsample_subsample_n10,diffsbdd,mean_qed,2.284,1.138,3.13,0.0709,0.03104,9,18,crop_radius_minus_1.5,"atom_shuffle,coordinate_jitter",252,10,9
colab47_crop_subsample_subsample_n10,diffsbdd,mean_qed,2.148,1.211,3.793,0.06366,0.02964,10,20,crop_radius_minus_1.5,"atom_shuffle,coordinate_jitter",253,10,10
colab47_crop_subsample_subsample_n10,diffsbdd,mean_qed,0.945,0.248,3.1,0.03376,0.03572,9,18,crop_radius_minus_1.5,"atom_shuffle,coordinate_jitter",254,10,9
colab47_crop_subsample_subsample_n10,diffsbdd,mean_qed,1.434,0.818,2.679,0.06784,0.04732,9,18,crop_radius_minus_1.5,"atom_shuffle,coordinate_jitter",255,10,9
colab47_crop_subsample_subsample_n10,diffsbdd,mean_qed,2.132,1.125,3.508,0.06203,0.0291,10,20,crop_radius_minus_1.5,"atom_shuffle,coordinate_jitter",256,10,10
colab47_crop_subsample_subsample_n10,diffsbdd,mean_qed,2.219,0.489,4.509,0.06438,0.02901,9,18,crop_radius_minus_1.5,"atom_shuffle,coordinate_jitter",257,10,9
colab47_crop_subsample_subsample_n10,diffsbdd,mean_qed,2.264,0.977,3.685,0.0709,0.03132,9,18,crop_radius_minus_1.5,"atom_shuffle,coordinate_jitter",258,10,9
colab47_crop_subsample_subsample_n10,diffsbdd,mean_qed,1.654,0.716,2.396,0.05043,0.03049,10,20,crop_radius_minus_1.5,"atom_shuffle,coordinate_jitter",259,10,10
colab47_crop_subsample_subsample_n10,diffsbdd,mean_qed,1.204,0.593,3.378,0.04016,0.03335,10,20,crop_radius_minus_1.5,"atom_shuffle,coordinate_jitter",260,10,10
colab47_crop_subsample_subsample_n10,diffsbdd,mean_qed,2.305,0.973,3.198,0.07266,0.03152,8,16,crop_radius_minus_1.5,"atom_shuffle,coordinate_jitter",261,10,8
colab47_crop_subsample_subsample_n10,diffsbdd,mean_qed,1.355,0.266,2.924,0.03903,0.0288,9,18,crop_radius_minus_1.5,"atom_shuffle,coordinate_jitter",262,10,9
colab47_crop_subsample_subsample_n10,diffsbdd,mean_qed,2.229,0.868,3.449,0.06537,0.02933,10,20,crop_radius_minus_1.5,"atom_shuffle,coordinate_jitter",263,10,10
colab47_crop_subsample_subsample_n10,diffsbdd,mean_qed,2.227,1.032,5.145,0.0495,0.02223,9,18,crop_radius_minus_1.5,"atom_shuffle,coordinate_jitter",264,10,9
colab47_crop_subsample_subsample_n10,diffsbdd,mean_qed,1.092,0.736,1.79,0.04518,0.04139,8,16,crop_radius_minus_1.5,"atom_shuffle,coordinate_jitter",265,10,8
colab47_crop_subsample_subsample_n10,diffsbdd,mean_qed,2.298,0.832,3.534,0.07409,0.03224,10,20,crop_radius_minus_1.5,"atom_shuffle,coordinate_jitter",266,10,10
colab47_crop_subsample_subsample_n10,diffsbdd,mean_qed,1.347,0.265,2.697,0.04101,0.03044,10,20,crop_radius_minus_1.5,"atom_shuffle,coordinate_jitter",267,10,10
colab47_crop_subsample_subsample_n10,diffsbdd,mean_qed,2.114,1.053,3.891,0.06989,0.03305,10,20,crop_radius_minus_1.5,"atom_shuffle,coordinate_jitter",268,10,10
colab47_crop_subsample_subsample_n10,diffsbdd,mean_qed,1.649,0.29,2.618,0.07181,0.04354,8,16,crop_radius_minus_1.5,"atom_shuffle,coordinate_jitter",269,10,8
colab47_crop_subsample_subsample_n10,diffsbdd,mean_qed,1.137,0.435,2.466,0.04916,0.04324,10,20,crop_radius_minus_1.5,"atom_shuffle,coordinate_jitter",270,10,10
colab47_crop_subsample_subsample_n10,diffsbdd,mean_qed,1.875,0.381,2.595,0.05689,0.03035,8,16,crop_radius_minus_1.5,"atom_shuffle,coordinate_jitter",271,10,8
colab47_crop_subsample_subsample_n10,diffsbdd,mean_qed,2.968,1.456,9.106,0.07963,0.02683,10,20,crop_radius_minus_1.5,"atom_shuffle,coordinate_jitter",272,10,10
colab47_crop_subsample_subsample_n10,diffsbdd,mean_qed,1.366,0.662,2.808,0.03902,0.02857,10,20,crop_radius_minus_1.5,"atom_shuffle,coordinate_jitter",273,10,10
colab47_crop_subsample_subsample_n10,diffsbdd,mean_qed,1.631,0.855,3.058,0.05093,0.03123,8,16,crop_radius_minus_1.5,"atom_shuffle,coordinate_jitter",274,10,8
colab47_crop_subsample_subsample_n10,diffsbdd,mean_qed,1.865,0.821,2.918,0.06086,0.03263,10,20,crop_radius_minus_1.5,"atom_shuffle,coordinate_jitter",275,10,10
colab47_crop_subsample_subsample_n10,diffsbdd,mean_qed,3.238,1.757,4.206,0.06784,0.02095,9,18,crop_radius_minus_1.5,"atom_shuffle,coordinate_jitter",276,10,9
colab47_crop_subsample_subsample_n10,diffsbdd,mean_qed,2.157,1.019,2.984,0.06552,0.03037,9,18,crop_radius_minus_1.5,"atom_shuffle,coordinate_jitter",277,10,9
colab47_crop_subsample_subsample_n10,diffsbdd,mean_qed,2.346,1.456,4.721,0.07963,0.03395,10,20,crop_radius_minus_1.5,"atom_shuffle,coordinate_jitter",278,10,10
colab47_crop_subsample_subsample_n10,diffsbdd,mean_qed,2.343,0.961,7.369,0.06989,0.02983,8,16,crop_radius_minus_1.5,"atom_shuffle,coordinate_jitter",279,10,8
colab47_crop_subsample_subsample_n10,diffsbdd,mean_qed,2.279,1.091,5.451,0.06563,0.0288,8,16,crop_radius_minus_1.5,"atom_shuffle,coordinate_jitter",280,10,8
colab47_crop_subsample_subsample_n10,diffsbdd,mean_qed,2.555,0.471,4.278,0.06784,0.02655,9,18,crop_radius_minus_1.5,"atom_shuffle,coordinate_jitter",281,10,9
colab47_crop_subsample_subsample_n10,diffsbdd,mean_qed,1.839,0.719,4.746,0.0534,0.02904,8,16,crop_radius_minus_1.5,"atom_shuffle,coordinate_jitter",282,10,8
colab47_crop_subsample_subsample_n10,diffsbdd,mean_qed,2.064,0.436,4.799,0.05786,0.02803,9,18,crop_radius_minus_1.5,"atom_shuffle,coordinate_jitter",283,10,9
colab47_crop_subsample_subsample_n10,diffsbdd,mean_qed,1.627,0.638,3.308,0.04128,0.02538,9,18,crop_radius_minus_1.5,"atom_shuffle,coordinate_jitter",284,10,9
colab47_crop_subsample_subsample_n10,diffsbdd,mean_qed,1.058,0.445,2.793,0.03903,0.0369,9,18,crop_radius_minus_1.5,"atom_shuffle,coordinate_jitter",285,10,9
colab47_crop_subsample_subsample_n10,diffsbdd,mean_qed,1.662,0.835,3.109,0.0495,0.02978,9,18,crop_radius_minus_1.5,"atom_shuffle,coordinate_jitter",286,10,9
colab47_crop_subsample_subsample_n10,diffsbdd,mean_qed,1.412,0.184,3.651,0.03918,0.02774,10,20,crop_radius_minus_1.5,"atom_shuffle,coordinate_jitter",287,10,10
colab47_crop_subsample_subsample_n10,diffsbdd,mean_qed,1.537,0.603,4.095,0.04581,0.0298,8,16,crop_radius_minus_1.5,"atom_shuffle,coordinate_jitter",288,10,8
colab47_crop_subsample_subsample_n10,diffsbdd,mean_qed,2.145,0.361,3.042,0.07286,0.03397,9,18,crop_radius_minus_1.5,"atom_shuffle,coordinate_jitter",289,10,9
colab47_crop_subsample_subsample_n10,diffsbdd,mean_qed,2.371,0.402,6.382,0.05751,0.02425,8,16,crop_radius_minus_1.5,"atom_shuffle,coordinate_jitter",290,10,8
colab47_crop_subsample_subsample_n10,diffsbdd,mean_qed,1.402,0.175,2.796,0.04685,0.03341,8,16,crop_radius_minus_1.5,"atom_shuffle,coordinate_jitter",291,10,8
colab47_crop_subsample_subsample_n10,diffsbdd,mean_qed,2.032,0.225,3.076,0.05641,0.02777,9,18,crop_radius_minus_1.5,"atom_shuffle,coordinate_jitter",292,10,9
colab47_crop_subsample_subsample_n10,diffsbdd,mean_qed,2.347,0.962,4.978,0.04625,0.01971,10,20,crop_radius_minus_1.5,"atom_shuffle,coordinate_jitter",293,10,10
colab47_crop_subsample_subsample_n10,diffsbdd,mean_qed,2.891,0.324,6.641,0.05867,0.02029,10,20,crop_radius_minus_1.5,"atom_shuffle,coordinate_jitter",294,10,10
colab47_crop_subsample_subsample_n10,diffsbdd,mean_qed,1.417,0.326,3.446,0.04224,0.0298,8,16,crop_radius_minus_1.5,"atom_shuffle,coordinate_jitter",295,10,8
colab47_crop_subsample_subsample_n10,diffsbdd,mean_qed,2.149,1.552,3.98,0.06668,0.03103,10,20,crop_radius_minus_1.5,"atom_shuffle,coordinate_jitter",296,10,10
colab47_crop_subsample_subsample_n10,diffsbdd,mean_qed,1.98,0.924,3.5,0.05958,0.03009,10,20,crop_radius_minus_1.5,"atom_shuffle,coordinate_jitter",297,10,10
colab47_crop_subsample_subsample_n10,diffsbdd,mean_qed,2.046,0.325,3.572,0.06097,0.0298,10,20,crop_radius_minus_1.5,"atom_shuffle,coordinate_jitter",298,10,10
colab47_crop_subsample_subsample_n10,diffsbdd,mean_qed,3.244,0.329,5.567,0.08116,0.02502,9,18,crop_radius_minus_1.5,"atom_shuffle,coordinate_jitter",299,10,9
colab47_crop_subsample_subsample_n10,diffsbdd,mean_qed,1.502,0.175,2.802,0.06491,0.04322,10,20,crop_radius_minus_1.5,"atom_shuffle,coordinate_jitter",300,10,10
colab47_crop_subsample_subsample_n10,diffsbdd,mean_qed,3.503,1.461,6.59,0.07338,0.02095,9,18,crop_radius_minus_1.5,"atom_shuffle,coordinate_jitter",301,10,9
colab47_crop_subsample_subsample_n10,diffsbdd,mean_qed,1.533,0.297,3.671,0.03795,0.02476,10,20,crop_radius_minus_1.5,"atom_shuffle,coordinate_jitter",302,10,10
colab47_crop_subsample_subsample_n10,diffsbdd,mean_qed,2.324,1.178,5.516,0.07895,0.03397,8,16,crop_radius_minus_1.5,"atom_shuffle,coordinate_jitter",303,10,8
colab47_crop_subsample_subsample_n10,diffsbdd,mean_qed,1.446,0.293,2.845,0.04211,0.02913,9,18,crop_radius_minus_1.5,"atom_shuffle,coordinate_jitter",304,10,9
colab47_crop_subsample_subsample_n10,diffsbdd,mean_qed,2.027,1.046,3.585,0.0604,0.0298,10,20,crop_radius_minus_1.5,"atom_shuffle,coordinate_jitter",305,10,10
colab47_crop_subsample_subsample_n10,diffsbdd,mean_qed,1.994,0.786,3.94,0.04825,0.0242,9,18,crop_radius_minus_1.5,"atom_shuffle,coordinate_jitter",306,10,9
colab47_crop_subsample_subsample_n10,diffsbdd,mean_qed,1.879,0.297,4.987,0.0495,0.02635,9,18,crop_radius_minus_1.5,"atom_shuffle,coordinate_jitter",307,10,9
colab47_crop_subsample_subsample_n10,diffsbdd,mean_qed,1.637,0.365,2.69,0.04772,0.02914,10,20,crop_radius_minus_1.5,"atom_shuffle,coordinate_jitter",308,10,10
colab47_crop_subsample_subsample_n10,diffsbdd,mean_qed,1.985,1.025,3.281,0.05751,0.02898,10,20,crop_radius_minus_1.5,"atom_shuffle,coordinate_jitter",309,10,10
colab47_crop_subsample_subsample_n10,diffsbdd,mean_qed,1.041,0.631,1.995,0.04057,0.03897,10,20,crop_radius_minus_1.5,"atom_shuffle,coordinate_jitter",310,10,10
colab47_crop_subsample_subsample_n10,diffsbdd,mean_qed,2.085,1.037,5.373,0.0495,0.02374,9,18,crop_radius_minus_1.5,"atom_shuffle,coordinate_jitter",311,10,9
colab47_crop_subsample_subsample_n10,diffsbdd,mean_qed,1.651,0.7,2.982,0.05223,0.03162,8,16,crop_radius_minus_1.5,"atom_shuffle,coordinate_jitter",312,10,8
colab47_crop_subsample_subsample_n10,diffsbdd,mean_qed,1.695,0.337,2.216,0.05641,0.03329,9,18,crop_radius_minus_1.5,"atom_shuffle,coordinate_jitter",313,10,9
colab47_crop_subsample_subsample_n10,diffsbdd,mean_qed,1.367,0.729,2.28,0.06784,0.04964,9,18,crop_radius_minus_1.5,"atom_shuffle,coordinate_jitter",314,10,9
colab47_crop_subsample_subsample_n10,diffsbdd,mean_qed,1.656,0.805,3.662,0.04825,0.02914,9,18,crop_radius_minus_1.5,"atom_shuffle,coordinate_jitter",315,10,9
colab47_crop_subsample_subsample_n10,diffsbdd,mean_qed,2.017,1.091,3.444,0.06376,0.03161,10,20,crop_radius_minus_1.5,"atom_shuffle,coordinate_jitter",316,10,10
colab47_crop_subsample_subsample_n10,diffsbdd,mean_qed,1.572,0.703,2.961,0.04916,0.03127,10,20,crop_radius_minus_1.5,"atom_shuffle,coordinate_jitter",317,10,10
colab47_crop_subsample_subsample_n10,diffsbdd,mean_qed,1.282,0.136,2.949,0.03903,0.03044,9,18,crop_radius_minus_1.5,"atom_shuffle,coordinate_jitter",318,10,9
colab47_crop_subsample_subsample_n10,diffsbdd,mean_qed,2.185,0.796,3.523,0.05967,0.02731,7,14,crop_radius_minus_1.5,"atom_shuffle,coordinate_jitter",319,10,7
colab47_crop_subsample_subsample_n10,diffsbdd,mean_qed,1.19,0.251,2.441,0.04211,0.03539,9,18,crop_radius_minus_1.5,"atom_shuffle,coordinate_jitter",320,10,9
colab47_crop_subsample_subsample_n10,diffsbdd,mean_qed,2.746,1.034,3.837,0.07288,0.02654,9,18,crop_radius_minus_1.5,"atom_shuffle,coordinate_jitter",321,10,9
colab47_crop_subsample_subsample_n10,diffsbdd,mean_qed,2.504,0.561,5.451,0.04544,0.01815,9,18,crop_radius_minus_1.5,"atom_shuffle,coordinate_jitter",322,10,9
colab47_crop_subsample_subsample_n10,diffsbdd,mean_qed,2.005,1.053,3.375,0.0562,0.02803,7,14,crop_radius_minus_1.5,"atom_shuffle,coordinate_jitter",323,10,7
colab47_crop_subsample_subsample_n10,diffsbdd,mean_qed,1.585,0.365,2.521,0.05641,0.0356,9,18,crop_radius_minus_1.5,"atom_shuffle,coordinate_jitter",324,10,9
colab47_crop_subsample_subsample_n10,diffsbdd,mean_qed,1.605,0.739,3.697,0.04102,0.02555,10,20,crop_radius_minus_1.5,"atom_shuffle,coordinate_jitter",325,10,10
colab47_crop_subsample_subsample_n10,diffsbdd,mean_qed,2.576,1.421,6.39,0.07479,0.02904,9,18,crop_radius_minus_1.5,"atom_shuffle,coordinate_jitter",326,10,9
colab47_crop_subsample_subsample_n10,diffsbdd,mean_qed,1.705,0.878,2.356,0.05641,0.03309,9,18,crop_radius_minus_1.5,"atom_shuffle,coordinate_jitter",327,10,9
colab47_crop_subsample_subsample_n10,diffsbdd,mean_qed,2.2,0.352,2.519,0.0709,0.03224,9,18,crop_radius_minus_1.5,"atom_shuffle,coordinate_jitter",328,10,9
colab47_crop_subsample_subsample_n10,diffsbdd,mean_qed,2.56,1.006,7.669,0.0495,0.01934,9,18,crop_radius_minus_1.5,"atom_shuffle,coordinate_jitter",329,10,9
colab47_crop_subsample_subsample_n10,diffsbdd,mean_qed,2.58,1.007,4.446,0.05967,0.02313,9,18,crop_radius_minus_1.5,"atom_shuffle,coordinate_jitter",330,10,9
colab47_crop_subsample_subsample_n10,diffsbdd,mean_qed,2.042,1.272,3.4,0.05877,0.02878,10,20,crop_radius_minus_1.5,"atom_shuffle,coordinate_jitter",331,10,10
colab47_crop_subsample_subsample_n10,diffsbdd,mean_qed,2.14,0.948,3.645,0.07644,0.03572,10,20,crop_radius_minus_1.5,"atom_shuffle,coordinate_jitter",332,10,10
colab47_crop_subsample_subsample_n10,diffsbdd,mean_qed,1.968,1.177,3.252,0.0626,0.0318,10,20,crop_radius_minus_1.5,"atom_shuffle,coordinate_jitter",333,10,10
colab47_crop_subsample_subsample_n10,diffsbdd,mean_qed,2.319,0.65,3.632,0.06438,0.02777,10,20,crop_radius_minus_1.5,"atom_shuffle,coordinate_jitter",334,10,10
colab47_crop_subsample_subsample_n10,diffsbdd,mean_qed,3.508,1.112,7.253,0.08477,0.02417,8,16,crop_radius_minus_1.5,"atom_shuffle,coordinate_jitter",335,10,8
colab47_crop_subsample_subsample_n10,diffsbdd,mean_qed,1.766,0.711,3.586,0.0675,0.03821,10,20,crop_radius_minus_1.5,"atom_shuffle,coordinate_jitter",336,10,10
colab47_crop_subsample_subsample_n10,diffsbdd,mean_qed,1.702,0.681,2.615,0.05664,0.03329,10,20,crop_radius_minus_1.5,"atom_shuffle,coordinate_jitter",337,10,10
colab47_crop_subsample_subsample_n10,diffsbdd,mean_qed,1.618,0.839,2.46,0.06438,0.03979,9,18,crop_radius_minus_1.5,"atom_shuffle,coordinate_jitter",338,10,9
colab47_crop_subsample_subsample_n10,diffsbdd,mean_qed,1.96,1.203,2.458,0.06937,0.03539,10,20,crop_radius_minus_1.5,"atom_shuffle,coordinate_jitter",339,10,10
colab47_crop_subsample_subsample_n10,diffsbdd,mean_qed,1.401,0.662,2.813,0.04016,0.02866,10,20,crop_radius_minus_1.5,"atom_shuffle,coordinate_jitter",340,10,10
colab47_crop_subsample_subsample_n10,diffsbdd,mean_qed,2.044,0.9,3.156,0.06677,0.03267,8,16,crop_radius_minus_1.5,"atom_shuffle,coordinate_jitter",341,10,8
colab47_crop_subsample_subsample_n10,diffsbdd,mean_qed,1.642,1.085,2.725,0.06668,0.04062,10,20,crop_radius_minus_1.5,"atom_shuffle,coordinate_jitter",342,10,10
colab47_crop_subsample_subsample_n10,diffsbdd,mean_qed,1.211,0.272,2.036,0.03903,0.03224,9,18,crop_radius_minus_1.5,"atom_shuffle,coordinate_jitter",343,10,9
colab47_crop_subsample_subsample_n10,diffsbdd,mean_qed,1.983,0.505,4.095,0.04336,0.02187,10,20,crop_radius_minus_1.5,"atom_shuffle,coordinate_jitter",344,10,10
colab47_crop_subsample_subsample_n10,diffsbdd,mean_qed,2.291,1.237,4.638,0.07313,0.03192,10,20,crop_radius_minus_1.5,"atom_shuffle,coordinate_jitter",345,10,10
colab47_crop_subsample_subsample_n10,diffsbdd,mean_qed,0.701,0.287,2.841,0.02033,0.02898,9,18,crop_radius_minus_1.5,"atom_shuffle,coordinate_jitter",346,10,9
colab47_crop_subsample_subsample_n10,diffsbdd,mean_qed,2.537,1.166,5.039,0.07142,0.02815,10,20,crop_radius_minus_1.5,"atom_shuffle,coordinate_jitter",347,10,10
colab47_crop_subsample_subsample_n10,diffsbdd,mean_qed,2.054,1.103,3.239,0.07288,0.03548,9,18,crop_radius_minus_1.5,"atom_shuffle,coordinate_jitter",348,10,9
colab47_crop_subsample_subsample_n10,diffsbdd,mean_qed,2.103,0.377,3.124,0.04544,0.02161,9,18,crop_radius_minus_1.5,"atom_shuffle,coordinate_jitter",349,10,9
colab47_crop_subsample_subsample_n10,diffsbdd,mean_qed,1.943,0.963,3.25,0.06086,0.03132,10,20,crop_radius_minus_1.5,"atom_shuffle,coordinate_jitter",350,10,10
colab47_crop_subsample_subsample_n10,diffsbdd,mean_qed,2.523,1.672,3.885,0.07339,0.02909,10,20,crop_radius_minus_1.5,"atom_shuffle,coordinate_jitter",351,10,10
colab47_crop_subsample_subsample_n10,diffsbdd,mean_qed,2.157,0.676,5.392,0.06552,0.03038,9,18,crop_radius_minus_1.5,"atom_shuffle,coordinate_jitter",352,10,9
colab47_crop_subsample_subsample_n10,diffsbdd,mean_qed,2.159,1.302,2.887,0.07286,0.03374,9,18,crop_radius_minus_1.5,"atom_shuffle,coordinate_jitter",353,10,9
colab47_crop_subsample_subsample_n10,diffsbdd,mean_qed,2.262,1.356,3.79,0.07338,0.03244,9,18,crop_radius_minus_1.5,"atom_shuffle,coordinate_jitter",354,10,9
colab47_crop_subsample_subsample_n10,diffsbdd,mean_qed,1.997,0.641,2.908,0.06438,0.03224,9,18,crop_radius_minus_1.5,"atom_shuffle,coordinate_jitter",355,10,9
colab47_crop_subsample_subsample_n10,diffsbdd,mean_qed,3.239,1.683,4.722,0.07287,0.0225,10,20,crop_radius_minus_1.5,"atom_shuffle,coordinate_jitter",356,10,10
colab47_crop_subsample_subsample_n10,diffsbdd,mean_qed,3.165,1.411,5.424,0.07479,0.02363,9,18,crop_radius_minus_1.5,"atom_shuffle,coordinate_jitter",357,10,9
colab47_crop_subsample_subsample_n10,diffsbdd,mean_qed,2.542,1.095,4.723,0.07963,0.03132,8,16,crop_radius_minus_1.5,"atom_shuffle,coordinate_jitter",358,10,8
colab47_crop_subsample_subsample_n10,diffsbdd,mean_qed,2.056,0.712,3.716,0.05958,0.02898,10,20,crop_radius_minus_1.5,"atom_shuffle,coordinate_jitter",359,10,10
colab47_crop_subsample_subsample_n10,diffsbdd,mean_qed,1.932,0.32,2.848,0.0562,0.0291,7,14,crop_radius_minus_1.5,"atom_shuffle,coordinate_jitter",360,10,7
colab47_crop_subsample_subsample_n10,diffsbdd,mean_qed,2.159,0.39,3.087,0.06552,0.03035,9,18,crop_radius_minus_1.5,"atom_shuffle,coordinate_jitter",361,10,9
colab47_crop_subsample_subsample_n10,diffsbdd,mean_qed,1.723,0.204,3.101,0.0417,0.0242,10,20,crop_radius_minus_1.5,"atom_shuffle,coordinate_jitter",362,10,10
colab47_crop_subsample_subsample_n10,diffsbdd,mean_qed,2.072,1.091,3.261,0.05082,0.02453,10,20,crop_radius_minus_1.5,"atom_shuffle,coordinate_jitter",363,10,10
colab47_crop_subsample_subsample_n10,diffsbdd,mean_qed,3.446,1.365,5.423,0.07314,0.02122,10,20,crop_radius_minus_1.5,"atom_shuffle,coordinate_jitter",364,10,10
colab47_crop_subsample_subsample_n10,diffsbdd,mean_qed,1.424,0.744,2.697,0.04128,0.02898,9,18,crop_radius_minus_1.5,"atom_shuffle,coordinate_jitter",365,10,9
colab47_crop_subsample_subsample_n10,diffsbdd,mean_qed,2.469,1.585,6.531,0.07239,0.02932,8,16,crop_radius_minus_1.5,"atom_shuffle,coordinate_jitter",366,10,8
colab47_crop_subsample_subsample_n10,diffsbdd,mean_qed,1.993,0.686,3.727,0.05714,0.02867,10,20,crop_radius_minus_1.5,"atom_shuffle,coordinate_jitter",367,10,10
colab47_crop_subsample_subsample_n10,diffsbdd,mean_qed,1.372,0.569,2.696,0.04422,0.03224,10,20,crop_radius_minus_1.5,"atom_shuffle,coordinate_jitter",368,10,10
colab47_crop_subsample_subsample_n10,diffsbdd,mean_qed,1.41,0.176,2.548,0.04544,0.03224,9,18,crop_radius_minus_1.5,"atom_shuffle,coordinate_jitter",369,10,9
colab47_crop_subsample_subsample_n10,diffsbdd,mean_qed,2.0,1.092,3.377,0.06611,0.03305,10,20,crop_radius_minus_1.5,"atom_shuffle,coordinate_jitter",370,10,10
colab47_crop_subsample_subsample_n10,diffsbdd,mean_qed,1.619,0.896,2.601,0.05043,0.03114,10,20,crop_radius_minus_1.5,"atom_shuffle,coordinate_jitter",371,10,10
colab47_crop_subsample_subsample_n10,diffsbdd,mean_qed,1.376,0.277,2.941,0.04211,0.03062,9,18,crop_radius_minus_1.5,"atom_shuffle,coordinate_jitter",372,10,9
colab47_crop_subsample_subsample_n10,diffsbdd,mean_qed,2.674,0.248,4.518,0.07479,0.02797,9,18,crop_radius_minus_1.5,"atom_shuffle,coordinate_jitter",373,10,9
colab47_crop_subsample_subsample_n10,diffsbdd,mean_qed,2.564,1.427,4.745,0.07215,0.02815,8,16,crop_radius_minus_1.5,"atom_shuffle,coordinate_jitter",374,10,8
colab47_crop_subsample_subsample_n10,diffsbdd,mean_qed,1.599,0.297,3.53,0.04971,0.0311,8,16,crop_radius_minus_1.5,"atom_shuffle,coordinate_jitter",375,10,8
colab47_crop_subsample_subsample_n10,diffsbdd,mean_qed,1.784,1.222,2.873,0.04874,0.02731,10,20,crop_radius_minus_1.5,"atom_shuffle,coordinate_jitter",376,10,10
colab47_crop_subsample_subsample_n10,diffsbdd,mean_qed,3.456,1.848,8.645,0.07241,0.02095,10,20,crop_radius_minus_1.5,"atom_shuffle,coordinate_jitter",377,10,10
colab47_crop_subsample_subsample_n10,diffsbdd,mean_qed,1.602,0.82,3.467,0.0741,0.04625,8,16,crop_radius_minus_1.5,"atom_shuffle,coordinate_jitter",378,10,8
colab47_crop_subsample_subsample_n10,diffsbdd,mean_qed,1.918,0.929,4.942,0.04128,0.02152,9,18,crop_radius_minus_1.5,"atom_shuffle,coordinate_jitter",379,10,9
colab47_crop_subsample_subsample_n10,diffsbdd,mean_qed,1.277,0.747,3.619,0.04747,0.03717,8,16,crop_radius_minus_1.5,"atom_shuffle,coordinate_jitter",380,10,8
colab47_crop_subsample_subsample_n10,diffsbdd,mean_qed,2.052,0.78,3.276,0.0496,0.02417,10,20,crop_radius_minus_1.5,"atom_shuffle,coordinate_jitter",381,10,10
colab47_crop_subsample_subsample_n10,diffsbdd,mean_qed,2.259,0.646,4.184,0.06798,0.03009,8,16,crop_radius_minus_1.5,"atom_shuffle,coordinate_jitter",382,10,8
colab47_crop_subsample_subsample_n10,diffsbdd,mean_qed,2.163,0.747,4.393,0.07701,0.03561,10,20,crop_radius_minus_1.5,"atom_shuffle,coordinate_jitter",383,10,10
colab47_crop_subsample_subsample_n10,diffsbdd,mean_qed,1.788,1.027,4.425,0.05548,0.03104,8,16,crop_radius_minus_1.5,"atom_shuffle,coordinate_jitter",384,10,8
colab47_crop_subsample_subsample_n10,diffsbdd,mean_qed,1.443,0.229,3.742,0.04128,0.02861,9,18,crop_radius_minus_1.5,"atom_shuffle,coordinate_jitter",385,10,9
colab47_crop_subsample_subsample_n10,diffsbdd,mean_qed,2.55,0.19,4.689,0.07132,0.02797,10,20,crop_radius_minus_1.5,"atom_shuffle,coordinate_jitter",386,10,10
colab47_crop_subsample_subsample_n10,diffsbdd,mean_qed,1.805,0.904,2.695,0.05967,0.03306,9,18,crop_radius_minus_1.5,"atom_shuffle,coordinate_jitter",387,10,9
colab47_crop_subsample_subsample_n10,diffsbdd,mean_qed,3.035,0.391,6.465,0.07214,0.02377,10,20,crop_radius_minus_1.5,"atom_shuffle,coordinate_jitter",388,10,10
colab47_crop_subsample_subsample_n10,diffsbdd,mean_qed,2.028,1.011,6.318,0.06438,0.03175,9,18,crop_radius_minus_1.5,"atom_shuffle,coordinate_jitter",389,10,9
colab47_crop_subsample_subsample_n10,diffsbdd,mean_qed,1.709,0.399,2.562,0.05093,0.0298,8,16,crop_radius_minus_1.5,"atom_shuffle,coordinate_jitter",390,10,8
colab47_crop_subsample_subsample_n10,diffsbdd,mean_qed,1.994,0.921,3.301,0.06552,0.03286,9,18,crop_radius_minus_1.5,"atom_shuffle,coordinate_jitter",391,10,9
colab47_crop_subsample_subsample_n10,diffsbdd,mean_qed,1.708,0.371,2.469,0.04971,0.0291,10,20,crop_radius_minus_1.5,"atom_shuffle,coordinate_jitter",392,10,10
colab47_crop_subsample_subsample_n10,diffsbdd,mean_qed,1.101,0.185,2.645,0.03597,0.03267,8,16,crop_radius_minus_1.5,"atom_shuffle,coordinate_jitter",393,10,8
colab47_crop_subsample_subsample_n10,diffsbdd,mean_qed,3.233,1.193,7.871,0.07193,0.02225,9,18,crop_radius_minus_1.5,"atom_shuffle,coordinate_jitter",394,10,9
colab47_crop_subsample_subsample_n10,diffsbdd,mean_qed,2.029,0.3,3.61,0.05641,0.0278,9,18,crop_radius_minus_1.5,"atom_shuffle,coordinate_jitter",395,10,9
colab47_crop_subsample_subsample_n10,diffsbdd,mean_qed,2.107,0.638,3.232,0.0602,0.02857,10,20,crop_radius_minus_1.5,"atom_shuffle,coordinate_jitter",396,10,10
colab47_crop_subsample_subsample_n10,diffsbdd,mean_qed,2.193,1.328,4.719,0.06285,0.02866,10,20,crop_radius_minus_1.5,"atom_shuffle,coordinate_jitter",397,10,10
colab47_crop_subsample_subsample_n10,diffsbdd,mean_qed,2.018,0.268,3.492,0.05786,0.02867,9,18,crop_radius_minus_1.5,"atom_shuffle,coordinate_jitter",398,10,9
colab47_crop_subsample_subsample_n10,diffsbdd,mean_qed,1.579,0.539,2.238,0.05089,0.03224,10,20,crop_radius_minus_1.5,"atom_shuffle,coordinate_jitter",399,10,10
colab47_crop_subsample_subsample_n10,diffsbdd,mean_qed,0.701,0.172,2.679,0.02108,0.03009,8,16,crop_radius_minus_1.5,"atom_shuffle,coordinate_jitter",400,10,8
colab47_crop_subsample_subsample_n10,diffsbdd,mean_qed,1.463,0.722,2.803,0.04926,0.03366,10,20,crop_radius_minus_1.5,"atom_shuffle,coordinate_jitter",401,10,10
colab47_crop_subsample_subsample_n10,diffsbdd,mean_qed,2.564,1.192,3.859,0.07215,0.02815,10,20,crop_radius_minus_1.5,"atom_shuffle,coordinate_jitter",402,10,10
colab47_crop_subsample_subsample_n10,diffsbdd,mean_qed,2.373,0.148,2.927,0.07479,0.03152,9,18,crop_radius_minus_1.5,"atom_shuffle,coordinate_jitter",403,10,9
colab47_crop_subsample_subsample_n10,diffsbdd,mean_qed,2.498,1.587,4.546,0.06937,0.02777,8,16,crop_radius_minus_1.5,"atom_shuffle,coordinate_jitter",404,10,8
colab47_crop_subsample_subsample_n10,diffsbdd,mean_qed,2.284,1.485,2.8,0.06937,0.03037,10,20,crop_radius_minus_1.5,"atom_shuffle,coordinate_jitter",405,10,10
colab47_crop_subsample_subsample_n10,diffsbdd,mean_qed,2.47,1.71,3.707,0.06784,0.02746,9,18,crop_radius_minus_1.5,"atom_shuffle,coordinate_jitter",406,10,9
colab47_crop_subsample_subsample_n10,diffsbdd,mean_qed,1.942,1.002,2.866,0.07338,0.03779,9,18,crop_radius_minus_1.5,"atom_shuffle,coordinate_jitter",407,10,9
colab47_crop_subsample_subsample_n10,diffsbdd,mean_qed,1.902,0.795,5.182,0.05089,0.02676,8,16,crop_radius_minus_1.5,"atom_shuffle,coordinate_jitter",408,10,8
colab47_crop_subsample_subsample_n10,diffsbdd,mean_qed,2.222,0.18,5.45,0.0734,0.03304,9,18,crop_radius_minus_1.5,"atom_shuffle,coordinate_jitter",409,10,9
colab47_crop_subsample_subsample_n10,diffsbdd,mean_qed,2.137,0.567,4.61,0.07193,0.03366,9,18,crop_radius_minus_1.5,"atom_shuffle,coordinate_jitter",410,10,9
colab47_crop_subsample_subsample_n10,diffsbdd,mean_qed,1.239,0.685,2.057,0.043,0.03472,9,18,crop_radius_minus_1.5,"atom_shuffle,coordinate_jitter",411,10,9
colab47_crop_subsample_subsample_n10,diffsbdd,mean_qed,3.281,1.029,5.689,0.07384,0.0225,10,20,crop_radius_minus_1.5,"atom_shuffle,coordinate_jitter",412,10,10
colab47_crop_subsample_subsample_n10,diffsbdd,mean_qed,2.346,1.261,3.14,0.07193,0.03066,9,18,crop_radius_minus_1.5,"atom_shuffle,coordinate_jitter",413,10,9
colab47_crop_subsample_subsample_n10,diffsbdd,mean_qed,1.759,0.458,3.913,0.0495,0.02815,9,18,crop_radius_minus_1.5,"atom_shuffle,coordinate_jitter",414,10,9
colab47_crop_subsample_subsample_n10,diffsbdd,mean_qed,1.376,0.833,2.773,0.04214,0.03062,8,16,crop_radius_minus_1.5,"atom_shuffle,coordinate_jitter",415,10,8
colab47_crop_subsample_subsample_n10,diffsbdd,mean_qed,2.32,1.498,3.484,0.07479,0.03224,9,18,crop_radius_minus_1.5,"atom_shuffle,coordinate_jitter",416,10,9
colab47_crop_subsample_subsample_n10,diffsbdd,mean_qed,1.999,1.024,2.537,0.0626,0.03132,10,20,crop_radius_minus_1.5,"atom_shuffle,coordinate_jitter",417,10,10
colab47_crop_subsample_subsample_n10,diffsbdd,mean_qed,2.312,0.607,4.195,0.07453,0.03224,8,16,crop_radius_minus_1.5,"atom_shuffle,coordinate_jitter",418,10,8
colab47_crop_subsample_subsample_n10,diffsbdd,mean_qed,2.306,1.196,3.622,0.06406,0.02779,8,16,crop_radius_minus_1.5,"atom_shuffle,coordinate_jitter",419,10,8
colab47_crop_subsample_subsample_n10,diffsbdd,mean_qed,2.209,0.914,4.443,0.06438,0.02914,9,18,crop_radius_minus_1.5,"atom_shuffle,coordinate_jitter",420,10,9
colab47_crop_subsample_subsample_n10,diffsbdd,mean_qed,1.058,0.509,1.839,0.03902,0.03687,10,20,crop_radius_minus_1.5,"atom_shuffle,coordinate_jitter",421,10,10
colab47_crop_subsample_subsample_n10,diffsbdd,mean_qed,1.463,0.371,3.356,0.03221,0.02201,8,16,crop_radius_minus_1.5,"atom_shuffle,coordinate_jitter",422,10,8
colab47_crop_subsample_subsample_n10,diffsbdd,mean_qed,1.83,0.718,3.716,0.04422,0.02417,10,20,crop_radius_minus_1.5,"atom_shuffle,coordinate_jitter",423,10,10
colab47_crop_subsample_subsample_n10,diffsbdd,mean_qed,2.036,0.59,3.86,0.0604,0.02967,10,20,crop_radius_minus_1.5,"atom_shuffle,coordinate_jitter",424,10,10
colab47_crop_subsample_subsample_n10,diffsbdd,mean_qed,1.475,0.235,2.511,0.043,0.02915,9,18,crop_radius_minus_1.5,"atom_shuffle,coordinate_jitter",425,10,9
colab47_crop_subsample_subsample_n10,diffsbdd,mean_qed,1.781,0.78,4.554,0.05632,0.03162,10,20,crop_radius_minus_1.5,"atom_shuffle,coordinate_jitter",426,10,10
colab47_crop_subsample_subsample_n10,diffsbdd,mean_qed,2.314,0.272,3.719,0.07193,0.03108,9,18,crop_radius_minus_1.5,"atom_shuffle,coordinate_jitter",427,10,9
colab47_crop_subsample_subsample_n10,diffsbdd,mean_qed,2.263,0.968,5.712,0.05867,0.02593,10,20,crop_radius_minus_1.5,"atom_shuffle,coordinate_jitter",428,10,10
colab47_crop_subsample_subsample_n10,diffsbdd,mean_qed,1.724,0.736,2.907,0.05256,0.03049,10,20,crop_radius_minus_1.5,"atom_shuffle,coordinate_jitter",429,10,10
colab47_crop_subsample_subsample_n10,diffsbdd,mean_qed,2.277,1.63,5.558,0.0734,0.03224,9,18,crop_radius_minus_1.5,"atom_shuffle,coordinate_jitter",430,10,9
colab47_crop_subsample_subsample_n10,diffsbdd,mean_qed,0.844,0.397,1.807,0.04057,0.04809,8,16,crop_radius_minus_1.5,"atom_shuffle,coordinate_jitter",431,10,8
colab47_crop_subsample_subsample_n10,diffsbdd,mean_qed,2.115,0.19,4.139,0.05867,0.02774,10,20,crop_radius_minus_1.5,"atom_shuffle,coordinate_jitter",432,10,10
colab47_crop_subsample_subsample_n10,diffsbdd,mean_qed,1.905,0.773,2.91,0.05786,0.03038,9,18,crop_radius_minus_1.5,"atom_shuffle,coordinate_jitter",433,10,9
colab47_crop_subsample_subsample_n10,diffsbdd,mean_qed,2.537,1.278,5.634,0.07142,0.02815,10,20,crop_radius_minus_1.5,"atom_shuffle,coordinate_jitter",434,10,10
colab47_crop_subsample_subsample_n10,diffsbdd,mean_qed,1.003,0.56,2.226,0.04364,0.0435,10,20,crop_radius_minus_1.5,"atom_shuffle,coordinate_jitter",435,10,10
colab47_crop_subsample_subsample_n10,diffsbdd,mean_qed,1.878,0.269,3.346,0.05306,0.02826,8,16,crop_radius_minus_1.5,"atom_shuffle,coordinate_jitter",436,10,8
colab47_crop_subsample_subsample_n10,diffsbdd,mean_qed,1.161,0.687,3.593,0.05967,0.0514,7,14,crop_radius_minus_1.5,"atom_shuffle,coordinate_jitter",437,10,7
colab47_crop_subsample_subsample_n10,diffsbdd,mean_qed,2.51,1.304,4.349,0.07338,0.02924,9,18,crop_radius_minus_1.5,"atom_shuffle,coordinate_jitter",438,10,9
colab47_crop_subsample_subsample_n10,diffsbdd,mean_qed,2.063,0.477,4.116,0.06203,0.03007,10,20,crop_radius_minus_1.5,"atom_shuffle,coordinate_jitter",439,10,10
colab47_crop_subsample_subsample_n10,diffsbdd,mean_qed,1.675,0.781,3.165,0.04747,0.02835,8,16,crop_radius_minus_1.5,"atom_shuffle,coordinate_jitter",440,10,8
colab47_crop_subsample_subsample_n10,diffsbdd,mean_qed,1.883,0.192,3.25,0.0562,0.02985,9,18,crop_radius_minus_1.5,"atom_shuffle,coordinate_jitter",441,10,9
colab47_crop_subsample_subsample_n10,diffsbdd,mean_qed,2.01,1.198,4.138,0.05786,0.02878,9,18,crop_radius_minus_1.5,"atom_shuffle,coordinate_jitter",442,10,9
colab47_crop_subsample_subsample_n10,diffsbdd,mean_qed,2.264,1.24,4.985,0.06989,0.03086,8,16,crop_radius_minus_1.5,"atom_shuffle,coordinate_jitter",443,10,8
colab47_crop_subsample_subsample_n10,diffsbdd,mean_qed,1.376,0.695,3.815,0.04422,0.03214,10,20,crop_radius_minus_1.5,"atom_shuffle,coordinate_jitter",444,10,10
colab47_crop_subsample_subsample_n10,diffsbdd,mean_qed,2.025,1.01,3.822,0.06464,0.03192,6,12,crop_radius_minus_1.5,"atom_shuffle,coordinate_jitter",445,10,6
colab47_crop_subsample_subsample_n10,diffsbdd,mean_qed,2.424,0.928,4.951,0.0741,0.03057,10,20,crop_radius_minus_1.5,"atom_shuffle,coordinate_jitter",446,10,10
colab47_crop_subsample_subsample_n10,diffsbdd,mean_qed,1.947,0.722,4.069,0.05641,0.02898,9,18,crop_radius_minus_1.5,"atom_shuffle,coordinate_jitter",447,10,9
colab47_crop_subsample_subsample_n10,diffsbdd,mean_qed,1.918,0.837,2.438,0.05714,0.02978,10,20,crop_radius_minus_1.5,"atom_shuffle,coordinate_jitter",448,10,10
colab47_crop_subsample_subsample_n10,diffsbdd,mean_qed,1.92,0.505,3.353,0.0562,0.02926,9,18,crop_radius_minus_1.5,"atom_shuffle,coordinate_jitter",449,10,9
colab47_crop_subsample_subsample_n10,diffsbdd,mean_qed,1.732,0.578,3.38,0.05426,0.03132,10,20,crop_radius_minus_1.5,"atom_shuffle,coordinate_jitter",450,10,10
colab47_crop_subsample_subsample_n10,diffsbdd,mean_qed,1.801,0.148,2.452,0.05641,0.03132,9,18,crop_radius_minus_1.5,"atom_shuffle,coordinate_jitter",451,10,9
colab47_crop_subsample_subsample_n10,diffsbdd,mean_qed,2.377,1.531,2.939,0.07286,0.03066,9,18,crop_radius_minus_1.5,"atom_shuffle,coordinate_jitter",452,10,9
colab47_crop_subsample_subsample_n10,diffsbdd,mean_qed,2.545,1.502,3.431,0.07286,0.02863,9,18,crop_radius_minus_1.5,"atom_shuffle,coordinate_jitter",453,10,9
colab47_crop_subsample_subsample_n10,diffsbdd,mean_qed,2.032,0.34,3.821,0.04825,0.02374,9,18,crop_radius_minus_1.5,"atom_shuffle,coordinate_jitter",454,10,9
colab47_crop_subsample_subsample_n10,diffsbdd,mean_qed,3.264,1.969,6.219,0.07713,0.02363,9,18,crop_radius_minus_1.5,"atom_shuffle,coordinate_jitter",455,10,9
colab47_crop_subsample_subsample_n10,diffsbdd,mean_qed,1.389,0.721,3.091,0.04128,0.02972,9,18,crop_radius_minus_1.5,"atom_shuffle,coordinate_jitter",456,10,9
colab47_crop_subsample_subsample_n10,diffsbdd,mean_qed,1.447,0.832,2.202,0.04518,0.03123,10,20,crop_radius_minus_1.5,"atom_shuffle,coordinate_jitter",457,10,10
colab47_crop_subsample_subsample_n10,diffsbdd,mean_qed,2.075,0.368,3.738,0.04874,0.02349,10,20,crop_radius_minus_1.5,"atom_shuffle,coordinate_jitter",458,10,10
colab47_crop_subsample_subsample_n10,diffsbdd,mean_qed,1.665,0.641,2.976,0.04825,0.02898,9,18,crop_radius_minus_1.5,"atom_shuffle,coordinate_jitter",459,10,9
colab47_crop_subsample_subsample_n10,diffsbdd,mean_qed,1.605,0.773,2.92,0.04214,0.02626,10,20,crop_radius_minus_1.5,"atom_shuffle,coordinate_jitter",460,10,10
colab47_crop_subsample_subsample_n10,diffsbdd,mean_qed,1.407,0.202,3.231,0.0396,0.02815,10,20,crop_radius_minus_1.5,"atom_shuffle,coordinate_jitter",461,10,10
colab47_crop_subsample_subsample_n10,diffsbdd,mean_qed,2.871,1.413,4.05,0.07313,0.02548,10,20,crop_radius_minus_1.5,"atom_shuffle,coordinate_jitter",462,10,10
colab47_crop_subsample_subsample_n10,diffsbdd,mean_qed,1.565,0.701,4.835,0.0495,0.03162,9,18,crop_radius_minus_1.5,"atom_shuffle,coordinate_jitter",463,10,9
colab47_crop_subsample_subsample_n10,diffsbdd,mean_qed,2.088,1.043,3.562,0.05703,0.02731,10,20,crop_radius_minus_1.5,"atom_shuffle,coordinate_jitter",464,10,10
colab47_crop_subsample_subsample_n10,diffsbdd,mean_qed,1.513,0.597,3.259,0.04426,0.02926,10,20,crop_radius_minus_1.5,"atom_shuffle,coordinate_jitter",465,10,10
colab47_crop_subsample_subsample_n10,diffsbdd,mean_qed,2.591,0.7,5.751,0.0741,0.0286,10,20,crop_radius_minus_1.5,"atom_shuffle,coordinate_jitter",466,10,10
colab47_crop_subsample_subsample_n10,diffsbdd,mean_qed,2.192,1.093,4.031,0.06152,0.02807,10,20,crop_radius_minus_1.5,"atom_shuffle,coordinate_jitter",467,10,10
colab47_crop_subsample_subsample_n10,diffsbdd,mean_qed,0.5,0.143,1.808,0.02481,0.04964,8,16,crop_radius_minus_1.5,"atom_shuffle,coordinate_jitter",468,10,8
colab47_crop_subsample_subsample_n10,diffsbdd,mean_qed,2.082,1.512,2.628,0.0626,0.03007,10,20,crop_radius_minus_1.5,"atom_shuffle,coordinate_jitter",469,10,10
colab47_crop_subsample_subsample_n10,diffsbdd,mean_qed,3.075,0.694,7.137,0.07266,0.02363,8,16,crop_radius_minus_1.5,"atom_shuffle,coordinate_jitter",470,10,8
colab47_crop_subsample_subsample_n10,diffsbdd,mean_qed,1.652,0.322,2.688,0.05632,0.0341,10,20,crop_radius_minus_1.5,"atom_shuffle,coordinate_jitter",471,10,10
colab47_crop_subsample_subsample_n10,diffsbdd,mean_qed,0.954,0.181,2.487,0.03376,0.03539,9,18,crop_radius_minus_1.5,"atom_shuffle,coordinate_jitter",472,10,9
colab47_crop_subsample_subsample_n10,diffsbdd,mean_qed,1.826,0.949,2.773,0.06057,0.03318,10,20,crop_radius_minus_1.5,"atom_shuffle,coordinate_jitter",473,10,10
colab47_crop_subsample_subsample_n10,diffsbdd,mean_qed,1.545,0.791,2.427,0.04825,0.03123,9,18,crop_radius_minus_1.5,"atom_shuffle,coordinate_jitter",474,10,9
colab47_crop_subsample_subsample_n10,diffsbdd,mean_qed,1.764,0.603,4.298,0.05233,0.02967,8,16,crop_radius_minus_1.5,"atom_shuffle,coordinate_jitter",475,10,8
colab47_crop_subsample_subsample_n10,diffsbdd,mean_qed,1.871,0.986,6.482,0.0741,0.0396,10,20,crop_radius_minus_1.5,"atom_shuffle,coordinate_jitter",476,10,10
colab47_crop_subsample_subsample_n10,diffsbdd,mean_qed,3.758,1.82,6.679,0.08691,0.02313,10,20,crop_radius_minus_1.5,"atom_shuffle,coordinate_jitter",477,10,10
colab47_crop_subsample_subsample_n10,diffsbdd,mean_qed,1.719,0.569,2.65,0.05256,0.03057,10,20,crop_radius_minus_1.5,"atom_shuffle,coordinate_jitter",478,10,10
colab47_crop_subsample_subsample_n10,diffsbdd,mean_qed,2.547,0.713,4.762,0.05786,0.02272,9,18,crop_radius_minus_1.5,"atom_shuffle,coordinate_jitter",479,10,9
colab47_crop_subsample_subsample_n10,diffsbdd,mean_qed,1.922,0.256,2.283,0.06552,0.0341,9,18,crop_radius_minus_1.5,"atom_shuffle,coordinate_jitter",480,10,9
colab47_crop_subsample_subsample_n10,diffsbdd,mean_qed,1.901,0.346,2.928,0.06552,0.03447,9,18,crop_radius_minus_1.5,"atom_shuffle,coordinate_jitter",481,10,9
colab47_crop_subsample_subsample_n10,diffsbdd,mean_qed,2.022,1.197,3.117,0.06464,0.03197,8,16,crop_radius_minus_1.5,"atom_shuffle,coordinate_jitter",482,10,8
colab47_crop_subsample_subsample_n10,diffsbdd,mean_qed,1.43,0.955,2.691,0.04825,0.03374,7,14,crop_radius_minus_1.5,"atom_shuffle,coordinate_jitter",483,10,7
colab47_crop_subsample_subsample_n10,diffsbdd,mean_qed,2.431,0.16,3.729,0.07313,0.03009,10,20,crop_radius_minus_1.5,"atom_shuffle,coordinate_jitter",484,10,10
colab47_crop_subsample_subsample_n10,diffsbdd,mean_qed,2.779,1.261,8.547,0.06668,0.024,10,20,crop_radius_minus_1.5,"atom_shuffle,coordinate_jitter",485,10,10
colab47_crop_subsample_subsample_n10,diffsbdd,mean_qed,2.193,1.143,2.973,0.07142,0.03256,10,20,crop_radius_minus_1.5,"atom_shuffle,coordinate_jitter",486,10,10
colab47_crop_subsample_subsample_n10,diffsbdd,mean_qed,1.363,0.656,2.229,0.04256,0.03123,10,20,crop_radius_minus_1.5,"atom_shuffle,coordinate_jitter",487,10,10
colab47_crop_subsample_subsample_n10,diffsbdd,mean_qed,1.984,0.961,2.852,0.06202,0.03126,10,20,crop_radius_minus_1.5,"atom_shuffle,coordinate_jitter",488,10,10
colab47_crop_subsample_subsample_n10,diffsbdd,mean_qed,3.298,1.705,7.133,0.075,0.02274,8,16,crop_radius_minus_1.5,"atom_shuffle,coordinate_jitter",489,10,8
colab47_crop_subsample_subsample_n10,diffsbdd,mean_qed,1.463,0.872,2.526,0.04825,0.03298,9,18,crop_radius_minus_1.5,"atom_shuffle,coordinate_jitter",490,10,9
colab47_crop_subsample_subsample_n10,diffsbdd,mean_qed,1.382,0.67,3.096,0.04101,0.02967,8,16,crop_radius_minus_1.5,"atom_shuffle,coordinate_jitter",491,10,8
colab47_crop_subsample_subsample_n10,diffsbdd,mean_qed,2.151,0.707,4.274,0.05498,0.02555,10,20,crop_radius_minus_1.5,"atom_shuffle,coordinate_jitter",492,10,10
colab47_crop_subsample_subsample_n10,diffsbdd,mean_qed,1.379,0.717,3.133,0.04214,0.03055,10,20,crop_radius_minus_1.5,"atom_shuffle,coordinate_jitter",493,10,10
colab47_crop_subsample_subsample_n10,diffsbdd,mean_qed,1.639,0.978,2.799,0.04971,0.03033,10,20,crop_radius_minus_1.5,"atom_shuffle,coordinate_jitter",494,10,10
colab47_crop_subsample_subsample_n10,diffsbdd,mean_qed,1.613,0.87,2.533,0.05223,0.03237,10,20,crop_radius_minus_1.5,"atom_shuffle,coordinate_jitter",495,10,10
colab47_crop_subsample_subsample_n10,diffsbdd,mean_qed,2.536,1.438,3.892,0.07188,0.02835,10,20,crop_radius_minus_1.5,"atom_shuffle,coordinate_jitter",496,10,10
colab47_crop_subsample_subsample_n10,diffsbdd,mean_qed,2.895,1.381,5.353,0.05967,0.02062,9,18,crop_radius_minus_1.5,"atom_shuffle,coordinate_jitter",497,10,9
colab47_crop_subsample_subsample_n10,diffsbdd,mean_qed,2.233,1.449,2.964,0.07286,0.03263,9,18,crop_radius_minus_1.5,"atom_shuffle,coordinate_jitter",498,10,9
colab47_crop_subsample_subsample_n10,diffsbdd,mean_qed,1.969,1.137,4.607,0.07713,0.03918,9,18,crop_radius_minus_1.5,"atom_shuffle,coordinate_jitter",499,10,9
colab47_crop_subsample_subsample_n10,diffsbdd,mean_qed,1.587,0.717,2.805,0.05256,0.03312,8,16,crop_radius_minus_1.5,"atom_shuffle,coordinate_jitter",500,10,8
colab47_crop_subsample_subsample_n10,diffsbdd,mean_qed,1.803,0.375,4.22,0.05043,0.02797,10,20,crop_radius_minus_1.5,"atom_shuffle,coordinate_jitter",501,10,10
colab47_crop_subsample_subsample_n10,diffsbdd,mean_qed,2.991,1.68,4.669,0.0734,0.02454,9,18,crop_radius_minus_1.5,"atom_shuffle,coordinate_jitter",502,10,9
colab47_crop_subsample_subsample_n10,diffsbdd,mean_qed,2.084,0.46,3.479,0.05641,0.02708,9,18,crop_radius_minus_1.5,"atom_shuffle,coordinate_jitter",503,10,9
colab47_crop_subsample_subsample_n10,diffsbdd,mean_qed,1.964,0.309,4.473,0.06097,0.03103,10,20,crop_radius_minus_1.5,"atom_shuffle,coordinate_jitter",504,10,10
colab47_crop_subsample_subsample_n10,diffsbdd,mean_qed,2.105,0.649,4.272,0.06784,0.03224,9,18,crop_radius_minus_1.5,"atom_shuffle,coordinate_jitter",505,10,9
colab47_crop_subsample_subsample_n10,diffsbdd,mean_qed,1.601,0.155,3.095,0.04544,0.02839,9,18,crop_radius_minus_1.5,"atom_shuffle,coordinate_jitter",506,10,9
colab47_crop_subsample_subsample_n10,diffsbdd,mean_qed,1.769,0.6,3.276,0.05702,0.03224,8,16,crop_radius_minus_1.5,"atom_shuffle,coordinate_jitter",507,10,8
colab47_crop_subsample_subsample_n10,diffsbdd,mean_qed,1.411,0.403,2.77,0.04211,0.02985,9,18,crop_radius_minus_1.5,"atom_shuffle,coordinate_jitter",508,10,9
colab47_crop_subsample_subsample_n10,diffsbdd,mean_qed,0.469,0.217,2.104,0.01458,0.0311,10,20,crop_radius_minus_1.5,"atom_shuffle,coordinate_jitter",509,10,10
colab47_crop_subsample_subsample_n10,diffsbdd,mean_qed,1.582,0.336,2.434,0.04926,0.03114,10,20,crop_radius_minus_1.5,"atom_shuffle,coordinate_jitter",510,10,10
colab47_crop_subsample_subsample_n10,diffsbdd,mean_qed,1.415,0.438,4.124,0.03838,0.02712,8,16,crop_radius_minus_1.5,"atom_shuffle,coordinate_jitter",511,10,8
colab47_crop_subsample_subsample_n10,diffsbdd,mean_qed,2.825,0.465,4.979,0.06438,0.02279,9,18,crop_radius_minus_1.5,"atom_shuffle,coordinate_jitter",512,10,9
colab47_crop_subsample_subsample_n10,diffsbdd,mean_qed,1.551,0.665,2.355,0.04747,0.03061,10,20,crop_radius_minus_1.5,"atom_shuffle,coordinate_jitter",513,10,10
colab47_crop_subsample_subsample_n10,diffsbdd,mean_qed,1.588,0.34,3.683,0.03838,0.02417,10,20,crop_radius_minus_1.5,"atom_shuffle,coordinate_jitter",514,10,10
colab47_crop_subsample_subsample_n10,diffsbdd,mean_qed,2.093,0.757,3.499,0.06495,0.03104,10,20,crop_radius_minus_1.5,"atom_shuffle,coordinate_jitter",515,10,10
colab47_crop_subsample_subsample_n10,diffsbdd,mean_qed,1.406,0.554,3.442,0.04825,0.03433,9,18,crop_radius_minus_1.5,"atom_shuffle,coordinate_jitter",516,10,9
colab47_crop_subsample_subsample_n10,diffsbdd,mean_qed,1.521,0.818,2.969,0.05223,0.03433,8,16,crop_radius_minus_1.5,"atom_shuffle,coordinate_jitter",517,10,8
colab47_crop_subsample_subsample_n10,diffsbdd,mean_qed,1.988,0.789,3.432,0.05285,0.02659,8,16,crop_radius_minus_1.5,"atom_shuffle,coordinate_jitter",518,10,8
colab47_crop_subsample_subsample_n10,diffsbdd,mean_qed,2.519,1.546,4.38,0.0709,0.02815,9,18,crop_radius_minus_1.5,"atom_shuffle,coordinate_jitter",519,10,9
colab47_crop_subsample_subsample_n10,diffsbdd,mean_qed,1.818,1.287,4.388,0.05641,0.03104,9,18,crop_radius_minus_1.5,"atom_shuffle,coordinate_jitter",520,10,9
colab47_crop_subsample_subsample_n10,diffsbdd,mean_qed,2.385,1.051,5.287,0.05786,0.02426,9,18,crop_radius_minus_1.5,"atom_shuffle,coordinate_jitter",521,10,9
colab47_crop_subsample_subsample_n10,diffsbdd,mean_qed,1.4,0.307,2.983,0.04057,0.02898,8,16,crop_radius_minus_1.5,"atom_shuffle,coordinate_jitter",522,10,8
colab47_crop_subsample_subsample_n10,diffsbdd,mean_qed,1.949,1.231,4.514,0.05804,0.02978,8,16,crop_radius_minus_1.5,"atom_shuffle,coordinate_jitter",523,10,8
colab47_crop_subsample_subsample_n10,diffsbdd,mean_qed,1.903,0.648,2.642,0.05786,0.03041,9,18,crop_radius_minus_1.5,"atom_shuffle,coordinate_jitter",524,10,9
colab47_crop_subsample_subsample_n10,diffsbdd,mean_qed,2.667,1.653,4.357,0.07339,0.02752,10,20,crop_radius_minus_1.5,"atom_shuffle,coordinate_jitter",525,10,10
colab47_crop_subsample_subsample_n10,diffsbdd,mean_qed,2.018,1.059,3.099,0.06285,0.03115,10,20,crop_radius_minus_1.5,"atom_shuffle,coordinate_jitter",526,10,10
colab47_crop_subsample_subsample_n10,diffsbdd,mean_qed,1.427,0.597,2.073,0.04685,0.03282,10,20,crop_radius_minus_1.5,"atom_shuffle,coordinate_jitter",527,10,10
colab47_crop_subsample_subsample_n10,diffsbdd,mean_qed,2.039,1.138,2.743,0.07188,0.03525,8,16,crop_radius_minus_1.5,"atom_shuffle,coordinate_jitter",528,10,8
colab47_crop_subsample_subsample_n10,diffsbdd,mean_qed,0.806,0.24,2.053,0.02217,0.02752,10,20,crop_radius_minus_1.5,"atom_shuffle,coordinate_jitter",529,10,10
colab47_crop_subsample_subsample_n10,diffsbdd,mean_qed,1.85,0.934,3.084,0.0562,0.03037,9,18,crop_radius_minus_1.5,"atom_shuffle,coordinate_jitter",530,10,9
colab47_crop_subsample_subsample_n10,diffsbdd,mean_qed,1.491,0.709,2.085,0.04999,0.03352,10,20,crop_radius_minus_1.5,"atom_shuffle,coordinate_jitter",531,10,10
colab47_crop_subsample_subsample_n10,diffsbdd,mean_qed,1.902,0.672,2.954,0.05967,0.03138,9,18,crop_radius_minus_1.5,"atom_shuffle,coordinate_jitter",532,10,9
colab47_crop_subsample_subsample_n10,diffsbdd,mean_qed,1.039,0.288,2.234,0.02992,0.0288,8,16,crop_radius_minus_1.5,"atom_shuffle,coordinate_jitter",533,10,8
colab47_crop_subsample_subsample_n10,diffsbdd,mean_qed,2.262,0.178,4.139,0.07338,0.03244,9,18,crop_radius_minus_1.5,"atom_shuffle,coordinate_jitter",534,10,9
colab47_crop_subsample_subsample_n10,diffsbdd,mean_qed,1.373,0.696,2.941,0.05786,0.04213,7,14,crop_radius_minus_1.5,"atom_shuffle,coordinate_jitter",535,10,7
colab47_crop_subsample_subsample_n10,diffsbdd,mean_qed,1.541,0.876,2.893,0.06355,0.04125,10,20,crop_radius_minus_1.5,"atom_shuffle,coordinate_jitter",536,10,10
colab47_crop_subsample_subsample_n10,diffsbdd,mean_qed,2.413,1.088,3.6,0.05703,0.02363,10,20,crop_radius_minus_1.5,"atom_shuffle,coordinate_jitter",537,10,10
colab47_crop_subsample_subsample_n10,diffsbdd,mean_qed,1.362,0.192,3.185,0.06552,0.04809,9,18,crop_radius_minus_1.5,"atom_shuffle,coordinate_jitter",538,10,9
colab47_crop_subsample_subsample_n10,diffsbdd,mean_qed,2.227,0.841,4.664,0.05867,0.02635,8,16,crop_radius_minus_1.5,"atom_shuffle,coordinate_jitter",539,10,8
colab47_crop_subsample_subsample_n10,diffsbdd,mean_qed,1.761,0.773,3.453,0.06879,0.03907,8,16,crop_radius_minus_1.5,"atom_shuffle,coordinate_jitter",540,10,8
colab47_crop_subsample_subsample_n10,diffsbdd,mean_qed,2.392,0.416,3.331,0.0562,0.02349,9,18,crop_radius_minus_1.5,"atom_shuffle,coordinate_jitter",541,10,9
colab47_crop_subsample_subsample_n10,diffsbdd,mean_qed,1.553,0.978,3.309,0.05296,0.0341,10,20,crop_radius_minus_1.5,"atom_shuffle,coordinate_jitter",542,10,10
colab47_crop_subsample_subsample_n10,diffsbdd,mean_qed,1.717,0.769,3.53,0.04211,0.02453,9,18,crop_radius_minus_1.5,"atom_shuffle,coordinate_jitter",543,10,9
colab47_crop_subsample_subsample_n10,diffsbdd,mean_qed,2.229,0.314,6.085,0.06784,0.03044,9,18,crop_radius_minus_1.5,"atom_shuffle,coordinate_jitter",544,10,9
colab47_crop_subsample_subsample_n10,diffsbdd,mean_qed,1.539,0.67,3.374,0.0496,0.03224,8,16,crop_radius_minus_1.5,"atom_shuffle,coordinate_jitter",545,10,8
colab47_crop_subsample_subsample_n10,diffsbdd,mean_qed,2.682,0.505,4.332,0.0562,0.02095,9,18,crop_radius_minus_1.5,"atom_shuffle,coordinate_jitter",546,10,9
colab47_crop_subsample_subsample_n10,diffsbdd,mean_qed,1.964,1.068,3.97,0.06097,0.03103,10,20,crop_radius_minus_1.5,"atom_shuffle,coordinate_jitter",547,10,10
colab47_crop_subsample_subsample_n10,diffsbdd,mean_qed,1.852,0.956,5.459,0.04544,0.02453,9,18,crop_radius_minus_1.5,"atom_shuffle,coordinate_jitter",548,10,9
colab47_crop_subsample_subsample_n10,diffsbdd,mean_qed,2.646,1.33,6.798,0.05786,0.02187,7,14,crop_radius_minus_1.5,"atom_shuffle,coordinate_jitter",549,10,7
colab47_crop_subsample_subsample_n10,diffsbdd,mean_qed,2.447,1.279,3.078,0.07288,0.02978,9,18,crop_radius_minus_1.5,"atom_shuffle,coordinate_jitter",550,10,9
colab47_crop_subsample_subsample_n10,diffsbdd,mean_qed,1.211,0.316,1.437,0.04101,0.03387,8,16,crop_radius_minus_1.5,"atom_shuffle,coordinate_jitter",551,10,8
colab47_crop_subsample_subsample_n10,diffsbdd,mean_qed,2.553,0.727,4.553,0.0709,0.02777,9,18,crop_radius_minus_1.5,"atom_shuffle,coordinate_jitter",552,10,9
colab47_crop_subsample_subsample_n10,diffsbdd,mean_qed,2.363,1.063,4.07,0.06888,0.02915,10,20,crop_radius_minus_1.5,"atom_shuffle,coordinate_jitter",553,10,10
colab47_crop_subsample_subsample_n10,diffsbdd,mean_qed,2.313,0.885,6.61,0.06438,0.02783,9,18,crop_radius_minus_1.5,"atom_shuffle,coordinate_jitter",554,10,9
colab47_crop_subsample_subsample_n10,diffsbdd,mean_qed,2.519,0.444,4.186,0.0709,0.02815,9,18,crop_radius_minus_1.5,"atom_shuffle,coordinate_jitter",555,10,9
colab47_crop_subsample_subsample_n10,diffsbdd,mean_qed,1.574,0.483,2.485,0.05804,0.03687,8,16,crop_radius_minus_1.5,"atom_shuffle,coordinate_jitter",556,10,8
colab47_crop_subsample_subsample_n10,diffsbdd,mean_qed,2.135,1.108,3.795,0.06112,0.02863,10,20,crop_radius_minus_1.5,"atom_shuffle,coordinate_jitter",557,10,10
colab47_crop_subsample_subsample_n10,diffsbdd,mean_qed,2.7,0.286,4.383,0.07713,0.02857,9,18,crop_radius_minus_1.5,"atom_shuffle,coordinate_jitter",558,10,9
colab47_crop_subsample_subsample_n10,diffsbdd,mean_qed,1.887,0.527,3.299,0.043,0.02279,9,18,crop_radius_minus_1.5,"atom_shuffle,coordinate_jitter",559,10,9
colab47_crop_subsample_subsample_n10,diffsbdd,mean_qed,2.276,0.204,3.43,0.06784,0.0298,9,18,crop_radius_minus_1.5,"atom_shuffle,coordinate_jitter",560,10,9
colab47_crop_subsample_subsample_n10,diffsbdd,mean_qed,2.634,0.605,3.951,0.07193,0.02731,9,18,crop_radius_minus_1.5,"atom_shuffle,coordinate_jitter",561,10,9
colab47_crop_subsample_subsample_n10,diffsbdd,mean_qed,2.535,0.572,5.56,0.06784,0.02676,9,18,crop_radius_minus_1.5,"atom_shuffle,coordinate_jitter",562,10,9
colab47_crop_subsample_subsample_n10,diffsbdd,mean_qed,1.64,0.672,2.645,0.05426,0.03309,10,20,crop_radius_minus_1.5,"atom_shuffle,coordinate_jitter",563,10,10
colab47_crop_subsample_subsample_n10,diffsbdd,mean_qed,1.163,0.65,4.456,0.03376,0.02901,9,18,crop_radius_minus_1.5,"atom_shuffle,coordinate_jitter",564,10,9
colab47_crop_subsample_subsample_n10,diffsbdd,mean_qed,1.048,0.212,2.374,0.03903,0.03724,9,18,crop_radius_minus_1.5,"atom_shuffle,coordinate_jitter",565,10,9
colab47_crop_subsample_subsample_n10,diffsbdd,mean_qed,1.363,0.237,2.872,0.03341,0.02451,8,16,crop_radius_minus_1.5,"atom_shuffle,coordinate_jitter",566,10,8
colab47_crop_subsample_subsample_n10,diffsbdd,mean_qed,1.25,0.279,1.98,0.03903,0.03123,7,14,crop_radius_minus_1.5,"atom_shuffle,coordinate_jitter",567,10,7
colab47_crop_subsample_subsample_n10,diffsbdd,mean_qed,2.519,1.618,7.556,0.0709,0.02815,9,18,crop_radius_minus_1.5,"atom_shuffle,coordinate_jitter",568,10,9
colab47_crop_subsample_subsample_n10,diffsbdd,mean_qed,2.208,0.972,4.556,0.05641,0.02555,9,18,crop_radius_minus_1.5,"atom_shuffle,coordinate_jitter",569,10,9
colab47_crop_subsample_subsample_n10,diffsbdd,mean_qed,0.945,0.684,2.286,0.04544,0.04809,9,18,crop_radius_minus_1.5,"atom_shuffle,coordinate_jitter",570,10,9
colab47_crop_subsample_subsample_n10,diffsbdd,mean_qed,1.911,1.228,2.803,0.05804,0.03037,10,20,crop_radius_minus_1.5,"atom_shuffle,coordinate_jitter",571,10,10
colab47_crop_subsample_subsample_n10,diffsbdd,mean_qed,0.953,0.141,1.744,0.04211,0.0442,7,14,crop_radius_minus_1.5,"atom_shuffle,coordinate_jitter",572,10,7
colab47_crop_subsample_subsample_n10,diffsbdd,mean_qed,2.501,1.019,3.198,0.0709,0.02835,9,18,crop_radius_minus_1.5,"atom_shuffle,coordinate_jitter",573,10,9
colab47_crop_subsample_subsample_n10,diffsbdd,mean_qed,2.17,0.193,3.391,0.0562,0.0259,9,18,crop_radius_minus_1.5,"atom_shuffle,coordinate_jitter",574,10,9
colab47_crop_subsample_subsample_n10,diffsbdd,mean_qed,3.278,0.798,6.778,0.06072,0.01852,8,16,crop_radius_minus_1.5,"atom_shuffle,coordinate_jitter",575,10,8
colab47_crop_subsample_subsample_n10,diffsbdd,mean_qed,2.214,0.401,3.552,0.0562,0.02538,9,18,crop_radius_minus_1.5,"atom_shuffle,coordinate_jitter",576,10,9
colab47_crop_subsample_subsample_n10,diffsbdd,mean_qed,2.588,1.936,4.791,0.07338,0.02835,9,18,crop_radius_minus_1.5,"atom_shuffle,coordinate_jitter",577,10,9
colab47_crop_subsample_subsample_n10,diffsbdd,mean_qed,2.189,1.005,3.764,0.06376,0.02913,8,16,crop_radius_minus_1.5,"atom_shuffle,coordinate_jitter",578,10,8
colab47_crop_subsample_subsample_n10,diffsbdd,mean_qed,1.229,0.381,2.789,0.05794,0.04713,10,20,crop_radius_minus_1.5,"atom_shuffle,coordinate_jitter",579,10,10
colab47_crop_subsample_subsample_n10,diffsbdd,mean_qed,1.823,0.997,3.092,0.05877,0.03224,10,20,crop_radius_minus_1.5,"atom_shuffle,coordinate_jitter",580,10,10
colab47_crop_subsample_subsample_n10,diffsbdd,mean_qed,2.212,0.695,3.818,0.06653,0.03007,10,20,crop_radius_minus_1.5,"atom_shuffle,coordinate_jitter",581,10,10
colab47_crop_subsample_subsample_n10,diffsbdd,mean_qed,2.822,1.174,5.058,0.06562,0.02325,8,16,crop_radius_minus_1.5,"atom_shuffle,coordinate_jitter",582,10,8
colab47_crop_subsample_subsample_n10,diffsbdd,mean_qed,2.032,1.276,3.194,0.06112,0.03009,10,20,crop_radius_minus_1.5,"atom_shuffle,coordinate_jitter",583,10,10
colab47_crop_subsample_subsample_n10,diffsbdd,mean_qed,1.926,0.979,2.961,0.05703,0.02961,10,20,crop_radius_minus_1.5,"atom_shuffle,coordinate_jitter",584,10,10
colab47_crop_subsample_subsample_n10,diffsbdd,mean_qed,1.855,1.158,2.754,0.06627,0.03572,10,20,crop_radius_minus_1.5,"atom_shuffle,coordinate_jitter",585,10,10
colab47_crop_subsample_subsample_n10,diffsbdd,mean_qed,2.385,1.096,4.283,0.06285,0.02635,10,20,crop_radius_minus_1.5,"atom_shuffle,coordinate_jitter",586,10,10
colab47_crop_subsample_subsample_n10,diffsbdd,mean_qed,3.122,1.055,7.258,0.07193,0.02304,9,18,crop_radius_minus_1.5,"atom_shuffle,coordinate_jitter",587,10,9
colab47_crop_subsample_subsample_n10,diffsbdd,mean_qed,2.092,1.433,3.101,0.06552,0.03132,9,18,crop_radius_minus_1.5,"atom_shuffle,coordinate_jitter",588,10,9
colab47_crop_subsample_subsample_n10,diffsbdd,mean_qed,2.519,1.447,7.528,0.0709,0.02815,9,18,crop_radius_minus_1.5,"atom_shuffle,coordinate_jitter",589,10,9
colab47_crop_subsample_subsample_n10,diffsbdd,mean_qed,1.85,0.62,3.566,0.0562,0.03038,9,18,crop_radius_minus_1.5,"atom_shuffle,coordinate_jitter",590,10,9
colab47_crop_subsample_subsample_n10,diffsbdd,mean_qed,2.262,0.993,4.336,0.05786,0.02558,9,18,crop_radius_minus_1.5,"atom_shuffle,coordinate_jitter",591,10,9
colab47_crop_subsample_subsample_n10,diffsbdd,mean_qed,1.515,0.216,3.579,0.04321,0.02851,8,16,crop_radius_minus_1.5,"atom_shuffle,coordinate_jitter",592,10,8
colab47_crop_subsample_subsample_n10,diffsbdd,mean_qed,2.101,1.081,4.603,0.05786,0.02755,9,18,crop_radius_minus_1.5,"atom_shuffle,coordinate_jitter",593,10,9
colab47_crop_subsample_subsample_n10,diffsbdd,mean_qed,1.601,0.701,4.708,0.04544,0.02838,9,18,crop_radius_minus_1.5,"atom_shuffle,coordinate_jitter",594,10,9
colab47_crop_subsample_subsample_n10,diffsbdd,mean_qed,2.246,1.157,2.683,0.06821,0.03037,10,20,crop_radius_minus_1.5,"atom_shuffle,coordinate_jitter",595,10,10
colab47_crop_subsample_subsample_n10,diffsbdd,mean_qed,1.737,1.058,2.448,0.05804,0.03341,10,20,crop_radius_minus_1.5,"atom_shuffle,coordinate_jitter",596,10,10
colab47_crop_subsample_subsample_n10,diffsbdd,mean_qed,3.097,1.291,4.756,0.0724,0.02338,10,20,crop_radius_minus_1.5,"atom_shuffle,coordinate_jitter",597,10,10
colab47_crop_subsample_subsample_n10,diffsbdd,mean_qed,1.937,0.72,5.366,0.0495,0.02555,9,18,crop_radius_minus_1.5,"atom_shuffle,coordinate_jitter",598,10,9
colab47_crop_subsample_subsample_n10,diffsbdd,mean_qed,2.723,1.442,4.327,0.06821,0.02505,10,20,crop_radius_minus_1.5,"atom_shuffle,coordinate_jitter",599,10,10
colab47_crop_subsample_subsample_n10,diffsbdd,mean_qed,2.722,1.362,5.622,0.07575,0.02783,10,20,crop_radius_minus_1.5,"atom_shuffle,coordinate_jitter",600,10,10
colab47_crop_subsample_subsample_n10,diffsbdd,mean_qed,2.474,0.816,5.151,0.07574,0.03061,8,16,crop_radius_minus_1.5,"atom_shuffle,coordinate_jitter",601,10,8
colab47_crop_subsample_subsample_n10,diffsbdd,mean_qed,2.346,1.547,4.126,0.06628,0.02826,8,16,crop_radius_minus_1.5,"atom_shuffle,coordinate_jitter",602,10,8
colab47_crop_subsample_subsample_n10,diffsbdd,mean_qed,1.404,0.185,3.213,0.04016,0.02861,10,20,crop_radius_minus_1.5,"atom_shuffle,coordinate_jitter",603,10,10
colab47_crop_subsample_subsample_n10,diffsbdd,mean_qed,0.685,0.347,2.368,0.02033,0.02967,7,14,crop_radius_minus_1.5,"atom_shuffle,coordinate_jitter",604,10,7
colab47_crop_subsample_subsample_n10,diffsbdd,mean_qed,1.914,0.396,3.187,0.05548,0.02898,8,16,crop_radius_minus_1.5,"atom_shuffle,coordinate_jitter",605,10,8
colab47_crop_subsample_subsample_n10,diffsbdd,mean_qed,1.326,0.29,2.859,0.03794,0.0286,10,20,crop_radius_minus_1.5,"atom_shuffle,coordinate_jitter",606,10,10
colab47_crop_subsample_subsample_n10,diffsbdd,mean_qed,2.474,0.763,4.755,0.05285,0.02136,8,16,crop_radius_minus_1.5,"atom_shuffle,coordinate_jitter",607,10,8
colab47_crop_subsample_subsample_n10,diffsbdd,mean_qed,2.047,0.179,2.773,0.07286,0.0356,9,18,crop_radius_minus_1.5,"atom_shuffle,coordinate_jitter",608,10,9
colab47_crop_subsample_subsample_n10,diffsbdd,mean_qed,1.558,0.386,4.237,0.04128,0.02649,9,18,crop_radius_minus_1.5,"atom_shuffle,coordinate_jitter",609,10,9
colab47_crop_subsample_subsample_n10,diffsbdd,mean_qed,2.182,0.362,3.74,0.043,0.01971,9,18,crop_radius_minus_1.5,"atom_shuffle,coordinate_jitter",610,10,9
colab47_crop_subsample_subsample_n10,diffsbdd,mean_qed,1.49,0.948,3.612,0.04211,0.02826,9,18,crop_radius_minus_1.5,"atom_shuffle,coordinate_jitter",611,10,9
colab47_crop_subsample_subsample_n10,diffsbdd,mean_qed,2.621,1.5,4.181,0.06945,0.02649,10,20,crop_radius_minus_1.5,"atom_shuffle,coordinate_jitter",612,10,10
colab47_crop_subsample_subsample_n10,diffsbdd,mean_qed,0.495,0.151,2.338,0.01436,0.02901,8,16,crop_radius_minus_1.5,"atom_shuffle,coordinate_jitter",613,10,8
colab47_crop_subsample_subsample_n10,diffsbdd,mean_qed,0.902,0.318,2.331,0.01857,0.02059,7,14,crop_radius_minus_1.5,"atom_shuffle,coordinate_jitter",614,10,7
colab47_crop_subsample_subsample_n10,diffsbdd,mean_qed,2.729,0.861,7.071,0.05967,0.02187,9,18,crop_radius_minus_1.5,"atom_shuffle,coordinate_jitter",615,10,9
colab47_crop_subsample_subsample_n10,diffsbdd,mean_qed,1.616,0.806,2.584,0.0626,0.03874,8,16,crop_radius_minus_1.5,"atom_shuffle,coordinate_jitter",616,10,8
colab47_crop_subsample_subsample_n10,diffsbdd,mean_qed,2.294,0.732,5.498,0.05284,0.02304,10,20,crop_radius_minus_1.5,"atom_shuffle,coordinate_jitter",617,10,10
colab47_crop_subsample_subsample_n10,diffsbdd,mean_qed,1.645,0.456,2.481,0.05325,0.03237,10,20,crop_radius_minus_1.5,"atom_shuffle,coordinate_jitter",618,10,10
colab47_crop_subsample_subsample_n10,diffsbdd,mean_qed,2.072,1.381,4.888,0.04747,0.02291,10,20,crop_radius_minus_1.5,"atom_shuffle,coordinate_jitter",619,10,10
colab47_crop_subsample_subsample_n10,diffsbdd,mean_qed,4.019,1.406,9.254,0.05694,0.01417,8,16,crop_radius_minus_1.5,"atom_shuffle,coordinate_jitter",620,10,8
colab47_crop_subsample_subsample_n10,diffsbdd,mean_qed,2.033,0.601,2.425,0.06552,0.03224,9,18,crop_radius_minus_1.5,"atom_shuffle,coordinate_jitter",621,10,9
colab47_crop_subsample_subsample_n10,diffsbdd,mean_qed,1.611,0.314,3.392,0.04825,0.02996,9,18,crop_radius_minus_1.5,"atom_shuffle,coordinate_jitter",622,10,9
colab47_crop_subsample_subsample_n10,diffsbdd,mean_qed,2.43,1.203,4.247,0.0562,0.02313,9,18,crop_radius_minus_1.5,"atom_shuffle,coordinate_jitter",623,10,9
colab47_crop_subsample_subsample_n10,diffsbdd,mean_qed,2.347,0.742,4.27,0.06633,0.02826,10,20,crop_radius_minus_1.5,"atom_shuffle,coordinate_jitter",624,10,10
colab47_crop_subsample_subsample_n10,diffsbdd,mean_qed,1.777,0.996,3.491,0.04747,0.02672,10,20,crop_radius_minus_1.5,"atom_shuffle,coordinate_jitter",625,10,10
colab47_crop_subsample_subsample_n10,diffsbdd,mean_qed,2.166,0.27,4.209,0.043,0.01985,9,18,crop_radius_minus_1.5,"atom_shuffle,coordinate_jitter",626,10,9
colab47_crop_subsample_subsample_n10,diffsbdd,mean_qed,1.186,0.255,2.482,0.03291,0.02774,9,18,crop_radius_minus_1.5,"atom_shuffle,coordinate_jitter",627,10,9
colab47_crop_subsample_subsample_n10,diffsbdd,mean_qed,2.323,1.298,3.499,0.07338,0.03159,9,18,crop_radius_minus_1.5,"atom_shuffle,coordinate_jitter",628,10,9
colab47_crop_subsample_subsample_n10,diffsbdd,mean_qed,2.171,0.477,3.502,0.0562,0.02588,9,18,crop_radius_minus_1.5,"atom_shuffle,coordinate_jitter",629,10,9
colab47_crop_subsample_subsample_n10,diffsbdd,mean_qed,1.372,0.964,2.238,0.04016,0.02926,8,16,crop_radius_minus_1.5,"atom_shuffle,coordinate_jitter",630,10,8
colab47_crop_subsample_subsample_n10,diffsbdd,mean_qed,1.657,0.811,2.584,0.04825,0.02913,9,18,crop_radius_minus_1.5,"atom_shuffle,coordinate_jitter",631,10,9
colab47_crop_subsample_subsample_n10,diffsbdd,mean_qed,2.053,0.977,4.308,0.06784,0.03305,9,18,crop_radius_minus_1.5,"atom_shuffle,coordinate_jitter",632,10,9
colab47_crop_subsample_subsample_n10,diffsbdd,mean_qed,1.787,0.929,2.972,0.06438,0.03602,9,18,crop_radius_minus_1.5,"atom_shuffle,coordinate_jitter",633,10,9
colab47_crop_subsample_subsample_n10,diffsbdd,mean_qed,1.527,1.088,3.935,0.04016,0.02629,10,20,crop_radius_minus_1.5,"atom_shuffle,coordinate_jitter",634,10,10
colab47_crop_subsample_subsample_n10,diffsbdd,mean_qed,1.839,0.103,3.191,0.07193,0.03912,7,14,crop_radius_minus_1.5,"atom_shuffle,coordinate_jitter",635,10,7
colab47_crop_subsample_subsample_n10,diffsbdd,mean_qed,1.668,0.365,3.639,0.04971,0.0298,10,20,crop_radius_minus_1.5,"atom_shuffle,coordinate_jitter",636,10,10
colab47_crop_subsample_subsample_n10,diffsbdd,mean_qed,1.739,0.362,4.457,0.04128,0.02374,7,14,crop_radius_minus_1.5,"atom_shuffle,coordinate_jitter",637,10,7
colab47_crop_subsample_subsample_n10,diffsbdd,mean_qed,2.692,1.17,4.59,0.07336,0.02726,8,16,crop_radius_minus_1.5,"atom_shuffle,coordinate_jitter",638,10,8
colab47_crop_subsample_subsample_n10,diffsbdd,mean_qed,1.358,0.72,3.796,0.0562,0.04139,9,18,crop_radius_minus_1.5,"atom_shuffle,coordinate_jitter",639,10,9
colab47_crop_subsample_subsample_n10,diffsbdd,mean_qed,1.509,1.051,2.932,0.04427,0.02933,10,20,crop_radius_minus_1.5,"atom_shuffle,coordinate_jitter",640,10,10
colab47_crop_subsample_subsample_n10,diffsbdd,mean_qed,1.794,0.986,3.415,0.04888,0.02724,10,20,crop_radius_minus_1.5,"atom_shuffle,coordinate_jitter",641,10,10
colab47_crop_subsample_subsample_n10,diffsbdd,mean_qed,3.642,1.051,7.111,0.04128,0.01133,7,14,crop_radius_minus_1.5,"atom_shuffle,coordinate_jitter",642,10,7
colab47_crop_subsample_subsample_n10,diffsbdd,mean_qed,2.838,1.003,5.095,0.07479,0.02635,9,18,crop_radius_minus_1.5,"atom_shuffle,coordinate_jitter",643,10,9
colab47_crop_subsample_subsample_n10,diffsbdd,mean_qed,1.373,0.627,2.879,0.0396,0.02885,10,20,crop_radius_minus_1.5,"atom_shuffle,coordinate_jitter",644,10,10
colab47_crop_subsample_subsample_n10,diffsbdd,mean_qed,1.484,0.868,2.783,0.06144,0.04139,8,16,crop_radius_minus_1.5,"atom_shuffle,coordinate_jitter",645,10,8
colab47_crop_subsample_subsample_n10,diffsbdd,mean_qed,2.099,0.345,3.503,0.0562,0.02678,9,18,crop_radius_minus_1.5,"atom_shuffle,coordinate_jitter",646,10,9
colab47_crop_subsample_subsample_n10,diffsbdd,mean_qed,1.813,0.543,3.071,0.05306,0.02926,10,20,crop_radius_minus_1.5,"atom_shuffle,coordinate_jitter",647,10,10
colab47_crop_subsample_subsample_n10,diffsbdd,mean_qed,1.553,0.756,3.959,0.05256,0.03385,10,20,crop_radius_minus_1.5,"atom_shuffle,coordinate_jitter",648,10,10
colab47_crop_subsample_subsample_n10,diffsbdd,mean_qed,1.993,1.1,2.695,0.05804,0.02913,10,20,crop_radius_minus_1.5,"atom_shuffle,coordinate_jitter",649,10,10
colab47_crop_subsample_subsample_n10,diffsbdd,mean_qed,2.32,0.991,3.078,0.07312,0.03152,10,20,crop_radius_minus_1.5,"atom_shuffle,coordinate_jitter",650,10,10
colab47_crop_subsample_subsample_n10,diffsbdd,mean_qed,2.008,0.349,3.708,0.06821,0.03397,8,16,crop_radius_minus_1.5,"atom_shuffle,coordinate_jitter",651,10,8
colab47_crop_subsample_subsample_n10,diffsbdd,mean_qed,1.51,0.76,3.704,0.04544,0.03009,9,18,crop_radius_minus_1.5,"atom_shuffle,coordinate_jitter",652,10,9
colab47_crop_subsample_subsample_n10,diffsbdd,mean_qed,2.3,0.632,4.017,0.07809,0.03395,9,18,crop_radius_minus_1.5,"atom_shuffle,coordinate_jitter",653,10,9
colab47_crop_subsample_subsample_n10,diffsbdd,mean_qed,1.692,0.322,2.509,0.05089,0.03009,10,20,crop_radius_minus_1.5,"atom_shuffle,coordinate_jitter",654,10,10
colab47_crop_subsample_subsample_n10,diffsbdd,mean_qed,2.009,0.99,3.801,0.05786,0.0288,7,14,crop_radius_minus_1.5,"atom_shuffle,coordinate_jitter",655,10,7
colab47_crop_subsample_subsample_n10,diffsbdd,mean_qed,1.535,0.776,2.312,0.06668,0.04343,8,16,crop_radius_minus_1.5,"atom_shuffle,coordinate_jitter",656,10,8
colab47_crop_subsample_subsample_n10,diffsbdd,mean_qed,2.523,1.428,5.04,0.05285,0.02095,8,16,crop_radius_minus_1.5,"atom_shuffle,coordinate_jitter",657,10,8
colab47_crop_subsample_subsample_n10,diffsbdd,mean_qed,1.773,1.229,2.709,0.05285,0.0298,10,20,crop_radius_minus_1.5,"atom_shuffle,coordinate_jitter",658,10,10
colab47_crop_subsample_subsample_n10,diffsbdd,mean_qed,1.5,0.553,2.286,0.04772,0.0318,10,20,crop_radius_minus_1.5,"atom_shuffle,coordinate_jitter",659,10,10
colab47_crop_subsample_subsample_n10,diffsbdd,mean_qed,1.281,0.695,2.605,0.04128,0.03224,9,18,crop_radius_minus_1.5,"atom_shuffle,coordinate_jitter",660,10,9
colab47_crop_subsample_subsample_n10,diffsbdd,mean_qed,2.128,1.065,3.139,0.06169,0.02898,10,20,crop_radius_minus_1.5,"atom_shuffle,coordinate_jitter",661,10,10
colab47_crop_subsample_subsample_n10,diffsbdd,mean_qed,2.308,1.197,4.505,0.06945,0.03009,10,20,crop_radius_minus_1.5,"atom_shuffle,coordinate_jitter",662,10,10
colab47_crop_subsample_subsample_n10,diffsbdd,mean_qed,2.971,1.404,6.003,0.05296,0.01782,10,20,crop_radius_minus_1.5,"atom_shuffle,coordinate_jitter",663,10,10
colab47_crop_subsample_subsample_n10,diffsbdd,mean_qed,2.082,1.219,3.818,0.06203,0.02978,10,20,crop_radius_minus_1.5,"atom_shuffle,coordinate_jitter",664,10,10
colab47_crop_subsample_subsample_n10,diffsbdd,mean_qed,3.037,1.322,8.139,0.0734,0.02417,7,14,crop_radius_minus_1.5,"atom_shuffle,coordinate_jitter",665,10,7
colab47_crop_subsample_subsample_n10,diffsbdd,mean_qed,2.064,0.675,3.903,0.05786,0.02803,9,18,crop_radius_minus_1.5,"atom_shuffle,coordinate_jitter",666,10,9
colab47_crop_subsample_subsample_n10,diffsbdd,mean_qed,0.977,0.27,2.653,0.04544,0.04651,9,18,crop_radius_minus_1.5,"atom_shuffle,coordinate_jitter",667,10,9
colab47_crop_subsample_subsample_n10,diffsbdd,mean_qed,1.692,0.561,4.633,0.0495,0.02926,9,18,crop_radius_minus_1.5,"atom_shuffle,coordinate_jitter",668,10,9
colab47_crop_subsample_subsample_n10,diffsbdd,mean_qed,2.602,1.599,4.386,0.06872,0.02641,8,16,crop_radius_minus_1.5,"atom_shuffle,coordinate_jitter",669,10,8
colab47_crop_subsample_subsample_n10,diffsbdd,mean_qed,1.716,0.942,2.458,0.05632,0.03282,10,20,crop_radius_minus_1.5,"atom_shuffle,coordinate_jitter",670,10,10
colab47_crop_subsample_subsample_n10,diffsbdd,mean_qed,2.854,0.978,4.349,0.07313,0.02563,8,16,crop_radius_minus_1.5,"atom_shuffle,coordinate_jitter",671,10,8
colab47_crop_subsample_subsample_n10,diffsbdd,mean_qed,2.431,1.352,5.246,0.0495,0.02036,9,18,crop_radius_minus_1.5,"atom_shuffle,coordinate_jitter",672,10,9
colab47_crop_subsample_subsample_n10,diffsbdd,mean_qed,0.763,0.183,1.756,0.02315,0.03033,9,18,crop_radius_minus_1.5,"atom_shuffle,coordinate_jitter",673,10,9
colab47_crop_subsample_subsample_n10,diffsbdd,mean_qed,2.146,0.701,4.007,0.0604,0.02815,10,20,crop_radius_minus_1.5,"atom_shuffle,coordinate_jitter",674,10,10
colab47_crop_subsample_subsample_n10,diffsbdd,mean_qed,1.938,1.098,2.801,0.05877,0.03033,10,20,crop_radius_minus_1.5,"atom_shuffle,coordinate_jitter",675,10,10
colab47_crop_subsample_subsample_n10,diffsbdd,mean_qed,1.194,0.577,2.29,0.04926,0.04125,10,20,crop_radius_minus_1.5,"atom_shuffle,coordinate_jitter",676,10,10
colab47_crop_subsample_subsample_n10,diffsbdd,mean_qed,1.74,0.942,3.058,0.06495,0.03732,10,20,crop_radius_minus_1.5,"atom_shuffle,coordinate_jitter",677,10,10
colab47_crop_subsample_subsample_n10,diffsbdd,mean_qed,1.68,0.746,2.783,0.05689,0.03387,8,16,crop_radius_minus_1.5,"atom_shuffle,coordinate_jitter",678,10,8
colab47_crop_subsample_subsample_n10,diffsbdd,mean_qed,1.491,0.217,3.502,0.04477,0.03003,8,16,crop_radius_minus_1.5,"atom_shuffle,coordinate_jitter",679,10,8
colab47_crop_subsample_subsample_n10,diffsbdd,mean_qed,2.269,0.61,3.801,0.07313,0.03224,10,20,crop_radius_minus_1.5,"atom_shuffle,coordinate_jitter",680,10,10
colab47_crop_subsample_subsample_n10,diffsbdd,mean_qed,2.213,1.171,7.633,0.07142,0.03227,10,20,crop_radius_minus_1.5,"atom_shuffle,coordinate_jitter",681,10,10
colab47_crop_subsample_subsample_n10,diffsbdd,mean_qed,0.867,0.125,1.801,0.03902,0.04503,7,14,crop_radius_minus_1.5,"atom_shuffle,coordinate_jitter",682,10,7
colab47_crop_subsample_subsample_n10,diffsbdd,mean_qed,1.659,0.637,3.445,0.05296,0.03192,10,20,crop_radius_minus_1.5,"atom_shuffle,coordinate_jitter",683,10,10
colab47_crop_subsample_subsample_n10,diffsbdd,mean_qed,1.908,1.176,2.834,0.05786,0.03033,9,18,crop_radius_minus_1.5,"atom_shuffle,coordinate_jitter",684,10,9
colab47_crop_subsample_subsample_n10,diffsbdd,mean_qed,1.509,0.834,3.164,0.04825,0.03197,9,18,crop_radius_minus_1.5,"atom_shuffle,coordinate_jitter",685,10,9
colab47_crop_subsample_subsample_n10,diffsbdd,mean_qed,1.684,0.978,3.129,0.05786,0.03437,9,18,crop_radius_minus_1.5,"atom_shuffle,coordinate_jitter",686,10,9
colab47_crop_subsample_subsample_n10,diffsbdd,mean_qed,2.018,0.903,3.568,0.07277,0.03606,10,20,crop_radius_minus_1.5,"atom_shuffle,coordinate_jitter",687,10,10
colab47_crop_subsample_subsample_n10,diffsbdd,mean_qed,0.782,0.264,2.524,0.01857,0.02374,9,18,crop_radius_minus_1.5,"atom_shuffle,coordinate_jitter",688,10,9
colab47_crop_subsample_subsample_n10,diffsbdd,mean_qed,2.136,1.158,4.462,0.05867,0.02747,8,16,crop_radius_minus_1.5,"atom_shuffle,coordinate_jitter",689,10,8
colab47_crop_subsample_subsample_n10,diffsbdd,mean_qed,2.385,0.609,5.92,0.05786,0.02426,9,18,crop_radius_minus_1.5,"atom_shuffle,coordinate_jitter",690,10,9
colab47_crop_subsample_subsample_n10,diffsbdd,mean_qed,1.731,0.77,4.971,0.04625,0.02672,10,20,crop_radius_minus_1.5,"atom_shuffle,coordinate_jitter",691,10,10
colab47_crop_subsample_subsample_n10,diffsbdd,mean_qed,1.861,0.633,3.944,0.05786,0.0311,9,18,crop_radius_minus_1.5,"atom_shuffle,coordinate_jitter",692,10,9
colab47_crop_subsample_subsample_n10,diffsbdd,mean_qed,1.221,0.265,2.884,0.03639,0.0298,10,20,crop_radius_minus_1.5,"atom_shuffle,coordinate_jitter",693,10,10
colab47_crop_subsample_subsample_n10,diffsbdd,mean_qed,2.589,1.347,4.416,0.07288,0.02815,9,18,crop_radius_minus_1.5,"atom_shuffle,coordinate_jitter",694,10,9
colab47_crop_subsample_subsample_n10,diffsbdd,mean_qed,0.799,0.276,1.625,0.04885,0.06114,8,16,crop_radius_minus_1.5,"atom_shuffle,coordinate_jitter",695,10,8
colab47_crop_subsample_subsample_n10,diffsbdd,mean_qed,1.803,0.972,3.08,0.06438,0.03572,9,18,crop_radius_minus_1.5,"atom_shuffle,coordinate_jitter",696,10,9
colab47_crop_subsample_subsample_n10,diffsbdd,mean_qed,0.772,0.137,1.854,0.03333,0.04318,10,20,crop_radius_minus_1.5,"atom_shuffle,coordinate_jitter",697,10,10
colab47_crop_subsample_subsample_n10,diffsbdd,mean_qed,2.018,1.214,2.986,0.05703,0.02826,8,16,crop_radius_minus_1.5,"atom_shuffle,coordinate_jitter",698,10,8
colab47_crop_subsample_subsample_n10,diffsbdd,mean_qed,1.79,0.278,2.965,0.0562,0.03139,9,18,crop_radius_minus_1.5,"atom_shuffle,coordinate_jitter",699,10,9
colab47_crop_subsample_subsample_n10,diffsbdd,mean_qed,1.991,0.948,2.589,0.0604,0.03033,10,20,crop_radius_minus_1.5,"atom_shuffle,coordinate_jitter",700,10,10
colab47_crop_subsample_subsample_n10,diffsbdd,mean_qed,2.561,0.537,5.826,0.06784,0.02649,9,18,crop_radius_minus_1.5,"atom_shuffle,coordinate_jitter",701,10,9
colab47_crop_subsample_subsample_n10,diffsbdd,mean_qed,2.277,1.229,3.57,0.07133,0.03132,8,16,crop_radius_minus_1.5,"atom_shuffle,coordinate_jitter",702,10,8
colab47_crop_subsample_subsample_n10,diffsbdd,mean_qed,2.996,1.874,5.836,0.05786,0.01932,9,18,crop_radius_minus_1.5,"atom_shuffle,coordinate_jitter",703,10,9
colab47_crop_subsample_subsample_n10,diffsbdd,mean_qed,1.893,0.912,3.876,0.05641,0.0298,9,18,crop_radius_minus_1.5,"atom_shuffle,coordinate_jitter",704,10,9
colab47_crop_subsample_subsample_n10,diffsbdd,mean_qed,2.054,0.283,3.324,0.04128,0.0201,9,18,crop_radius_minus_1.5,"atom_shuffle,coordinate_jitter",705,10,9
colab47_crop_subsample_subsample_n10,diffsbdd,mean_qed,1.702,0.575,3.368,0.05171,0.03038,10,20,crop_radius_minus_1.5,"atom_shuffle,coordinate_jitter",706,10,10
colab47_crop_subsample_subsample_n10,diffsbdd,mean_qed,2.961,0.576,7.719,0.0495,0.01672,9,18,crop_radius_minus_1.5,"atom_shuffle,coordinate_jitter",707,10,9
colab47_crop_subsample_subsample_n10,diffsbdd,mean_qed,1.045,0.234,3.77,0.03903,0.03734,7,14,crop_radius_minus_1.5,"atom_shuffle,coordinate_jitter",708,10,7
colab47_crop_subsample_subsample_n10,diffsbdd,mean_qed,2.204,1.47,5.716,0.07963,0.03613,8,16,crop_radius_minus_1.5,"atom_shuffle,coordinate_jitter",709,10,8
colab47_crop_subsample_subsample_n10,diffsbdd,mean_qed,2.682,1.457,5.634,0.0562,0.02095,9,18,crop_radius_minus_1.5,"atom_shuffle,coordinate_jitter",710,10,9
colab47_crop_subsample_subsample_n10,diffsbdd,mean_qed,1.045,0.298,3.717,0.02617,0.02505,10,20,crop_radius_minus_1.5,"atom_shuffle,coordinate_jitter",711,10,10
colab47_crop_subsample_subsample_n10,diffsbdd,mean_qed,1.219,0.391,2.255,0.04058,0.03329,10,20,crop_radius_minus_1.5,"atom_shuffle,coordinate_jitter",712,10,10
colab47_crop_subsample_subsample_n10,diffsbdd,mean_qed,1.854,0.805,2.821,0.06919,0.03732,10,20,crop_radius_minus_1.5,"atom_shuffle,coordinate_jitter",713,10,10
colab47_crop_subsample_subsample_n10,diffsbdd,mean_qed,2.079,0.192,3.42,0.05786,0.02783,9,18,crop_radius_minus_1.5,"atom_shuffle,coordinate_jitter",714,10,9
colab47_crop_subsample_subsample_n10,diffsbdd,mean_qed,2.854,1.338,4.996,0.07142,0.02502,10,20,crop_radius_minus_1.5,"atom_shuffle,coordinate_jitter",715,10,10
colab47_crop_subsample_subsample_n10,diffsbdd,mean_qed,1.814,0.728,3.54,0.05641,0.0311,9,18,crop_radius_minus_1.5,"atom_shuffle,coordinate_jitter",716,10,9
colab47_crop_subsample_subsample_n10,diffsbdd,mean_qed,2.466,1.305,5.515,0.07336,0.02975,8,16,crop_radius_minus_1.5,"atom_shuffle,coordinate_jitter",717,10,8
colab47_crop_subsample_subsample_n10,diffsbdd,mean_qed,3.559,0.45,5.847,0.07644,0.02148,8,16,crop_radius_minus_1.5,"atom_shuffle,coordinate_jitter",718,10,8
colab47_crop_subsample_subsample_n10,diffsbdd,mean_qed,2.129,1.055,2.743,0.07036,0.03305,10,20,crop_radius_minus_1.5,"atom_shuffle,coordinate_jitter",719,10,10
colab47_crop_subsample_subsample_n10,diffsbdd,mean_qed,2.093,0.747,3.672,0.06495,0.03104,10,20,crop_radius_minus_1.5,"atom_shuffle,coordinate_jitter",720,10,10
colab47_crop_subsample_subsample_n10,diffsbdd,mean_qed,2.456,0.844,6.622,0.07288,0.02967,9,18,crop_radius_minus_1.5,"atom_shuffle,coordinate_jitter",721,10,9
colab47_crop_subsample_subsample_n10,diffsbdd,mean_qed,2.446,1.584,4.563,0.07288,0.0298,9,18,crop_radius_minus_1.5,"atom_shuffle,coordinate_jitter",722,10,9
colab47_crop_subsample_subsample_n10,diffsbdd,mean_qed,2.588,0.35,7.496,0.07713,0.0298,9,18,crop_radius_minus_1.5,"atom_shuffle,coordinate_jitter",723,10,9
colab47_crop_subsample_subsample_n10,diffsbdd,mean_qed,1.984,1.194,3.236,0.05804,0.02926,8,16,crop_radius_minus_1.5,"atom_shuffle,coordinate_jitter",724,10,8
colab47_crop_subsample_subsample_n10,diffsbdd,mean_qed,2.258,0.917,5.383,0.06438,0.02851,9,18,crop_radius_minus_1.5,"atom_shuffle,coordinate_jitter",725,10,9
colab47_crop_subsample_subsample_n10,diffsbdd,mean_qed,2.41,1.146,4.724,0.06784,0.02815,9,18,crop_radius_minus_1.5,"atom_shuffle,coordinate_jitter",726,10,9
colab47_crop_subsample_subsample_n10,diffsbdd,mean_qed,2.748,1.231,6.778,0.05664,0.02062,10,20,crop_radius_minus_1.5,"atom_shuffle,coordinate_jitter",727,10,10
colab47_crop_subsample_subsample_n10,diffsbdd,mean_qed,2.455,1.489,3.585,0.07288,0.02968,9,18,crop_radius_minus_1.5,"atom_shuffle,coordinate_jitter",728,10,9
colab47_crop_subsample_subsample_n10,diffsbdd,mean_qed,1.591,0.833,2.651,0.03902,0.02453,7,14,crop_radius_minus_1.5,"atom_shuffle,coordinate_jitter",729,10,7
colab47_crop_subsample_subsample_n10,diffsbdd,mean_qed,2.522,1.213,6.588,0.07339,0.0291,8,16,crop_radius_minus_1.5,"atom_shuffle,coordinate_jitter",730,10,8
colab47_crop_subsample_subsample_n10,diffsbdd,mean_qed,1.598,0.277,3.261,0.04498,0.02815,10,20,crop_radius_minus_1.5,"atom_shuffle,coordinate_jitter",731,10,10
colab47_crop_subsample_subsample_n10,diffsbdd,mean_qed,2.093,1.017,2.411,0.06919,0.03306,8,16,crop_radius_minus_1.5,"atom_shuffle,coordinate_jitter",732,10,8
colab47_crop_subsample_subsample_n10,diffsbdd,mean_qed,0.911,0.291,2.318,0.02616,0.02873,10,20,crop_radius_minus_1.5,"atom_shuffle,coordinate_jitter",733,10,10
colab47_crop_subsample_subsample_n10,diffsbdd,mean_qed,1.66,0.205,3.696,0.043,0.0259,9,18,crop_radius_minus_1.5,"atom_shuffle,coordinate_jitter",734,10,9
colab47_crop_subsample_subsample_n10,diffsbdd,mean_qed,2.038,1.279,2.997,0.0604,0.02964,10,20,crop_radius_minus_1.5,"atom_shuffle,coordinate_jitter",735,10,10
colab47_crop_subsample_subsample_n10,diffsbdd,mean_qed,1.971,1.138,2.697,0.05714,0.02898,8,16,crop_radius_minus_1.5,"atom_shuffle,coordinate_jitter",736,10,8
colab47_crop_subsample_subsample_n10,diffsbdd,mean_qed,2.071,0.364,3.691,0.06438,0.03108,9,18,crop_radius_minus_1.5,"atom_shuffle,coordinate_jitter",737,10,9
colab47_crop_subsample_subsample_n10,diffsbdd,mean_qed,1.809,0.736,3.221,0.05369,0.02968,10,20,crop_radius_minus_1.5,"atom_shuffle,coordinate_jitter",738,10,10
colab47_crop_subsample_subsample_n10,diffsbdd,mean_qed,1.208,0.731,2.123,0.04563,0.03779,10,20,crop_radius_minus_1.5,"atom_shuffle,coordinate_jitter",739,10,10
colab47_crop_subsample_subsample_n10,diffsbdd,mean_qed,2.02,1.244,8.235,0.07193,0.03561,9,18,crop_radius_minus_1.5,"atom_shuffle,coordinate_jitter",740,10,9
colab47_crop_subsample_subsample_n10,diffsbdd,mean_qed,3.18,1.394,8.792,0.07338,0.02307,9,18,crop_radius_minus_1.5,"atom_shuffle,coordinate_jitter",741,10,9
colab47_crop_subsample_subsample_n10,diffsbdd,mean_qed,1.601,0.841,3.264,0.04685,0.02926,8,16,crop_radius_minus_1.5,"atom_shuffle,coordinate_jitter",742,10,8
colab47_crop_subsample_subsample_n10,diffsbdd,mean_qed,1.09,0.465,2.516,0.05786,0.05308,9,18,crop_radius_minus_1.5,"atom_shuffle,coordinate_jitter",743,10,9
colab47_crop_subsample_subsample_n10,diffsbdd,mean_qed,1.764,0.372,3.41,0.05256,0.02979,10,20,crop_radius_minus_1.5,"atom_shuffle,coordinate_jitter",744,10,10
colab47_crop_subsample_subsample_n10,diffsbdd,mean_qed,1.275,0.853,2.328,0.04214,0.03305,10,20,crop_radius_minus_1.5,"atom_shuffle,coordinate_jitter",745,10,10
colab47_crop_subsample_subsample_n10,diffsbdd,mean_qed,2.369,1.319,3.889,0.06784,0.02863,9,18,crop_radius_minus_1.5,"atom_shuffle,coordinate_jitter",746,10,9
colab47_crop_subsample_subsample_n10,diffsbdd,mean_qed,1.763,0.612,4.185,0.05641,0.032,9,18,crop_radius_minus_1.5,"atom_shuffle,coordinate_jitter",747,10,9
colab47_crop_subsample_subsample_n10,diffsbdd,mean_qed,1.31,0.614,2.249,0.03903,0.02979,9,18,crop_radius_minus_1.5,"atom_shuffle,coordinate_jitter",748,10,9
colab47_crop_subsample_subsample_n10,diffsbdd,mean_qed,2.982,2.264,6.054,0.07384,0.02476,8,16,crop_radius_minus_1.5,"atom_shuffle,coordinate_jitter",749,10,8
colab47_crop_subsample_subsample_n10,diffsbdd,mean_qed,2.395,0.685,4.868,0.07479,0.03123,9,18,crop_radius_minus_1.5,"atom_shuffle,coordinate_jitter",750,10,9
colab47_crop_subsample_subsample_n10,diffsbdd,mean_qed,1.498,0.811,2.76,0.0495,0.03305,9,18,crop_radius_minus_1.5,"atom_shuffle,coordinate_jitter",751,10,9
colab47_crop_subsample_subsample_n10,diffsbdd,mean_qed,1.81,0.628,3.248,0.05542,0.03062,10,20,crop_radius_minus_1.5,"atom_shuffle,coordinate_jitter",752,10,10
colab47_crop_subsample_subsample_n10,diffsbdd,mean_qed,1.767,1.061,3.275,0.0562,0.0318,9,18,crop_radius_minus_1.5,"atom_shuffle,coordinate_jitter",753,10,9
colab47_crop_subsample_subsample_n10,diffsbdd,mean_qed,1.686,0.392,2.908,0.0396,0.02349,10,20,crop_radius_minus_1.5,"atom_shuffle,coordinate_jitter",754,10,10
colab47_crop_subsample_subsample_n10,diffsbdd,mean_qed,1.589,0.948,2.29,0.06552,0.04125,9,18,crop_radius_minus_1.5,"atom_shuffle,coordinate_jitter",755,10,9
colab47_crop_subsample_subsample_n10,diffsbdd,mean_qed,1.646,0.861,3.032,0.04885,0.02967,10,20,crop_radius_minus_1.5,"atom_shuffle,coordinate_jitter",756,10,10
colab47_crop_subsample_subsample_n10,diffsbdd,mean_qed,2.589,0.487,4.196,0.07286,0.02815,9,18,crop_radius_minus_1.5,"atom_shuffle,coordinate_jitter",757,10,9
colab47_crop_subsample_subsample_n10,diffsbdd,mean_qed,1.195,0.283,2.789,0.03263,0.02731,10,20,crop_radius_minus_1.5,"atom_shuffle,coordinate_jitter",758,10,10
colab47_crop_subsample_subsample_n10,diffsbdd,mean_qed,0.742,0.222,3.127,0.01857,0.02502,9,18,crop_radius_minus_1.5,"atom_shuffle,coordinate_jitter",759,10,9
colab47_crop_subsample_subsample_n10,diffsbdd,mean_qed,1.968,0.888,3.53,0.05641,0.02866,9,18,crop_radius_minus_1.5,"atom_shuffle,coordinate_jitter",760,10,9
colab47_crop_subsample_subsample_n10,diffsbdd,mean_qed,1.884,1.261,3.062,0.05714,0.03033,8,16,crop_radius_minus_1.5,"atom_shuffle,coordinate_jitter",761,10,8
colab47_crop_subsample_subsample_n10,diffsbdd,mean_qed,2.357,1.532,3.816,0.06784,0.02878,9,18,crop_radius_minus_1.5,"atom_shuffle,coordinate_jitter",762,10,9
colab47_crop_subsample_subsample_n10,diffsbdd,mean_qed,1.33,0.271,2.592,0.04772,0.03589,8,16,crop_radius_minus_1.5,"atom_shuffle,coordinate_jitter",763,10,8
colab47_crop_subsample_subsample_n10,diffsbdd,mean_qed,1.249,0.379,2.087,0.03902,0.03123,9,18,crop_radius_minus_1.5,"atom_shuffle,coordinate_jitter",764,10,9
colab47_crop_subsample_subsample_n10,diffsbdd,mean_qed,1.959,0.953,4.663,0.05958,0.03041,8,16,crop_radius_minus_1.5,"atom_shuffle,coordinate_jitter",765,10,8
colab47_crop_subsample_subsample_n10,diffsbdd,mean_qed,1.25,0.446,2.406,0.04102,0.03282,8,16,crop_radius_minus_1.5,"atom_shuffle,coordinate_jitter",766,10,8
colab47_crop_subsample_subsample_n10,diffsbdd,mean_qed,2.214,0.849,6.179,0.05664,0.02558,10,20,crop_radius_minus_1.5,"atom_shuffle,coordinate_jitter",767,10,10
colab47_crop_subsample_subsample_n10,diffsbdd,mean_qed,2.328,0.207,4.269,0.06552,0.02815,9,18,crop_radius_minus_1.5,"atom_shuffle,coordinate_jitter",768,10,9
colab47_crop_subsample_subsample_n10,diffsbdd,mean_qed,2.034,0.944,2.511,0.06495,0.03194,10,20,crop_radius_minus_1.5,"atom_shuffle,coordinate_jitter",769,10,10
colab47_crop_subsample_subsample_n10,diffsbdd,mean_qed,1.608,0.215,3.627,0.04544,0.02826,9,18,crop_radius_minus_1.5,"atom_shuffle,coordinate_jitter",770,10,9
colab47_crop_subsample_subsample_n10,diffsbdd,mean_qed,2.067,0.277,3.554,0.07286,0.03525,9,18,crop_radius_minus_1.5,"atom_shuffle,coordinate_jitter",771,10,9
colab47_crop_subsample_subsample_n10,diffsbdd,mean_qed,1.992,0.544,2.835,0.05703,0.02863,10,20,crop_radius_minus_1.5,"atom_shuffle,coordinate_jitter",772,10,10
colab47_crop_subsample_subsample_n10,diffsbdd,mean_qed,1.317,0.357,2.681,0.03838,0.02915,10,20,crop_radius_minus_1.5,"atom_shuffle,coordinate_jitter",773,10,10
colab47_crop_subsample_subsample_n10,diffsbdd,mean_qed,1.302,0.365,1.984,0.04544,0.03491,9,18,crop_radius_minus_1.5,"atom_shuffle,coordinate_jitter",774,10,9
colab47_crop_subsample_subsample_n10,diffsbdd,mean_qed,2.738,1.291,4.61,0.08012,0.02926,10,20,crop_radius_minus_1.5,"atom_shuffle,coordinate_jitter",775,10,10
colab47_crop_subsample_subsample_n10,diffsbdd,mean_qed,1.654,0.803,2.813,0.05165,0.03123,10,20,crop_radius_minus_1.5,"atom_shuffle,coordinate_jitter",776,10,10
colab47_crop_subsample_subsample_n10,diffsbdd,mean_qed,1.987,1.241,5.434,0.06552,0.03298,9,18,crop_radius_minus_1.5,"atom_shuffle,coordinate_jitter",777,10,9
colab47_crop_subsample_subsample_n10,diffsbdd,mean_qed,2.233,1.364,3.719,0.07286,0.03263,9,18,crop_radius_minus_1.5,"atom_shuffle,coordinate_jitter",778,10,9
colab47_crop_subsample_subsample_n10,diffsbdd,mean_qed,3.054,1.528,7.486,0.06989,0.02288,8,16,crop_radius_minus_1.5,"atom_shuffle,coordinate_jitter",779,10,8
colab47_crop_subsample_subsample_n10,diffsbdd,mean_qed,2.351,1.404,4.841,0.06536,0.0278,8,16,crop_radius_minus_1.5,"atom_shuffle,coordinate_jitter",780,10,8
colab47_crop_subsample_subsample_n10,diffsbdd,mean_qed,1.987,0.217,3.073,0.0562,0.02828,9,18,crop_radius_minus_1.5,"atom_shuffle,coordinate_jitter",781,10,9
colab47_crop_subsample_subsample_n10,diffsbdd,mean_qed,2.377,0.419,3.474,0.07286,0.03066,9,18,crop_radius_minus_1.5,"atom_shuffle,coordinate_jitter",782,10,9
colab47_crop_subsample_subsample_n10,diffsbdd,mean_qed,1.618,0.925,2.466,0.0604,0.03732,8,16,crop_radius_minus_1.5,"atom_shuffle,coordinate_jitter",783,10,8
colab47_crop_subsample_subsample_n10,diffsbdd,mean_qed,2.327,1.163,2.599,0.07501,0.03224,10,20,crop_radius_minus_1.5,"atom_shuffle,coordinate_jitter",784,10,10
colab47_crop_subsample_subsample_n10,diffsbdd,mean_qed,2.499,0.834,4.411,0.0582,0.02329,8,16,crop_radius_minus_1.5,"atom_shuffle,coordinate_jitter",785,10,8
colab47_crop_subsample_subsample_n10,diffsbdd,mean_qed,2.661,0.711,6.365,0.07895,0.02967,8,16,crop_radius_minus_1.5,"atom_shuffle,coordinate_jitter",786,10,8
colab47_crop_subsample_subsample_n10,diffsbdd,mean_qed,2.384,2.065,2.99,0.0724,0.03037,10,20,crop_radius_minus_1.5,"atom_shuffle,coordinate_jitter",787,10,10
colab47_crop_subsample_subsample_n10,diffsbdd,mean_qed,1.968,0.639,2.853,0.0626,0.0318,10,20,crop_radius_minus_1.5,"atom_shuffle,coordinate_jitter",788,10,10
colab47_crop_subsample_subsample_n10,diffsbdd,mean_qed,1.46,0.798,4.003,0.05702,0.03907,8,16,crop_radius_minus_1.5,"atom_shuffle,coordinate_jitter",789,10,8
colab47_crop_subsample_subsample_n10,diffsbdd,mean_qed,1.155,0.251,2.33,0.03639,0.03152,10,20,crop_radius_minus_1.5,"atom_shuffle,coordinate_jitter",790,10,10
colab47_crop_subsample_subsample_n10,diffsbdd,mean_qed,2.215,0.631,6.099,0.0562,0.02538,9,18,crop_radius_minus_1.5,"atom_shuffle,coordinate_jitter",791,10,9
colab47_crop_subsample_subsample_n10,diffsbdd,mean_qed,1.594,0.196,2.929,0.04422,0.02774,10,20,crop_radius_minus_1.5,"atom_shuffle,coordinate_jitter",792,10,10
colab47_crop_subsample_subsample_n10,diffsbdd,mean_qed,0.799,0.161,1.605,0.02315,0.02898,9,18,crop_radius_minus_1.5,"atom_shuffle,coordinate_jitter",793,10,9
colab47_crop_subsample_subsample_n10,diffsbdd,mean_qed,1.596,0.713,3.213,0.05093,0.03192,10,20,crop_radius_minus_1.5,"atom_shuffle,coordinate_jitter",794,10,10
colab47_crop_subsample_subsample_n10,diffsbdd,mean_qed,2.335,0.444,5.445,0.05967,0.02555,9,18,crop_radius_minus_1.5,"atom_shuffle,coordinate_jitter",795,10,9
colab47_crop_subsample_subsample_n10,diffsbdd,mean_qed,0.851,0.282,3.735,0.02174,0.02555,8,16,crop_radius_minus_1.5,"atom_shuffle,coordinate_jitter",796,10,8
colab47_crop_subsample_subsample_n10,diffsbdd,mean_qed,1.519,0.313,3.567,0.04509,0.02967,8,16,crop_radius_minus_1.5,"atom_shuffle,coordinate_jitter",797,10,8
colab47_crop_subsample_subsample_n10,diffsbdd,mean_qed,1.433,0.628,2.233,0.06169,0.04304,10,20,crop_radius_minus_1.5,"atom_shuffle,coordinate_jitter",798,10,10
colab47_crop_subsample_subsample_n10,diffsbdd,mean_qed,1.316,0.317,2.612,0.03903,0.02967,9,18,crop_radius_minus_1.5,"atom_shuffle,coordinate_jitter",799,10,9
colab47_crop_subsample_subsample_n10,diffsbdd,mean_qed,1.156,0.163,2.692,0.04211,0.03644,9,18,crop_radius_minus_1.5,"atom_shuffle,coordinate_jitter",800,10,9
colab47_crop_subsample_subsample_n10,diffsbdd,mean_qed,2.62,1.585,5.682,0.09669,0.0369,7,14,crop_radius_minus_1.5,"atom_shuffle,coordinate_jitter",801,10,7
colab47_crop_subsample_subsample_n10,diffsbdd,mean_qed,2.022,1.229,3.389,0.05714,0.02826,8,16,crop_radius_minus_1.5,"atom_shuffle,coordinate_jitter",802,10,8
colab47_crop_subsample_subsample_n10,diffsbdd,mean_qed,1.519,0.679,2.449,0.04544,0.02992,9,18,crop_radius_minus_1.5,"atom_shuffle,coordinate_jitter",803,10,9
colab47_crop_subsample_subsample_n10,diffsbdd,mean_qed,2.408,1.315,3.275,0.07188,0.02985,10,20,crop_radius_minus_1.5,"atom_shuffle,coordinate_jitter",804,10,10
colab47_crop_subsample_subsample_n10,diffsbdd,mean_qed,2.427,1.348,3.334,0.07193,0.02964,9,18,crop_radius_minus_1.5,"atom_shuffle,coordinate_jitter",805,10,9
colab47_crop_subsample_subsample_n10,diffsbdd,mean_qed,1.987,0.744,2.968,0.05786,0.02913,9,18,crop_radius_minus_1.5,"atom_shuffle,coordinate_jitter",806,10,9
colab47_crop_subsample_subsample_n10,diffsbdd,mean_qed,2.092,1.092,2.77,0.06552,0.03132,9,18,crop_radius_minus_1.5,"atom_shuffle,coordinate_jitter",807,10,9
colab47_crop_subsample_subsample_n10,diffsbdd,mean_qed,1.697,0.893,2.74,0.06438,0.03793,9,18,crop_radius_minus_1.5,"atom_shuffle,coordinate_jitter",808,10,9
colab47_crop_subsample_subsample_n10,diffsbdd,mean_qed,1.534,0.742,2.783,0.0562,0.03663,9,18,crop_radius_minus_1.5,"atom_shuffle,coordinate_jitter",809,10,9
colab47_crop_subsample_subsample_n10,diffsbdd,mean_qed,1.72,0.894,3.574,0.05043,0.02933,10,20,crop_radius_minus_1.5,"atom_shuffle,coordinate_jitter",810,10,10
colab47_crop_subsample_subsample_n10,diffsbdd,mean_qed,1.608,0.633,3.491,0.04563,0.02838,10,20,crop_radius_minus_1.5,"atom_shuffle,coordinate_jitter",811,10,10
colab47_crop_subsample_subsample_n10,diffsbdd,mean_qed,2.111,0.2,3.569,0.06552,0.03104,9,18,crop_radius_minus_1.5,"atom_shuffle,coordinate_jitter",812,10,9
colab47_crop_subsample_subsample_n10,diffsbdd,mean_qed,2.329,1.387,2.595,0.06937,0.02978,10,20,crop_radius_minus_1.5,"atom_shuffle,coordinate_jitter",813,10,10
colab47_crop_subsample_subsample_n10,diffsbdd,mean_qed,2.014,0.944,2.676,0.0626,0.03108,8,16,crop_radius_minus_1.5,"atom_shuffle,coordinate_jitter",814,10,8
colab47_crop_subsample_subsample_n10,diffsbdd,mean_qed,0.739,0.218,2.785,0.02033,0.02752,9,18,crop_radius_minus_1.5,"atom_shuffle,coordinate_jitter",815,10,9
colab47_crop_subsample_subsample_n10,diffsbdd,mean_qed,2.049,1.165,4.888,0.05285,0.02579,10,20,crop_radius_minus_1.5,"atom_shuffle,coordinate_jitter",816,10,10
colab47_crop_subsample_subsample_n10,diffsbdd,mean_qed,2.796,1.298,5.525,0.0724,0.0259,10,20,crop_radius_minus_1.5,"atom_shuffle,coordinate_jitter",817,10,10
colab47_crop_subsample_subsample_n10,diffsbdd,mean_qed,1.661,1.133,3.776,0.0495,0.0298,9,18,crop_radius_minus_1.5,"atom_shuffle,coordinate_jitter",818,10,9
colab47_crop_subsample_subsample_n10,diffsbdd,mean_qed,1.781,0.67,3.474,0.05093,0.0286,10,20,crop_radius_minus_1.5,"atom_shuffle,coordinate_jitter",819,10,10
colab47_crop_subsample_subsample_n10,diffsbdd,mean_qed,1.764,0.682,2.468,0.05256,0.02979,8,16,crop_radius_minus_1.5,"atom_shuffle,coordinate_jitter",820,10,8
colab47_crop_subsample_subsample_n10,diffsbdd,mean_qed,2.908,0.506,4.314,0.07285,0.02505,8,16,crop_radius_minus_1.5,"atom_shuffle,coordinate_jitter",821,10,8
colab47_crop_subsample_subsample_n10,diffsbdd,mean_qed,1.624,0.325,3.381,0.04509,0.02777,8,16,crop_radius_minus_1.5,"atom_shuffle,coordinate_jitter",822,10,8
colab47_crop_subsample_subsample_n10,diffsbdd,mean_qed,1.703,0.73,3.238,0.04477,0.02629,10,20,crop_radius_minus_1.5,"atom_shuffle,coordinate_jitter",823,10,10
colab47_crop_subsample_subsample_n10,diffsbdd,mean_qed,1.911,1.064,4.122,0.05967,0.03123,9,18,crop_radius_minus_1.5,"atom_shuffle,coordinate_jitter",824,10,9
colab47_crop_subsample_subsample_n10,diffsbdd,mean_qed,2.377,1.295,3.154,0.07288,0.03066,9,18,crop_radius_minus_1.5,"atom_shuffle,coordinate_jitter",825,10,9
colab47_crop_subsample_subsample_n10,diffsbdd,mean_qed,2.41,1.491,3.725,0.07549,0.03132,10,20,crop_radius_minus_1.5,"atom_shuffle,coordinate_jitter",826,10,10
colab47_crop_subsample_subsample_n10,diffsbdd,mean_qed,2.686,1.414,5.407,0.06989,0.02602,10,20,crop_radius_minus_1.5,"atom_shuffle,coordinate_jitter",827,10,10
colab47_crop_subsample_subsample_n10,diffsbdd,mean_qed,0.711,0.212,3.676,0.02033,0.0286,9,18,crop_radius_minus_1.5,"atom_shuffle,coordinate_jitter",828,10,9
colab47_crop_subsample_subsample_n10,diffsbdd,mean_qed,1.319,0.422,2.542,0.04211,0.03192,9,18,crop_radius_minus_1.5,"atom_shuffle,coordinate_jitter",829,10,9
colab47_crop_subsample_subsample_n10,diffsbdd,mean_qed,1.815,0.239,3.309,0.04957,0.02731,8,16,crop_radius_minus_1.5,"atom_shuffle,coordinate_jitter",830,10,8
colab47_crop_subsample_subsample_n10,diffsbdd,mean_qed,2.767,1.304,7.385,0.06989,0.02525,10,20,crop_radius_minus_1.5,"atom_shuffle,coordinate_jitter",831,10,10
colab47_crop_subsample_subsample_n10,diffsbdd,mean_qed,1.485,0.776,2.763,0.06562,0.0442,10,20,crop_radius_minus_1.5,"atom_shuffle,coordinate_jitter",832,10,10
colab47_crop_subsample_subsample_n10,diffsbdd,mean_qed,2.391,0.848,6.085,0.06784,0.02838,9,18,crop_radius_minus_1.5,"atom_shuffle,coordinate_jitter",833,10,9
colab47_crop_subsample_subsample_n10,diffsbdd,mean_qed,1.306,0.347,2.366,0.04211,0.03224,9,18,crop_radius_minus_1.5,"atom_shuffle,coordinate_jitter",834,10,9
colab47_crop_subsample_subsample_n10,diffsbdd,mean_qed,1.451,0.194,2.333,0.04761,0.03282,10,20,crop_radius_minus_1.5,"atom_shuffle,coordinate_jitter",835,10,10
colab47_crop_subsample_subsample_n10,diffsbdd,mean_qed,2.018,1.009,3.749,0.0495,0.02453,9,18,crop_radius_minus_1.5,"atom_shuffle,coordinate_jitter",836,10,9
colab47_crop_subsample_subsample_n10,diffsbdd,mean_qed,1.209,0.208,2.867,0.03537,0.02926,8,16,crop_radius_minus_1.5,"atom_shuffle,coordinate_jitter",837,10,8
colab47_crop_subsample_subsample_n10,diffsbdd,mean_qed,0.99,0.226,1.696,0.03903,0.03941,9,18,crop_radius_minus_1.5,"atom_shuffle,coordinate_jitter",838,10,9
colab47_crop_subsample_subsample_n10,diffsbdd,mean_qed,2.362,1.278,3.489,0.07241,0.03066,10,20,crop_radius_minus_1.5,"atom_shuffle,coordinate_jitter",839,10,10
colab47_crop_subsample_subsample_n10,diffsbdd,mean_qed,1.625,0.218,4.127,0.04544,0.02797,9,18,crop_radius_minus_1.5,"atom_shuffle,coordinate_jitter",840,10,9
colab47_crop_subsample_subsample_n10,diffsbdd,mean_qed,2.437,0.426,3.729,0.0709,0.0291,9,18,crop_radius_minus_1.5,"atom_shuffle,coordinate_jitter",841,10,9
colab47_crop_subsample_subsample_n10,diffsbdd,mean_qed,2.377,0.33,4.277,0.05967,0.02511,9,18,crop_radius_minus_1.5,"atom_shuffle,coordinate_jitter",842,10,9
colab47_crop_subsample_subsample_n10,diffsbdd,mean_qed,2.598,1.023,5.23,0.07215,0.02777,10,20,crop_radius_minus_1.5,"atom_shuffle,coordinate_jitter",843,10,10
colab47_crop_subsample_subsample_n10,diffsbdd,mean_qed,2.519,0.781,5.522,0.07338,0.02913,9,18,crop_radius_minus_1.5,"atom_shuffle,coordinate_jitter",844,10,9
colab47_crop_subsample_subsample_n10,diffsbdd,mean_qed,3.151,1.541,6.184,0.06888,0.02186,8,16,crop_radius_minus_1.5,"atom_shuffle,coordinate_jitter",845,10,8
colab47_crop_subsample_subsample_n10,diffsbdd,mean_qed,2.771,1.203,6.363,0.06863,0.02476,10,20,crop_radius_minus_1.5,"atom_shuffle,coordinate_jitter",846,10,10
colab47_crop_subsample_subsample_n10,diffsbdd,mean_qed,2.178,1.046,2.86,0.06821,0.03132,10,20,crop_radius_minus_1.5,"atom_shuffle,coordinate_jitter",847,10,10
colab47_crop_subsample_subsample_n10,diffsbdd,mean_qed,2.379,1.375,3.648,0.0692,0.02909,10,20,crop_radius_minus_1.5,"atom_shuffle,coordinate_jitter",848,10,10
colab47_crop_subsample_subsample_n10,diffsbdd,mean_qed,3.094,1.184,7.745,0.07193,0.02325,9,18,crop_radius_minus_1.5,"atom_shuffle,coordinate_jitter",849,10,9
colab47_crop_subsample_subsample_n10,diffsbdd,mean_qed,1.793,1.176,3.564,0.06072,0.03387,10,20,crop_radius_minus_1.5,"atom_shuffle,coordinate_jitter",850,10,10
colab47_crop_subsample_subsample_n10,diffsbdd,mean_qed,2.172,0.679,3.121,0.06438,0.02964,9,18,crop_radius_minus_1.5,"atom_shuffle,coordinate_jitter",851,10,9
colab47_crop_subsample_subsample_n10,diffsbdd,mean_qed,1.659,0.641,2.605,0.0495,0.02983,9,18,crop_radius_minus_1.5,"atom_shuffle,coordinate_jitter",852,10,9
colab47_crop_subsample_subsample_n10,diffsbdd,mean_qed,1.418,0.457,4.327,0.03902,0.02752,9,18,crop_radius_minus_1.5,"atom_shuffle,coordinate_jitter",853,10,9
colab47_crop_subsample_subsample_n10,diffsbdd,mean_qed,1.764,0.328,2.869,0.05233,0.02967,10,20,crop_radius_minus_1.5,"atom_shuffle,coordinate_jitter",854,10,10
colab47_crop_subsample_subsample_n10,diffsbdd,mean_qed,2.503,1.711,5.572,0.08059,0.03221,10,20,crop_radius_minus_1.5,"atom_shuffle,coordinate_jitter",855,10,10
colab47_crop_subsample_subsample_n10,diffsbdd,mean_qed,2.232,1.526,2.823,0.07188,0.03221,8,16,crop_radius_minus_1.5,"atom_shuffle,coordinate_jitter",856,10,8
colab47_crop_subsample_subsample_n10,diffsbdd,mean_qed,1.482,0.246,3.212,0.043,0.02901,9,18,crop_radius_minus_1.5,"atom_shuffle,coordinate_jitter",857,10,9
colab47_crop_subsample_subsample_n10,diffsbdd,mean_qed,1.701,0.965,3.806,0.06438,0.03784,9,18,crop_radius_minus_1.5,"atom_shuffle,coordinate_jitter",858,10,9
colab47_crop_subsample_subsample_n10,diffsbdd,mean_qed,2.009,0.986,3.637,0.05695,0.02835,10,20,crop_radius_minus_1.5,"atom_shuffle,coordinate_jitter",859,10,10
colab47_crop_subsample_subsample_n10,diffsbdd,mean_qed,1.885,0.476,3.968,0.0495,0.02626,9,18,crop_radius_minus_1.5,"atom_shuffle,coordinate_jitter",860,10,9
colab47_crop_subsample_subsample_n10,diffsbdd,mean_qed,1.301,0.876,2.328,0.04211,0.03237,9,18,crop_radius_minus_1.5,"atom_shuffle,coordinate_jitter",861,10,9
colab47_crop_subsample_subsample_n10,diffsbdd,mean_qed,2.515,0.307,5.453,0.05786,0.02301,9,18,crop_radius_minus_1.5,"atom_shuffle,coordinate_jitter",862,10,9
colab47_crop_subsample_subsample_n10,diffsbdd,mean_qed,1.668,0.883,2.401,0.05804,0.0348,8,16,crop_radius_minus_1.5,"atom_shuffle,coordinate_jitter",863,10,8
colab47_crop_subsample_subsample_n10,diffsbdd,mean_qed,2.423,1.692,4.43,0.07809,0.03224,9,18,crop_radius_minus_1.5,"atom_shuffle,coordinate_jitter",864,10,9
colab47_crop_subsample_subsample_n10,diffsbdd,mean_qed,2.277,1.006,3.754,0.06821,0.02996,10,20,crop_radius_minus_1.5,"atom_shuffle,coordinate_jitter",865,10,10
colab47_crop_subsample_subsample_n10,diffsbdd,mean_qed,1.399,0.391,2.307,0.04509,0.03224,10,20,crop_radius_minus_1.5,"atom_shuffle,coordinate_jitter",866,10,10
colab47_crop_subsample_subsample_n10,diffsbdd,mean_qed,3.061,1.589,8.243,0.07713,0.0252,9,18,crop_radius_minus_1.5,"atom_shuffle,coordinate_jitter",867,10,9
colab47_crop_subsample_subsample_n10,diffsbdd,mean_qed,2.085,0.958,3.473,0.05958,0.02857,10,20,crop_radius_minus_1.5,"atom_shuffle,coordinate_jitter",868,10,10
colab47_crop_subsample_subsample_n10,diffsbdd,mean_qed,1.622,0.673,2.82,0.05233,0.03227,8,16,crop_radius_minus_1.5,"atom_shuffle,coordinate_jitter",869,10,8
colab47_crop_subsample_subsample_n10,diffsbdd,mean_qed,2.131,1.448,3.571,0.06627,0.0311,10,20,crop_radius_minus_1.5,"atom_shuffle,coordinate_jitter",870,10,10
colab47_crop_subsample_subsample_n10,diffsbdd,mean_qed,2.142,0.388,3.819,0.07702,0.03596,8,16,crop_radius_minus_1.5,"atom_shuffle,coordinate_jitter",871,10,8
colab47_crop_subsample_subsample_n10,diffsbdd,mean_qed,2.473,0.919,5.259,0.07193,0.02909,9,18,crop_radius_minus_1.5,"atom_shuffle,coordinate_jitter",872,10,9
colab47_crop_subsample_subsample_n10,diffsbdd,mean_qed,2.551,0.446,3.845,0.07288,0.02857,9,18,crop_radius_minus_1.5,"atom_shuffle,coordinate_jitter",873,10,9
colab47_crop_subsample_subsample_n10,diffsbdd,mean_qed,1.932,0.348,3.031,0.04825,0.02497,9,18,crop_radius_minus_1.5,"atom_shuffle,coordinate_jitter",874,10,9
colab47_crop_subsample_subsample_n10,diffsbdd,mean_qed,1.905,1.243,3.42,0.0626,0.03286,8,16,crop_radius_minus_1.5,"atom_shuffle,coordinate_jitter",875,10,8
colab47_crop_subsample_subsample_n10,diffsbdd,mean_qed,1.795,0.569,2.874,0.05223,0.0291,10,20,crop_radius_minus_1.5,"atom_shuffle,coordinate_jitter",876,10,10
colab47_crop_subsample_subsample_n10,diffsbdd,mean_qed,3.121,1.125,7.241,0.06667,0.02136,8,16,crop_radius_minus_1.5,"atom_shuffle,coordinate_jitter",877,10,8
colab47_crop_subsample_subsample_n10,diffsbdd,mean_qed,3.337,2.264,7.688,0.0734,0.022,9,18,crop_radius_minus_1.5,"atom_shuffle,coordinate_jitter",878,10,9
colab47_crop_subsample_subsample_n10,diffsbdd,mean_qed,1.63,0.949,2.894,0.0495,0.03038,9,18,crop_radius_minus_1.5,"atom_shuffle,coordinate_jitter",879,10,9
colab47_crop_subsample_subsample_n10,diffsbdd,mean_qed,2.487,0.736,4.101,0.07287,0.02931,8,16,crop_radius_minus_1.5,"atom_shuffle,coordinate_jitter",880,10,8
colab47_crop_subsample_subsample_n10,diffsbdd,mean_qed,2.416,1.541,3.748,0.07339,0.03038,10,20,crop_radius_minus_1.5,"atom_shuffle,coordinate_jitter",881,10,10
colab47_crop_subsample_subsample_n10,diffsbdd,mean_qed,2.526,0.383,5.355,0.06215,0.02461,8,16,crop_radius_minus_1.5,"atom_shuffle,coordinate_jitter",882,10,8
colab47_crop_subsample_subsample_n10,diffsbdd,mean_qed,3.732,1.618,8.325,0.07574,0.02029,8,16,crop_radius_minus_1.5,"atom_shuffle,coordinate_jitter",883,10,8
colab47_crop_subsample_subsample_n10,diffsbdd,mean_qed,1.415,0.307,3.301,0.05223,0.0369,10,20,crop_radius_minus_1.5,"atom_shuffle,coordinate_jitter",884,10,10
colab47_crop_subsample_subsample_n10,diffsbdd,mean_qed,1.725,0.955,2.929,0.06438,0.03732,9,18,crop_radius_minus_1.5,"atom_shuffle,coordinate_jitter",885,10,9
colab47_crop_subsample_subsample_n10,diffsbdd,mean_qed,1.202,0.29,2.847,0.03333,0.02774,10,20,crop_radius_minus_1.5,"atom_shuffle,coordinate_jitter",886,10,10
colab47_crop_subsample_subsample_n10,diffsbdd,mean_qed,1.212,0.533,2.889,0.03596,0.02967,10,20,crop_radius_minus_1.5,"atom_shuffle,coordinate_jitter",887,10,10
colab47_crop_subsample_subsample_n10,diffsbdd,mean_qed,1.919,0.291,2.747,0.0626,0.03263,8,16,crop_radius_minus_1.5,"atom_shuffle,coordinate_jitter",888,10,8
colab47_crop_subsample_subsample_n10,diffsbdd,mean_qed,1.721,0.897,2.418,0.05689,0.03305,10,20,crop_radius_minus_1.5,"atom_shuffle,coordinate_jitter",889,10,10
colab47_crop_subsample_subsample_n10,diffsbdd,mean_qed,1.851,0.164,3.034,0.05967,0.03224,9,18,crop_radius_minus_1.5,"atom_shuffle,coordinate_jitter",890,10,9
colab47_crop_subsample_subsample_n10,diffsbdd,mean_qed,2.482,0.196,4.246,0.0709,0.02857,9,18,crop_radius_minus_1.5,"atom_shuffle,coordinate_jitter",891,10,9
colab47_crop_subsample_subsample_n10,diffsbdd,mean_qed,1.205,0.347,2.987,0.03902,0.03237,9,18,crop_radius_minus_1.5,"atom_shuffle,coordinate_jitter",892,10,9
colab47_crop_subsample_subsample_n10,diffsbdd,mean_qed,1.245,0.305,2.413,0.04422,0.03551,10,20,crop_radius_minus_1.5,"atom_shuffle,coordinate_jitter",893,10,10
colab47_crop_subsample_subsample_n10,diffsbdd,mean_qed,1.271,0.586,2.445,0.04101,0.03227,10,20,crop_radius_minus_1.5,"atom_shuffle,coordinate_jitter",894,10,10
colab47_crop_subsample_subsample_n10,diffsbdd,mean_qed,1.587,0.644,2.498,0.06203,0.03908,10,20,crop_radius_minus_1.5,"atom_shuffle,coordinate_jitter",895,10,10
colab47_crop_subsample_subsample_n10,diffsbdd,mean_qed,2.12,0.413,4.025,0.05459,0.02574,10,20,crop_radius_minus_1.5,"atom_shuffle,coordinate_jitter",896,10,10
colab47_crop_subsample_subsample_n10,diffsbdd,mean_qed,2.769,0.919,6.04,0.07193,0.02597,9,18,crop_radius_minus_1.5,"atom_shuffle,coordinate_jitter",897,10,9
colab47_crop_subsample_subsample_n10,diffsbdd,mean_qed,2.387,1.282,6.361,0.07312,0.03063,8,16,crop_radius_minus_1.5,"atom_shuffle,coordinate_jitter",898,10,8
colab47_crop_subsample_subsample_n10,diffsbdd,mean_qed,2.787,1.168,4.723,0.06202,0.02225,10,20,crop_radius_minus_1.5,"atom_shuffle,coordinate_jitter",899,10,10
colab47_crop_subsample_subsample_n10,diffsbdd,mean_qed,2.394,1.045,5.065,0.06937,0.02898,10,20,crop_radius_minus_1.5,"atom_shuffle,coordinate_jitter",900,10,10
colab47_crop_subsample_subsample_n10,diffsbdd,mean_qed,1.37,0.179,3.188,0.043,0.03138,9,18,crop_radius_minus_1.5,"atom_shuffle,coordinate_jitter",901,10,9
colab47_crop_subsample_subsample_n10,diffsbdd,mean_qed,2.128,1.21,3.408,0.06628,0.03114,10,20,crop_radius_minus_1.5,"atom_shuffle,coordinate_jitter",902,10,10
colab47_crop_subsample_subsample_n10,diffsbdd,mean_qed,1.077,0.576,2.366,0.043,0.03994,9,18,crop_radius_minus_1.5,"atom_shuffle,coordinate_jitter",903,10,9
colab47_crop_subsample_subsample_n10,diffsbdd,mean_qed,2.169,0.972,3.466,0.04378,0.02018,10,20,crop_radius_minus_1.5,"atom_shuffle,coordinate_jitter",904,10,10
colab47_crop_subsample_subsample_n10,diffsbdd,mean_qed,2.388,1.335,3.186,0.07479,0.03132,9,18,crop_radius_minus_1.5,"atom_shuffle,coordinate_jitter",905,10,9
colab47_crop_subsample_subsample_n10,diffsbdd,mean_qed,1.092,0.455,2.955,0.04256,0.03897,8,16,crop_radius_minus_1.5,"atom_shuffle,coordinate_jitter",906,10,8
colab47_crop_subsample_subsample_n10,diffsbdd,mean_qed,1.376,0.293,3.204,0.03376,0.02453,9,18,crop_radius_minus_1.5,"atom_shuffle,coordinate_jitter",907,10,9
colab47_crop_subsample_subsample_n10,diffsbdd,mean_qed,2.297,1.003,3.299,0.07241,0.03152,10,20,crop_radius_minus_1.5,"atom_shuffle,coordinate_jitter",908,10,10
colab47_crop_subsample_subsample_n10,diffsbdd,mean_qed,3.616,0.583,5.45,0.07133,0.01972,10,20,crop_radius_minus_1.5,"atom_shuffle,coordinate_jitter",909,10,10
colab47_crop_subsample_subsample_n10,diffsbdd,mean_qed,2.264,0.19,4.006,0.06784,0.02996,9,18,crop_radius_minus_1.5,"atom_shuffle,coordinate_jitter",910,10,9
colab47_crop_subsample_subsample_n10,diffsbdd,mean_qed,1.293,0.38,2.686,0.04544,0.03516,9,18,crop_radius_minus_1.5,"atom_shuffle,coordinate_jitter",911,10,9
colab47_crop_subsample_subsample_n10,diffsbdd,mean_qed,1.743,0.7,3.25,0.04211,0.02417,9,18,crop_radius_minus_1.5,"atom_shuffle,coordinate_jitter",912,10,9
colab47_crop_subsample_subsample_n10,diffsbdd,mean_qed,2.191,0.551,3.714,0.05967,0.02724,9,18,crop_radius_minus_1.5,"atom_shuffle,coordinate_jitter",913,10,9
colab47_crop_subsample_subsample_n10,diffsbdd,mean_qed,2.777,1.098,3.936,0.08989,0.03237,8,16,crop_radius_minus_1.5,"atom_shuffle,coordinate_jitter",914,10,8
colab47_crop_subsample_subsample_n10,diffsbdd,mean_qed,2.531,0.866,6.618,0.05694,0.0225,10,20,crop_radius_minus_1.5,"atom_shuffle,coordinate_jitter",915,10,10
colab47_crop_subsample_subsample_n10,diffsbdd,mean_qed,1.034,0.468,2.5,0.03333,0.03224,10,20,crop_radius_minus_1.5,"atom_shuffle,coordinate_jitter",916,10,10
colab47_crop_subsample_subsample_n10,diffsbdd,mean_qed,1.683,0.388,3.748,0.043,0.02555,9,18,crop_radius_minus_1.5,"atom_shuffle,coordinate_jitter",917,10,9
colab47_crop_subsample_subsample_n10,diffsbdd,mean_qed,3.066,0.499,3.921,0.07409,0.02417,8,16,crop_radius_minus_1.5,"atom_shuffle,coordinate_jitter",918,10,8
colab47_crop_subsample_subsample_n10,diffsbdd,mean_qed,3.02,1.319,4.906,0.07713,0.02554,9,18,crop_radius_minus_1.5,"atom_shuffle,coordinate_jitter",919,10,9
colab47_crop_subsample_subsample_n10,diffsbdd,mean_qed,1.72,1.098,2.673,0.06438,0.03743,9,18,crop_radius_minus_1.5,"atom_shuffle,coordinate_jitter",920,10,9
colab47_crop_subsample_subsample_n10,diffsbdd,mean_qed,2.454,1.274,4.148,0.07701,0.03138,8,16,crop_radius_minus_1.5,"atom_shuffle,coordinate_jitter",921,10,8
colab47_crop_subsample_subsample_n10,diffsbdd,mean_qed,2.084,1.315,3.894,0.05967,0.02863,9,18,crop_radius_minus_1.5,"atom_shuffle,coordinate_jitter",922,10,9
colab47_crop_subsample_subsample_n10,diffsbdd,mean_qed,2.282,1.032,3.146,0.06764,0.02964,8,16,crop_radius_minus_1.5,"atom_shuffle,coordinate_jitter",923,10,8
colab47_crop_subsample_subsample_n10,diffsbdd,mean_qed,2.187,0.576,4.269,0.06862,0.03138,10,20,crop_radius_minus_1.5,"atom_shuffle,coordinate_jitter",924,10,10
colab47_crop_subsample_subsample_n10,diffsbdd,mean_qed,2.344,0.375,4.738,0.05804,0.02476,10,20,crop_radius_minus_1.5,"atom_shuffle,coordinate_jitter",925,10,10
colab47_crop_subsample_subsample_n10,diffsbdd,mean_qed,1.92,0.251,3.397,0.06029,0.03139,10,20,crop_radius_minus_1.5,"atom_shuffle,coordinate_jitter",926,10,10
colab47_crop_subsample_subsample_n10,diffsbdd,mean_qed,2.026,0.639,3.526,0.05794,0.0286,10,20,crop_radius_minus_1.5,"atom_shuffle,coordinate_jitter",927,10,10
colab47_crop_subsample_subsample_n10,diffsbdd,mean_qed,2.299,0.998,2.926,0.06863,0.02985,10,20,crop_radius_minus_1.5,"atom_shuffle,coordinate_jitter",928,10,10
colab47_crop_subsample_subsample_n10,diffsbdd,mean_qed,1.646,0.237,3.282,0.05786,0.03516,9,18,crop_radius_minus_1.5,"atom_shuffle,coordinate_jitter",929,10,9
colab47_crop_subsample_subsample_n10,diffsbdd,mean_qed,3.708,1.496,6.123,0.06989,0.01885,8,16,crop_radius_minus_1.5,"atom_shuffle,coordinate_jitter",930,10,8
colab47_crop_subsample_subsample_n10,diffsbdd,mean_qed,1.152,0.257,1.845,0.03903,0.03387,9,18,crop_radius_minus_1.5,"atom_shuffle,coordinate_jitter",931,10,9
colab47_crop_subsample_subsample_n10,diffsbdd,mean_qed,1.385,0.517,2.278,0.04518,0.03263,10,20,crop_radius_minus_1.5,"atom_shuffle,coordinate_jitter",932,10,10
colab47_crop_subsample_subsample_n10,diffsbdd,mean_qed,2.285,1.145,4.372,0.05285,0.02313,10,20,crop_radius_minus_1.5,"atom_shuffle,coordinate_jitter",933,10,10
colab47_crop_subsample_subsample_n10,diffsbdd,mean_qed,1.489,1.023,2.478,0.06438,0.04324,9,18,crop_radius_minus_1.5,"atom_shuffle,coordinate_jitter",934,10,9
colab47_crop_subsample_subsample_n10,diffsbdd,mean_qed,1.103,0.204,2.338,0.043,0.03897,7,14,crop_radius_minus_1.5,"atom_shuffle,coordinate_jitter",935,10,7
colab47_crop_subsample_subsample_n10,diffsbdd,mean_qed,2.494,1.098,5.367,0.0495,0.01985,9,18,crop_radius_minus_1.5,"atom_shuffle,coordinate_jitter",936,10,9
colab47_crop_subsample_subsample_n10,diffsbdd,mean_qed,3.389,0.265,5.104,0.07193,0.02122,9,18,crop_radius_minus_1.5,"atom_shuffle,coordinate_jitter",937,10,9
colab47_crop_subsample_subsample_n10,diffsbdd,mean_qed,3.415,1.237,5.95,0.06611,0.01936,10,20,crop_radius_minus_1.5,"atom_shuffle,coordinate_jitter",938,10,10
colab47_crop_subsample_subsample_n10,diffsbdd,mean_qed,2.639,1.46,8.566,0.06862,0.026,8,16,crop_radius_minus_1.5,"atom_shuffle,coordinate_jitter",939,10,8
colab47_crop_subsample_subsample_n10,diffsbdd,mean_qed,3.387,0.803,5.981,0.07336,0.02166,10,20,crop_radius_minus_1.5,"atom_shuffle,coordinate_jitter",940,10,10
colab47_crop_subsample_subsample_n10,diffsbdd,mean_qed,1.442,0.309,2.341,0.0562,0.03897,9,18,crop_radius_minus_1.5,"atom_shuffle,coordinate_jitter",941,10,9
colab47_crop_subsample_subsample_n10,diffsbdd,mean_qed,2.319,0.236,5.062,0.06784,0.02926,9,18,crop_radius_minus_1.5,"atom_shuffle,coordinate_jitter",942,10,9
colab47_crop_subsample_subsample_n10,diffsbdd,mean_qed,1.208,0.212,2.529,0.043,0.0356,9,18,crop_radius_minus_1.5,"atom_shuffle,coordinate_jitter",943,10,9
colab47_crop_subsample_subsample_n10,diffsbdd,mean_qed,3.508,1.616,5.713,0.06784,0.01934,9,18,crop_radius_minus_1.5,"atom_shuffle,coordinate_jitter",944,10,9
colab47_crop_subsample_subsample_n10,diffsbdd,mean_qed,2.191,0.91,3.734,0.05786,0.02641,9,18,crop_radius_minus_1.5,"atom_shuffle,coordinate_jitter",945,10,9
colab47_crop_subsample_subsample_n10,diffsbdd,mean_qed,1.738,0.838,4.487,0.0495,0.02849,9,18,crop_radius_minus_1.5,"atom_shuffle,coordinate_jitter",946,10,9
colab47_crop_subsample_subsample_n10,diffsbdd,mean_qed,2.064,0.423,4.837,0.05786,0.02803,9,18,crop_radius_minus_1.5,"atom_shuffle,coordinate_jitter",947,10,9
colab47_crop_subsample_subsample_n10,diffsbdd,mean_qed,2.6,0.97,4.823,0.05786,0.02225,9,18,crop_radius_minus_1.5,"atom_shuffle,coordinate_jitter",948,10,9
colab47_crop_subsample_subsample_n10,diffsbdd,mean_qed,2.271,1.485,3.626,0.06764,0.02978,10,20,crop_radius_minus_1.5,"atom_shuffle,coordinate_jitter",949,10,10
colab47_crop_subsample_subsample_n10,diffsbdd,mean_qed,1.301,0.725,2.302,0.043,0.03305,9,18,crop_radius_minus_1.5,"atom_shuffle,coordinate_jitter",950,10,9
colab47_crop_subsample_subsample_n10,diffsbdd,mean_qed,2.456,0.738,4.906,0.06202,0.02525,10,20,crop_radius_minus_1.5,"atom_shuffle,coordinate_jitter",951,10,10
colab47_crop_subsample_subsample_n10,diffsbdd,mean_qed,2.683,0.91,5.432,0.05694,0.02122,10,20,crop_radius_minus_1.5,"atom_shuffle,coordinate_jitter",952,10,10
colab47_crop_subsample_subsample_n10,diffsbdd,mean_qed,1.102,0.293,2.962,0.03288,0.02985,8,16,crop_radius_minus_1.5,"atom_shuffle,coordinate_jitter",953,10,8
colab47_crop_subsample_subsample_n10,diffsbdd,mean_qed,1.655,0.137,3.408,0.04825,0.02915,9,18,crop_radius_minus_1.5,"atom_shuffle,coordinate_jitter",954,10,9
colab47_crop_subsample_subsample_n10,diffsbdd,mean_qed,2.537,0.969,3.783,0.077,0.03035,8,16,crop_radius_minus_1.5,"atom_shuffle,coordinate_jitter",955,10,8
colab47_crop_subsample_subsample_n10,diffsbdd,mean_qed,2.635,1.016,5.428,0.07479,0.02839,9,18,crop_radius_minus_1.5,"atom_shuffle,coordinate_jitter",956,10,9
colab47_crop_subsample_subsample_n10,diffsbdd,mean_qed,2.356,1.183,4.193,0.07338,0.03115,9,18,crop_radius_minus_1.5,"atom_shuffle,coordinate_jitter",957,10,9
colab47_crop_subsample_subsample_n10,diffsbdd,mean_qed,2.087,0.334,3.208,0.05223,0.02502,10,20,crop_radius_minus_1.5,"atom_shuffle,coordinate_jitter",958,10,10
colab47_crop_subsample_subsample_n10,diffsbdd,mean_qed,1.197,0.307,2.562,0.02315,0.01934,9,18,crop_radius_minus_1.5,"atom_shuffle,coordinate_jitter",959,10,9
colab47_crop_subsample_subsample_n10,diffsbdd,mean_qed,1.718,0.348,3.51,0.04211,0.02451,9,18,crop_radius_minus_1.5,"atom_shuffle,coordinate_jitter",960,10,9
colab47_crop_subsample_subsample_n10,diffsbdd,mean_qed,1.545,0.763,2.713,0.04685,0.03033,10,20,crop_radius_minus_1.5,"atom_shuffle,coordinate_jitter",961,10,10
colab47_crop_subsample_subsample_n10,diffsbdd,mean_qed,1.883,0.202,4.171,0.04544,0.02413,9,18,crop_radius_minus_1.5,"atom_shuffle,coordinate_jitter",962,10,9
colab47_crop_subsample_subsample_n10,diffsbdd,mean_qed,1.199,0.648,2.01,0.04685,0.03908,10,20,crop_radius_minus_1.5,"atom_shuffle,coordinate_jitter",963,10,10
colab47_crop_subsample_subsample_n10,diffsbdd,mean_qed,1.438,0.409,4.498,0.0396,0.02755,8,16,crop_radius_minus_1.5,"atom_shuffle,coordinate_jitter",964,10,8
colab47_crop_subsample_subsample_n10,diffsbdd,mean_qed,1.615,0.608,2.434,0.05396,0.03341,8,16,crop_radius_minus_1.5,"atom_shuffle,coordinate_jitter",965,10,8
colab47_crop_subsample_subsample_n10,diffsbdd,mean_qed,1.335,0.433,2.401,0.04057,0.03038,10,20,crop_radius_minus_1.5,"atom_shuffle,coordinate_jitter",966,10,10
colab47_crop_subsample_subsample_n10,diffsbdd,mean_qed,2.539,1.344,4.051,0.05786,0.02279,9,18,crop_radius_minus_1.5,"atom_shuffle,coordinate_jitter",967,10,9
colab47_crop_subsample_subsample_n10,diffsbdd,mean_qed,2.506,1.363,4.431,0.06202,0.02475,10,20,crop_radius_minus_1.5,"atom_shuffle,coordinate_jitter",968,10,10
colab47_crop_subsample_subsample_n10,diffsbdd,mean_qed,2.646,0.406,4.123,0.06989,0.02641,10,20,crop_radius_minus_1.5,"atom_shuffle,coordinate_jitter",969,10,10
colab47_crop_subsample_subsample_n10,diffsbdd,mean_qed,1.635,0.925,2.742,0.06029,0.03687,8,16,crop_radius_minus_1.5,"atom_shuffle,coordinate_jitter",970,10,8
colab47_crop_subsample_subsample_n10,diffsbdd,mean_qed,1.689,0.84,2.596,0.04825,0.02857,9,18,crop_radius_minus_1.5,"atom_shuffle,coordinate_jitter",971,10,9
colab47_crop_subsample_subsample_n10,diffsbdd,mean_qed,1.502,0.712,4.593,0.06495,0.04324,10,20,crop_radius_minus_1.5,"atom_shuffle,coordinate_jitter",972,10,10
colab47_crop_subsample_subsample_n10,diffsbdd,mean_qed,0.729,0.276,2.398,0.02086,0.02861,10,20,crop_radius_minus_1.5,"atom_shuffle,coordinate_jitter",973,10,10
colab47_crop_subsample_subsample_n10,diffsbdd,mean_qed,2.63,1.903,6.505,0.075,0.02851,10,20,crop_radius_minus_1.5,"atom_shuffle,coordinate_jitter",974,10,10
colab47_crop_subsample_subsample_n10,diffsbdd,mean_qed,2.488,1.286,6.662,0.08116,0.03263,9,18,crop_radius_minus_1.5,"atom_shuffle,coordinate_jitter",975,10,9
colab47_crop_subsample_subsample_n10,diffsbdd,mean_qed,1.293,0.458,2.448,0.03639,0.02815,8,16,crop_radius_minus_1.5,"atom_shuffle,coordinate_jitter",976,10,8
colab47_crop_subsample_subsample_n10,diffsbdd,mean_qed,2.076,1.215,4.442,0.05694,0.02742,10,20,crop_radius_minus_1.5,"atom_shuffle,coordinate_jitter",977,10,10
colab47_crop_subsample_subsample_n10,diffsbdd,mean_qed,2.158,1.293,3.963,0.0709,0.03286,9,18,crop_radius_minus_1.5,"atom_shuffle,coordinate_jitter",978,10,9
colab47_crop_subsample_subsample_n10,diffsbdd,mean_qed,1.739,0.666,3.204,0.05498,0.03162,10,20,crop_radius_minus_1.5,"atom_shuffle,coordinate_jitter",979,10,10
colab47_crop_subsample_subsample_n10,diffsbdd,mean_qed,1.761,0.211,3.834,0.04885,0.02774,10,20,crop_radius_minus_1.5,"atom_shuffle,coordinate_jitter",980,10,10
colab47_crop_subsample_subsample_n10,diffsbdd,mean_qed,2.099,0.883,4.454,0.06562,0.03127,8,16,crop_radius_minus_1.5,"atom_shuffle,coordinate_jitter",981,10,8
colab47_crop_subsample_subsample_n10,diffsbdd,mean_qed,1.854,0.349,2.917,0.05631,0.03037,8,16,crop_radius_minus_1.5,"atom_shuffle,coordinate_jitter",982,10,8
colab47_crop_subsample_subsample_n10,diffsbdd,mean_qed,2.851,1.7,4.324,0.06438,0.02258,9,18,crop_radius_minus_1.5,"atom_shuffle,coordinate_jitter",983,10,9
colab47_crop_subsample_subsample_n10,diffsbdd,mean_qed,1.538,0.969,2.678,0.04581,0.02978,10,20,crop_radius_minus_1.5,"atom_shuffle,coordinate_jitter",984,10,10
colab47_crop_subsample_subsample_n10,diffsbdd,mean_qed,1.911,1.031,3.259,0.05804,0.03037,10,20,crop_radius_minus_1.5,"atom_shuffle,coordinate_jitter",985,10,10
colab47_crop_subsample_subsample_n10,diffsbdd,mean_qed,2.383,0.692,4.599,0.07479,0.03138,9,18,crop_radius_minus_1.5,"atom_shuffle,coordinate_jitter",986,10,9
colab47_crop_subsample_subsample_n10,diffsbdd,mean_qed,2.047,0.705,3.097,0.06366,0.0311,10,20,crop_radius_minus_1.5,"atom_shuffle,coordinate_jitter",987,10,10
colab47_crop_subsample_subsample_n10,diffsbdd,mean_qed,2.246,0.912,2.879,0.06821,0.03038,10,20,crop_radius_minus_1.5,"atom_shuffle,coordinate_jitter",988,10,10
colab47_crop_subsample_subsample_n10,diffsbdd,mean_qed,1.995,1.132,3.152,0.05714,0.02863,10,20,crop_radius_minus_1.5,"atom_shuffle,coordinate_jitter",989,10,10
colab47_crop_subsample_subsample_n10,diffsbdd,mean_qed,2.003,0.391,3.632,0.05967,0.02979,9,18,crop_radius_minus_1.5,"atom_shuffle,coordinate_jitter",990,10,9
colab47_crop_subsample_subsample_n10,diffsbdd,mean_qed,0.749,0.148,2.92,0.02174,0.02901,8,16,crop_radius_minus_1.5,"atom_shuffle,coordinate_jitter",991,10,8
colab47_crop_subsample_subsample_n10,diffsbdd,mean_qed,1.157,0.732,2.129,0.05233,0.04523,8,16,crop_radius_minus_1.5,"atom_shuffle,coordinate_jitter",992,10,8
colab47_crop_subsample_subsample_n10,diffsbdd,mean_qed,1.744,0.763,3.396,0.0534,0.03062,8,16,crop_radius_minus_1.5,"atom_shuffle,coordinate_jitter",993,10,8
colab47_crop_subsample_subsample_n10,diffsbdd,mean_qed,2.634,0.802,3.618,0.05794,0.022,8,16,crop_radius_minus_1.5,"atom_shuffle,coordinate_jitter",994,10,8
colab47_crop_subsample_subsample_n10,diffsbdd,mean_qed,2.378,0.423,4.059,0.07338,0.03086,9,18,crop_radius_minus_1.5,"atom_shuffle,coordinate_jitter",995,10,9
colab47_crop_subsample_subsample_n10,diffsbdd,mean_qed,1.186,0.8,2.208,0.04211,0.03551,9,18,crop_radius_minus_1.5,"atom_shuffle,coordinate_jitter",996,10,9
colab47_crop_subsample_subsample_n10,diffsbdd,mean_qed,1.3,0.382,2.593,0.04128,0.03175,9,18,crop_radius_minus_1.5,"atom_shuffle,coordinate_jitter",997,10,9
colab47_crop_subsample_subsample_n10,diffsbdd,mean_qed,1.691,0.2,3.056,0.05967,0.0353,9,18,crop_radius_minus_1.5,"atom_shuffle,coordinate_jitter",998,10,9
colab47_crop_subsample_subsample_n10,diffsbdd,mean_qed,2.758,0.894,3.907,0.07288,0.02642,9,18,crop_radius_minus_1.5,"atom_shuffle,coordinate_jitter",999,10,9
colab47_crop_subsample_subsample_n10,diffsbdd,mean_qed,0.809,0.17,2.801,0.02315,0.02861,9,18,crop_radius_minus_1.5,"atom_shuffle,coordinate_jitter",1000,10,9
colab47_crop_subsample_subsample_n10,diffsbdd,mean_qed,2.712,0.249,4.471,0.06784,0.02502,9,18,crop_radius_minus_1.5,"atom_shuffle,coordinate_jitter",1001,10,9
colab47_crop_subsample_subsample_n10,diffsbdd,mean_qed,1.765,0.169,2.46,0.05689,0.03224,8,16,crop_radius_minus_1.5,"atom_shuffle,coordinate_jitter",1002,10,8
colab47_crop_subsample_subsample_n10,diffsbdd,mean_qed,1.414,0.529,2.82,0.04563,0.03227,10,20,crop_radius_minus_1.5,"atom_shuffle,coordinate_jitter",1003,10,10
colab47_crop_subsample_subsample_n10,diffsbdd,mean_qed,1.543,0.727,3.164,0.04128,0.02676,9,18,crop_radius_minus_1.5,"atom_shuffle,coordinate_jitter",1004,10,9
colab47_crop_subsample_subsample_n10,diffsbdd,mean_qed,1.942,0.297,3.504,0.06479,0.03335,8,16,crop_radius_minus_1.5,"atom_shuffle,coordinate_jitter",1005,10,8
colab47_crop_subsample_subsample_n10,diffsbdd,mean_qed,1.553,0.813,3.408,0.04563,0.02937,10,20,crop_radius_minus_1.5,"atom_shuffle,coordinate_jitter",1006,10,10
colab47_crop_subsample_subsample_n10,diffsbdd,mean_qed,2.06,0.729,3.743,0.06552,0.0318,9,18,crop_radius_minus_1.5,"atom_shuffle,coordinate_jitter",1007,10,9
colab47_crop_subsample_subsample_n10,diffsbdd,mean_qed,2.025,0.726,5.079,0.05542,0.02736,8,16,crop_radius_minus_1.5,"atom_shuffle,coordinate_jitter",1008,10,8
colab47_crop_subsample_subsample_n10,diffsbdd,mean_qed,1.688,0.583,3.314,0.05368,0.0318,10,20,crop_radius_minus_1.5,"atom_shuffle,coordinate_jitter",1009,10,10
colab47_crop_subsample_subsample_n10,diffsbdd,mean_qed,1.478,0.873,2.997,0.04885,0.03306,10,20,crop_radius_minus_1.5,"atom_shuffle,coordinate_jitter",1010,10,10
colab47_crop_subsample_subsample_n10,diffsbdd,mean_qed,2.262,1.411,2.939,0.07286,0.03221,9,18,crop_radius_minus_1.5,"atom_shuffle,coordinate_jitter",1011,10,9
colab47_crop_subsample_subsample_n10,diffsbdd,mean_qed,1.766,1.024,5.237,0.05694,0.03224,8,16,crop_radius_minus_1.5,"atom_shuffle,coordinate_jitter",1012,10,8
colab47_crop_subsample_subsample_n10,diffsbdd,mean_qed,2.052,1.031,3.332,0.07286,0.03551,9,18,crop_radius_minus_1.5,"atom_shuffle,coordinate_jitter",1013,10,9
colab47_crop_subsample_subsample_n10,diffsbdd,mean_qed,1.214,0.18,2.406,0.03903,0.03215,9,18,crop_radius_minus_1.5,"atom_shuffle,coordinate_jitter",1014,10,9
colab47_crop_subsample_subsample_n10,diffsbdd,mean_qed,1.848,1.019,4.445,0.05296,0.02866,10,20,crop_radius_minus_1.5,"atom_shuffle,coordinate_jitter",1015,10,10
colab47_crop_subsample_subsample_n10,diffsbdd,mean_qed,0.697,0.198,2.758,0.02033,0.02915,9,18,crop_radius_minus_1.5,"atom_shuffle,coordinate_jitter",1016,10,9
colab47_crop_subsample_subsample_n10,diffsbdd,mean_qed,2.913,1.026,11.153,0.06784,0.02329,7,14,crop_radius_minus_1.5,"atom_shuffle,coordinate_jitter",1017,10,7
colab47_crop_subsample_subsample_n10,diffsbdd,mean_qed,1.75,0.382,4.132,0.04477,0.02558,8,16,crop_radius_minus_1.5,"atom_shuffle,coordinate_jitter",1018,10,8
colab47_crop_subsample_subsample_n10,diffsbdd,mean_qed,2.337,0.393,2.95,0.06937,0.02968,8,16,crop_radius_minus_1.5,"atom_shuffle,coordinate_jitter",1019,10,8
colab47_crop_subsample_subsample_n10,diffsbdd,mean_qed,1.255,0.413,2.076,0.03902,0.0311,9,18,crop_radius_minus_1.5,"atom_shuffle,coordinate_jitter",1020,10,9
colab47_crop_subsample_subsample_n10,diffsbdd,mean_qed,1.289,0.3,2.339,0.04364,0.03387,10,20,crop_radius_minus_1.5,"atom_shuffle,coordinate_jitter",1021,10,10
colab47_crop_subsample_subsample_n10,diffsbdd,mean_qed,2.146,1.284,3.185,0.05641,0.02629,9,18,crop_radius_minus_1.5,"atom_shuffle,coordinate_jitter",1022,10,9
colab47_crop_subsample_subsample_n10,diffsbdd,mean_qed,1.588,0.293,3.865,0.03903,0.02458,9,18,crop_radius_minus_1.5,"atom_shuffle,coordinate_jitter",1023,10,9
colab47_crop_subsample_subsample_n10,diffsbdd,mean_qed,2.723,1.203,8.766,0.07193,0.02641,9,18,crop_radius_minus_1.5,"atom_shuffle,coordinate_jitter",1024,10,9
colab47_crop_subsample_subsample_n10,diffsbdd,mean_qed,1.31,0.307,3.122,0.03903,0.02979,7,14,crop_radius_minus_1.5,"atom_shuffle,coordinate_jitter",1025,10,7
colab47_crop_subsample_subsample_n10,diffsbdd,mean_qed,2.219,0.576,5.72,0.05786,0.02607,7,14,crop_radius_minus_1.5,"atom_shuffle,coordinate_jitter",1026,10,7
colab47_crop_subsample_subsample_n10,diffsbdd,mean_qed,1.797,0.807,2.684,0.0562,0.03127,9,18,crop_radius_minus_1.5,"atom_shuffle,coordinate_jitter",1027,10,9
colab47_crop_subsample_subsample_n10,diffsbdd,mean_qed,1.901,0.462,2.758,0.05641,0.02967,9,18,crop_radius_minus_1.5,"atom_shuffle,coordinate_jitter",1028,10,9
colab47_crop_subsample_subsample_n10,diffsbdd,mean_qed,1.008,0.361,1.958,0.04685,0.0465,8,16,crop_radius_minus_1.5,"atom_shuffle,coordinate_jitter",1029,10,8
colab47_crop_subsample_subsample_n10,diffsbdd,mean_qed,2.982,0.454,9.79,0.04747,0.01592,8,16,crop_radius_minus_1.5,"atom_shuffle,coordinate_jitter",1030,10,8
colab47_crop_subsample_subsample_n10,diffsbdd,mean_qed,4.415,0.524,7.441,0.05867,0.01329,8,16,crop_radius_minus_1.5,"atom_shuffle,coordinate_jitter",1031,10,8
colab47_crop_subsample_subsample_n10,diffsbdd,mean_qed,2.33,1.152,4.232,0.07132,0.03061,10,20,crop_radius_minus_1.5,"atom_shuffle,coordinate_jitter",1032,10,10
colab47_crop_subsample_subsample_n10,diffsbdd,mean_qed,2.143,1.185,4.246,0.0709,0.03309,7,14,crop_radius_minus_1.5,"atom_shuffle,coordinate_jitter",1033,10,7
colab47_crop_subsample_subsample_n10,diffsbdd,mean_qed,1.807,1.106,4.327,0.06784,0.03755,9,18,crop_radius_minus_1.5,"atom_shuffle,coordinate_jitter",1034,10,9
colab47_crop_subsample_subsample_n10,diffsbdd,mean_qed,2.301,0.607,4.554,0.07035,0.03057,10,20,crop_radius_minus_1.5,"atom_shuffle,coordinate_jitter",1035,10,10
colab47_crop_subsample_subsample_n10,diffsbdd,mean_qed,2.162,0.678,3.145,0.07338,0.03395,9,18,crop_radius_minus_1.5,"atom_shuffle,coordinate_jitter",1036,10,9
colab47_crop_subsample_subsample_n10,diffsbdd,mean_qed,1.898,0.759,2.7,0.05631,0.02967,8,16,crop_radius_minus_1.5,"atom_shuffle,coordinate_jitter",1037,10,8
colab47_crop_subsample_subsample_n10,diffsbdd,mean_qed,1.472,0.949,2.66,0.04211,0.0286,9,18,crop_radius_minus_1.5,"atom_shuffle,coordinate_jitter",1038,10,9
colab47_crop_subsample_subsample_n10,diffsbdd,mean_qed,2.251,1.322,3.872,0.0562,0.02497,9,18,crop_radius_minus_1.5,"atom_shuffle,coordinate_jitter",1039,10,9
colab47_crop_subsample_subsample_n10,diffsbdd,mean_qed,1.939,0.458,2.889,0.0562,0.02898,9,18,crop_radius_minus_1.5,"atom_shuffle,coordinate_jitter",1040,10,9
colab47_crop_subsample_subsample_n10,diffsbdd,mean_qed,2.104,1.682,3.032,0.06169,0.02932,8,16,crop_radius_minus_1.5,"atom_shuffle,coordinate_jitter",1041,10,8
colab47_crop_subsample_subsample_n10,diffsbdd,mean_qed,1.661,0.408,3.621,0.04015,0.02417,10,20,crop_radius_minus_1.5,"atom_shuffle,coordinate_jitter",1042,10,10
colab47_crop_subsample_subsample_n10,diffsbdd,mean_qed,1.427,0.244,3.086,0.04101,0.02873,10,20,crop_radius_minus_1.5,"atom_shuffle,coordinate_jitter",1043,10,10
colab47_crop_subsample_subsample_n10,diffsbdd,mean_qed,2.443,1.418,4.26,0.07798,0.03192,8,16,crop_radius_minus_1.5,"atom_shuffle,coordinate_jitter",1044,10,8
colab47_crop_subsample_subsample_n10,diffsbdd,mean_qed,1.994,0.837,3.106,0.06366,0.03192,8,16,crop_radius_minus_1.5,"atom_shuffle,coordinate_jitter",1045,10,8
colab47_crop_subsample_subsample_n10,diffsbdd,mean_qed,2.823,1.058,6.778,0.08014,0.02839,10,20,crop_radius_minus_1.5,"atom_shuffle,coordinate_jitter",1046,10,10
colab47_crop_subsample_subsample_n10,diffsbdd,mean_qed,1.205,0.254,2.236,0.03902,0.03237,9,18,crop_radius_minus_1.5,"atom_shuffle,coordinate_jitter",1047,10,9
colab47_crop_subsample_subsample_n10,diffsbdd,mean_qed,1.589,0.266,2.963,0.05641,0.03551,9,18,crop_radius_minus_1.5,"atom_shuffle,coordinate_jitter",1048,10,9
colab47_crop_subsample_subsample_n10,diffsbdd,mean_qed,0.794,0.18,2.702,0.02315,0.02915,9,18,crop_radius_minus_1.5,"atom_shuffle,coordinate_jitter",1049,10,9
colab47_crop_subsample_subsample_n10,diffsbdd,mean_qed,2.149,1.274,3.873,0.06552,0.03049,9,18,crop_radius_minus_1.5,"atom_shuffle,coordinate_jitter",1050,10,9
colab47_crop_subsample_subsample_n10,diffsbdd,mean_qed,1.455,0.754,2.897,0.04336,0.0298,10,20,crop_radius_minus_1.5,"atom_shuffle,coordinate_jitter",1051,10,10
colab47_crop_subsample_subsample_n10,diffsbdd,mean_qed,1.636,0.382,2.631,0.043,0.02629,9,18,crop_radius_minus_1.5,"atom_shuffle,coordinate_jitter",1052,10,9
colab47_crop_subsample_subsample_n10,diffsbdd,mean_qed,1.059,0.164,2.507,0.03903,0.03687,9,18,crop_radius_minus_1.5,"atom_shuffle,coordinate_jitter",1053,10,9
colab47_crop_subsample_subsample_n10,diffsbdd,mean_qed,1.602,0.719,2.677,0.04772,0.02978,10,20,crop_radius_minus_1.5,"atom_shuffle,coordinate_jitter",1054,10,10
colab47_crop_subsample_subsample_n10,diffsbdd,mean_qed,1.789,0.747,3.311,0.05596,0.03128,10,20,crop_radius_minus_1.5,"atom_shuffle,coordinate_jitter",1055,10,10
colab47_crop_subsample_subsample_n10,diffsbdd,mean_qed,1.893,1.214,5.041,0.05641,0.0298,7,14,crop_radius_minus_1.5,"atom_shuffle,coordinate_jitter",1056,10,7
colab47_crop_subsample_subsample_n10,diffsbdd,mean_qed,1.184,0.545,2.748,0.04057,0.03427,10,20,crop_radius_minus_1.5,"atom_shuffle,coordinate_jitter",1057,10,10
colab47_crop_subsample_subsample_n10,diffsbdd,mean_qed,2.565,1.027,3.609,0.07603,0.02964,8,16,crop_radius_minus_1.5,"atom_shuffle,coordinate_jitter",1058,10,8
colab47_crop_subsample_subsample_n10,diffsbdd,mean_qed,2.157,0.161,3.358,0.06552,0.03038,9,18,crop_radius_minus_1.5,"atom_shuffle,coordinate_jitter",1059,10,9
colab47_crop_subsample_subsample_n10,diffsbdd,mean_qed,2.473,0.15,5.589,0.07076,0.02861,8,16,crop_radius_minus_1.5,"atom_shuffle,coordinate_jitter",1060,10,8
colab47_crop_subsample_subsample_n10,diffsbdd,mean_qed,2.86,1.9,4.786,0.0709,0.02479,9,18,crop_radius_minus_1.5,"atom_shuffle,coordinate_jitter",1061,10,9
colab47_crop_subsample_subsample_n10,diffsbdd,mean_qed,1.84,0.365,2.575,0.05641,0.03066,9,18,crop_radius_minus_1.5,"atom_shuffle,coordinate_jitter",1062,10,9
colab47_crop_subsample_subsample_n10,diffsbdd,mean_qed,2.004,0.307,3.381,0.05641,0.02815,9,18,crop_radius_minus_1.5,"atom_shuffle,coordinate_jitter",1063,10,9
colab47_crop_subsample_subsample_n10,diffsbdd,mean_qed,1.703,0.332,4.089,0.043,0.02525,9,18,crop_radius_minus_1.5,"atom_shuffle,coordinate_jitter",1064,10,9
colab47_crop_subsample_subsample_n10,diffsbdd,mean_qed,1.5,0.738,3.22,0.04016,0.02676,10,20,crop_radius_minus_1.5,"atom_shuffle,coordinate_jitter",1065,10,10
colab47_crop_subsample_subsample_n10,diffsbdd,mean_qed,1.993,1.108,3.645,0.05714,0.02866,10,20,crop_radius_minus_1.5,"atom_shuffle,coordinate_jitter",1066,10,10
colab47_crop_subsample_subsample_n10,diffsbdd,mean_qed,2.3,1.611,3.051,0.07548,0.03282,10,20,crop_radius_minus_1.5,"atom_shuffle,coordinate_jitter",1067,10,10
colab47_crop_subsample_subsample_n10,diffsbdd,mean_qed,1.16,0.279,3.069,0.03376,0.02911,9,18,crop_radius_minus_1.5,"atom_shuffle,coordinate_jitter",1068,10,9
colab47_crop_subsample_subsample_n10,diffsbdd,mean_qed,1.392,0.9,2.477,0.04336,0.03114,10,20,crop_radius_minus_1.5,"atom_shuffle,coordinate_jitter",1069,10,10
colab47_crop_subsample_subsample_n10,diffsbdd,mean_qed,2.061,1.221,4.022,0.0734,0.03561,9,18,crop_radius_minus_1.5,"atom_shuffle,coordinate_jitter",1070,10,9
colab47_crop_subsample_subsample_n10,diffsbdd,mean_qed,1.076,0.442,2.8,0.03291,0.03057,9,18,crop_radius_minus_1.5,"atom_shuffle,coordinate_jitter",1071,10,9
colab47_crop_subsample_subsample_n10,diffsbdd,mean_qed,1.537,0.803,3.837,0.04544,0.02957,9,18,crop_radius_minus_1.5,"atom_shuffle,coordinate_jitter",1072,10,9
colab47_crop_subsample_subsample_n10,diffsbdd,mean_qed,2.951,1.338,4.333,0.0734,0.02487,9,18,crop_radius_minus_1.5,"atom_shuffle,coordinate_jitter",1073,10,9
colab47_crop_subsample_subsample_n10,diffsbdd,mean_qed,2.115,0.7,5.299,0.06611,0.03126,8,16,crop_radius_minus_1.5,"atom_shuffle,coordinate_jitter",1074,10,8
colab47_crop_subsample_subsample_n10,diffsbdd,mean_qed,2.014,1.256,2.846,0.0626,0.03108,8,16,crop_radius_minus_1.5,"atom_shuffle,coordinate_jitter",1075,10,8
colab47_crop_subsample_subsample_n10,diffsbdd,mean_qed,1.767,0.29,3.029,0.05641,0.03192,9,18,crop_radius_minus_1.5,"atom_shuffle,coordinate_jitter",1076,10,9
colab47_crop_subsample_subsample_n10,diffsbdd,mean_qed,2.337,1.083,3.874,0.05967,0.02554,9,18,crop_radius_minus_1.5,"atom_shuffle,coordinate_jitter",1077,10,9
colab47_crop_subsample_subsample_n10,diffsbdd,mean_qed,2.313,0.819,3.716,0.06536,0.02826,10,20,crop_radius_minus_1.5,"atom_shuffle,coordinate_jitter",1078,10,10
colab47_crop_subsample_subsample_n10,diffsbdd,mean_qed,2.453,0.352,4.207,0.07193,0.02932,9,18,crop_radius_minus_1.5,"atom_shuffle,coordinate_jitter",1079,10,9
colab47_crop_subsample_subsample_n10,diffsbdd,mean_qed,2.269,0.82,4.43,0.075,0.03306,8,16,crop_radius_minus_1.5,"atom_shuffle,coordinate_jitter",1080,10,8
colab47_crop_subsample_subsample_n10,diffsbdd,mean_qed,2.327,0.488,5.105,0.05368,0.02307,8,16,crop_radius_minus_1.5,"atom_shuffle,coordinate_jitter",1081,10,8
colab47_crop_subsample_subsample_n10,diffsbdd,mean_qed,1.884,0.642,4.443,0.05915,0.03139,10,20,crop_radius_minus_1.5,"atom_shuffle,coordinate_jitter",1082,10,10
colab47_crop_subsample_subsample_n10,diffsbdd,mean_qed,2.527,1.402,4.927,0.07526,0.02978,10,20,crop_radius_minus_1.5,"atom_shuffle,coordinate_jitter",1083,10,10
colab47_crop_subsample_subsample_n10,diffsbdd,mean_qed,1.424,0.645,2.295,0.0562,0.03947,7,14,crop_radius_minus_1.5,"atom_shuffle,coordinate_jitter",1084,10,7
colab47_crop_subsample_subsample_n10,diffsbdd,mean_qed,4.615,2.684,10.323,0.09669,0.02095,9,18,crop_radius_minus_1.5,"atom_shuffle,coordinate_jitter",1085,10,9
colab47_crop_subsample_subsample_n10,diffsbdd,mean_qed,2.403,0.796,5.559,0.06764,0.02815,10,20,crop_radius_minus_1.5,"atom_shuffle,coordinate_jitter",1086,10,10
colab47_crop_subsample_subsample_n10,diffsbdd,mean_qed,1.984,0.944,2.617,0.05967,0.03007,9,18,crop_radius_minus_1.5,"atom_shuffle,coordinate_jitter",1087,10,9
colab47_crop_subsample_subsample_n10,diffsbdd,mean_qed,1.331,0.709,3.517,0.05749,0.04318,8,16,crop_radius_minus_1.5,"atom_shuffle,coordinate_jitter",1088,10,8
colab47_crop_subsample_subsample_n10,diffsbdd,mean_qed,1.421,0.718,2.351,0.04015,0.02826,10,20,crop_radius_minus_1.5,"atom_shuffle,coordinate_jitter",1089,10,10
colab47_crop_subsample_subsample_n10,diffsbdd,mean_qed,0.878,0.374,2.518,0.03903,0.04446,9,18,crop_radius_minus_1.5,"atom_shuffle,coordinate_jitter",1090,10,9
colab47_crop_subsample_subsample_n10,diffsbdd,mean_qed,1.979,0.641,4.303,0.05609,0.02835,10,20,crop_radius_minus_1.5,"atom_shuffle,coordinate_jitter",1091,10,10
colab47_crop_subsample_subsample_n10,diffsbdd,mean_qed,2.149,1.023,4.79,0.07479,0.0348,7,14,crop_radius_minus_1.5,"atom_shuffle,coordinate_jitter",1092,10,7
colab47_crop_subsample_subsample_n10,diffsbdd,mean_qed,2.143,0.844,2.665,0.0709,0.03309,9,18,crop_radius_minus_1.5,"atom_shuffle,coordinate_jitter",1093,10,9
colab47_crop_subsample_subsample_n10,diffsbdd,mean_qed,1.389,0.19,2.447,0.03794,0.02731,10,20,crop_radius_minus_1.5,"atom_shuffle,coordinate_jitter",1094,10,10
colab47_crop_subsample_subsample_n10,diffsbdd,mean_qed,1.545,0.287,2.425,0.04825,0.03123,9,18,crop_radius_minus_1.5,"atom_shuffle,coordinate_jitter",1095,10,9
colab47_crop_subsample_subsample_n10,diffsbdd,mean_qed,2.398,1.062,3.432,0.07809,0.03256,9,18,crop_radius_minus_1.5,"atom_shuffle,coordinate_jitter",1096,10,9
colab47_crop_subsample_subsample_n10,diffsbdd,mean_qed,1.637,0.284,3.547,0.0534,0.03263,8,16,crop_radius_minus_1.5,"atom_shuffle,coordinate_jitter",1097,10,8
colab47_crop_subsample_subsample_n10,diffsbdd,mean_qed,2.232,1.601,2.997,0.06495,0.0291,10,20,crop_radius_minus_1.5,"atom_shuffle,coordinate_jitter",1098,10,10
colab47_crop_subsample_subsample_n10,diffsbdd,mean_qed,1.878,0.685,2.935,0.05285,0.02815,10,20,crop_radius_minus_1.5,"atom_shuffle,coordinate_jitter",1099,10,10
colab47_crop_subsample_subsample_n10,diffsbdd,mean_qed,2.152,1.328,4.444,0.06872,0.03194,10,20,crop_radius_minus_1.5,"atom_shuffle,coordinate_jitter",1100,10,10
colab47_crop_subsample_subsample_n10,diffsbdd,mean_qed,1.729,0.352,2.352,0.05641,0.03263,9,18,crop_radius_minus_1.5,"atom_shuffle,coordinate_jitter",1101,10,9
colab47_crop_subsample_subsample_n10,diffsbdd,mean_qed,1.436,0.321,3.02,0.04625,0.03221,10,20,crop_radius_minus_1.5,"atom_shuffle,coordinate_jitter",1102,10,10
colab47_crop_subsample_subsample_n10,diffsbdd,mean_qed,2.592,1.864,7.604,0.07266,0.02803,10,20,crop_radius_minus_1.5,"atom_shuffle,coordinate_jitter",1103,10,10
colab47_crop_subsample_subsample_n10,diffsbdd,mean_qed,1.497,0.445,2.423,0.04825,0.03224,9,18,crop_radius_minus_1.5,"atom_shuffle,coordinate_jitter",1104,10,9
colab47_crop_subsample_subsample_n10,diffsbdd,mean_qed,2.203,0.226,4.159,0.06202,0.02815,8,16,crop_radius_minus_1.5,"atom_shuffle,coordinate_jitter",1105,10,8
colab47_crop_subsample_subsample_n10,diffsbdd,mean_qed,2.731,1.777,5.428,0.07035,0.02576,8,16,crop_radius_minus_1.5,"atom_shuffle,coordinate_jitter",1106,10,8
colab47_crop_subsample_subsample_n10,diffsbdd,mean_qed,1.376,0.322,2.764,0.04211,0.03062,9,18,crop_radius_minus_1.5,"atom_shuffle,coordinate_jitter",1107,10,9
colab47_crop_subsample_subsample_n10,diffsbdd,mean_qed,2.291,0.378,3.475,0.0658,0.02872,10,20,crop_radius_minus_1.5,"atom_shuffle,coordinate_jitter",1108,10,10
colab47_crop_subsample_subsample_n10,diffsbdd,mean_qed,2.271,1.055,3.506,0.07266,0.032,8,16,crop_radius_minus_1.5,"atom_shuffle,coordinate_jitter",1109,10,8
colab47_crop_subsample_subsample_n10,diffsbdd,mean_qed,2.939,1.727,4.813,0.07288,0.02479,9,18,crop_radius_minus_1.5,"atom_shuffle,coordinate_jitter",1110,10,9
colab47_crop_subsample_subsample_n10,diffsbdd,mean_qed,1.593,0.349,2.665,0.04885,0.03066,8,16,crop_radius_minus_1.5,"atom_shuffle,coordinate_jitter",1111,10,8
colab47_crop_subsample_subsample_n10,diffsbdd,mean_qed,2.332,0.214,4.168,0.06784,0.0291,9,18,crop_radius_minus_1.5,"atom_shuffle,coordinate_jitter",1112,10,9
colab47_crop_subsample_subsample_n10,diffsbdd,mean_qed,1.284,0.384,2.255,0.04102,0.03194,8,16,crop_radius_minus_1.5,"atom_shuffle,coordinate_jitter",1113,10,8
colab47_crop_subsample_subsample_n10,diffsbdd,mean_qed,2.047,1.005,3.474,0.07286,0.0356,9,18,crop_radius_minus_1.5,"atom_shuffle,coordinate_jitter",1114,10,9
colab47_crop_subsample_subsample_n10,diffsbdd,mean_qed,2.13,0.679,3.979,0.05817,0.02731,10,20,crop_radius_minus_1.5,"atom_shuffle,coordinate_jitter",1115,10,10
colab47_crop_subsample_subsample_n10,diffsbdd,mean_qed,2.334,1.142,3.419,0.06764,0.02898,8,16,crop_radius_minus_1.5,"atom_shuffle,coordinate_jitter",1116,10,8
colab47_crop_subsample_subsample_n10,diffsbdd,mean_qed,3.097,0.521,3.854,0.07241,0.02338,8,16,crop_radius_minus_1.5,"atom_shuffle,coordinate_jitter",1117,10,8
colab47_crop_subsample_subsample_n10,diffsbdd,mean_qed,1.873,0.282,4.191,0.05382,0.02873,10,20,crop_radius_minus_1.5,"atom_shuffle,coordinate_jitter",1118,10,10
colab47_crop_subsample_subsample_n10,diffsbdd,mean_qed,2.68,0.417,4.546,0.0562,0.02097,9,18,crop_radius_minus_1.5,"atom_shuffle,coordinate_jitter",1119,10,9
colab47_crop_subsample_subsample_n10,diffsbdd,mean_qed,1.512,0.717,3.172,0.06097,0.04033,8,16,crop_radius_minus_1.5,"atom_shuffle,coordinate_jitter",1120,10,8
colab47_crop_subsample_subsample_n10,diffsbdd,mean_qed,1.219,0.255,1.989,0.03902,0.032,9,18,crop_radius_minus_1.5,"atom_shuffle,coordinate_jitter",1121,10,9
colab47_crop_subsample_subsample_n10,diffsbdd,mean_qed,2.657,1.286,4.006,0.07702,0.02898,10,20,crop_radius_minus_1.5,"atom_shuffle,coordinate_jitter",1122,10,10
colab47_crop_subsample_subsample_n10,diffsbdd,mean_qed,1.716,0.701,4.93,0.05093,0.02967,8,16,crop_radius_minus_1.5,"atom_shuffle,coordinate_jitter",1123,10,8
colab47_crop_subsample_subsample_n10,diffsbdd,mean_qed,2.266,1.577,3.607,0.05786,0.02554,9,18,crop_radius_minus_1.5,"atom_shuffle,coordinate_jitter",1124,10,9
colab47_crop_subsample_subsample_n10,diffsbdd,mean_qed,2.607,0.199,4.275,0.07338,0.02815,9,18,crop_radius_minus_1.5,"atom_shuffle,coordinate_jitter",1125,10,9
colab47_crop_subsample_subsample_n10,diffsbdd,mean_qed,1.844,0.178,3.098,0.05786,0.03138,7,14,crop_radius_minus_1.5,"atom_shuffle,coordinate_jitter",1126,10,7
colab47_crop_subsample_subsample_n10,diffsbdd,mean_qed,2.417,1.197,4.393,0.06355,0.02629,10,20,crop_radius_minus_1.5,"atom_shuffle,coordinate_jitter",1127,10,10
colab47_crop_subsample_subsample_n10,diffsbdd,mean_qed,1.79,0.32,2.88,0.05459,0.03049,10,20,crop_radius_minus_1.5,"atom_shuffle,coordinate_jitter",1128,10,10
colab47_crop_subsample_subsample_n10,diffsbdd,mean_qed,1.564,0.984,2.776,0.05134,0.03282,8,16,crop_radius_minus_1.5,"atom_shuffle,coordinate_jitter",1129,10,8
colab47_crop_subsample_subsample_n10,diffsbdd,mean_qed,1.655,0.948,2.181,0.05296,0.032,10,20,crop_radius_minus_1.5,"atom_shuffle,coordinate_jitter",1130,10,10
colab47_crop_subsample_subsample_n10,diffsbdd,mean_qed,2.094,1.154,4.061,0.05967,0.0285,9,18,crop_radius_minus_1.5,"atom_shuffle,coordinate_jitter",1131,10,9
colab47_crop_subsample_subsample_n10,diffsbdd,mean_qed,3.084,1.7,6.795,0.06784,0.022,9,18,crop_radius_minus_1.5,"atom_shuffle,coordinate_jitter",1132,10,9
colab47_crop_subsample_subsample_n10,diffsbdd,mean_qed,1.709,0.556,2.848,0.05223,0.03055,10,20,crop_radius_minus_1.5,"atom_shuffle,coordinate_jitter",1133,10,10
colab47_crop_subsample_subsample_n10,diffsbdd,mean_qed,2.233,1.31,4.283,0.06784,0.03038,9,18,crop_radius_minus_1.5,"atom_shuffle,coordinate_jitter",1134,10,9
colab47_crop_subsample_subsample_n10,diffsbdd,mean_qed,2.163,1.105,3.825,0.06479,0.02995,10,20,crop_radius_minus_1.5,"atom_shuffle,coordinate_jitter",1135,10,10
colab47_crop_subsample_subsample_n10,diffsbdd,mean_qed,1.906,0.811,6.39,0.06552,0.03437,9,18,crop_radius_minus_1.5,"atom_shuffle,coordinate_jitter",1136,10,9
colab47_crop_subsample_subsample_n10,diffsbdd,mean_qed,2.259,1.691,4.206,0.05967,0.02641,7,14,crop_radius_minus_1.5,"atom_shuffle,coordinate_jitter",1137,10,7
colab47_crop_subsample_subsample_n10,diffsbdd,mean_qed,1.199,0.118,2.239,0.03376,0.02815,7,14,crop_radius_minus_1.5,"atom_shuffle,coordinate_jitter",1138,10,7
colab47_crop_subsample_subsample_n10,diffsbdd,mean_qed,2.28,0.384,3.381,0.06529,0.02863,10,20,crop_radius_minus_1.5,"atom_shuffle,coordinate_jitter",1139,10,10
colab47_crop_subsample_subsample_n10,diffsbdd,mean_qed,1.977,1.004,3.222,0.06495,0.03286,10,20,crop_radius_minus_1.5,"atom_shuffle,coordinate_jitter",1140,10,10
colab47_crop_subsample_subsample_n10,diffsbdd,mean_qed,2.533,1.222,4.333,0.07527,0.02971,10,20,crop_radius_minus_1.5,"atom_shuffle,coordinate_jitter",1141,10,10
colab47_crop_subsample_subsample_n10,diffsbdd,mean_qed,2.369,0.741,4.466,0.06784,0.02863,9,18,crop_radius_minus_1.5,"atom_shuffle,coordinate_jitter",1142,10,9
colab47_crop_subsample_subsample_n10,diffsbdd,mean_qed,1.885,0.176,4.126,0.0495,0.02626,9,18,crop_radius_minus_1.5,"atom_shuffle,coordinate_jitter",1143,10,9
colab47_crop_subsample_subsample_n10,diffsbdd,mean_qed,1.58,0.715,3.565,0.05641,0.03572,9,18,crop_radius_minus_1.5,"atom_shuffle,coordinate_jitter",1144,10,9
colab47_crop_subsample_subsample_n10,diffsbdd,mean_qed,2.062,0.288,3.76,0.05804,0.02815,10,20,crop_radius_minus_1.5,"atom_shuffle,coordinate_jitter",1145,10,10
colab47_crop_subsample_subsample_n10,diffsbdd,mean_qed,2.535,0.583,5.118,0.07266,0.02867,10,20,crop_radius_minus_1.5,"atom_shuffle,coordinate_jitter",1146,10,10
colab47_crop_subsample_subsample_n10,diffsbdd,mean_qed,1.433,0.757,4.708,0.04747,0.03312,10,20,crop_radius_minus_1.5,"atom_shuffle,coordinate_jitter",1147,10,10
colab47_crop_subsample_subsample_n10,diffsbdd,mean_qed,3.106,1.182,4.958,0.06285,0.02023,10,20,crop_radius_minus_1.5,"atom_shuffle,coordinate_jitter",1148,10,10
colab47_crop_subsample_subsample_n10,diffsbdd,mean_qed,2.646,0.161,3.554,0.07288,0.02755,9,18,crop_radius_minus_1.5,"atom_shuffle,coordinate_jitter",1149,10,9
colab47_crop_subsample_subsample_n10,diffsbdd,mean_qed,2.757,1.453,4.397,0.07241,0.02626,10,20,crop_radius_minus_1.5,"atom_shuffle,coordinate_jitter",1150,10,10
colab47_crop_subsample_subsample_n10,diffsbdd,mean_qed,2.06,1.05,3.894,0.06552,0.0318,9,18,crop_radius_minus_1.5,"atom_shuffle,coordinate_jitter",1151,10,9
colab47_crop_subsample_subsample_n10,diffsbdd,mean_qed,1.387,0.34,3.303,0.03903,0.02815,9,18,crop_radius_minus_1.5,"atom_shuffle,coordinate_jitter",1152,10,9
colab47_crop_subsample_subsample_n10,diffsbdd,mean_qed,1.151,0.207,3.638,0.03291,0.0286,9,18,crop_radius_minus_1.5,"atom_shuffle,coordinate_jitter",1153,10,9
colab47_crop_subsample_subsample_n10,diffsbdd,mean_qed,2.818,1.373,4.419,0.07409,0.02629,8,16,crop_radius_minus_1.5,"atom_shuffle,coordinate_jitter",1154,10,8
colab47_crop_subsample_subsample_n10,diffsbdd,mean_qed,1.31,0.682,3.301,0.03903,0.0298,9,18,crop_radius_minus_1.5,"atom_shuffle,coordinate_jitter",1155,10,9
colab47_crop_subsample_subsample_n10,diffsbdd,mean_qed,1.748,0.834,3.043,0.05641,0.03227,9,18,crop_radius_minus_1.5,"atom_shuffle,coordinate_jitter",1156,10,9
colab47_crop_subsample_subsample_n10,diffsbdd,mean_qed,1.828,0.583,2.76,0.05368,0.02937,10,20,crop_radius_minus_1.5,"atom_shuffle,coordinate_jitter",1157,10,10
colab47_crop_subsample_subsample_n10,diffsbdd,mean_qed,1.862,0.835,2.979,0.05786,0.03108,9,18,crop_radius_minus_1.5,"atom_shuffle,coordinate_jitter",1158,10,9
colab47_crop_subsample_subsample_n10,diffsbdd,mean_qed,2.232,1.064,5.339,0.05869,0.02629,8,16,crop_radius_minus_1.5,"atom_shuffle,coordinate_jitter",1159,10,8
colab47_crop_subsample_subsample_n10,diffsbdd,mean_qed,2.905,0.506,4.536,0.06537,0.0225,8,16,crop_radius_minus_1.5,"atom_shuffle,coordinate_jitter",1160,10,8
colab47_crop_subsample_subsample_n10,diffsbdd,mean_qed,1.442,0.239,4.353,0.04141,0.02872,8,16,crop_radius_minus_1.5,"atom_shuffle,coordinate_jitter",1161,10,8
colab47_crop_subsample_subsample_n10,diffsbdd,mean_qed,1.853,1.049,4.338,0.05306,0.02863,8,16,crop_radius_minus_1.5,"atom_shuffle,coordinate_jitter",1162,10,8
colab47_crop_subsample_subsample_n10,diffsbdd,mean_qed,1.268,0.755,2.831,0.04057,0.032,10,20,crop_radius_minus_1.5,"atom_shuffle,coordinate_jitter",1163,10,10
colab47_crop_subsample_subsample_n10,diffsbdd,mean_qed,1.825,0.323,4.81,0.05632,0.03085,10,20,crop_radius_minus_1.5,"atom_shuffle,coordinate_jitter",1164,10,10
colab47_crop_subsample_subsample_n10,diffsbdd,mean_qed,1.617,1.054,2.399,0.05306,0.03282,8,16,crop_radius_minus_1.5,"atom_shuffle,coordinate_jitter",1165,10,8
colab47_crop_subsample_subsample_n10,diffsbdd,mean_qed,2.507,0.971,4.342,0.06536,0.02607,10,20,crop_radius_minus_1.5,"atom_shuffle,coordinate_jitter",1166,10,10
colab47_crop_subsample_subsample_n10,diffsbdd,mean_qed,2.738,1.535,3.899,0.07314,0.02672,10,20,crop_radius_minus_1.5,"atom_shuffle,coordinate_jitter",1167,10,10
colab47_crop_subsample_subsample_n10,diffsbdd,mean_qed,2.038,0.368,3.32,0.06611,0.03244,8,16,crop_radius_minus_1.5,"atom_shuffle,coordinate_jitter",1168,10,8
colab47_crop_subsample_subsample_n10,diffsbdd,mean_qed,1.582,0.436,2.899,0.04844,0.03062,8,16,crop_radius_minus_1.5,"atom_shuffle,coordinate_jitter",1169,10,8
colab47_crop_subsample_subsample_n10,diffsbdd,mean_qed,2.067,0.276,3.22,0.07286,0.03525,9,18,crop_radius_minus_1.5,"atom_shuffle,coordinate_jitter",1170,10,9
colab47_crop_subsample_subsample_n10,diffsbdd,mean_qed,1.255,0.597,2.099,0.03902,0.0311,9,18,crop_radius_minus_1.5,"atom_shuffle,coordinate_jitter",1171,10,9
colab47_crop_subsample_subsample_n10,diffsbdd,mean_qed,1.987,0.764,3.242,0.05223,0.02629,10,20,crop_radius_minus_1.5,"atom_shuffle,coordinate_jitter",1172,10,10
colab47_crop_subsample_subsample_n10,diffsbdd,mean_qed,1.658,0.268,3.588,0.05165,0.03115,10,20,crop_radius_minus_1.5,"atom_shuffle,coordinate_jitter",1173,10,10
colab47_crop_subsample_subsample_n10,diffsbdd,mean_qed,1.661,0.42,3.72,0.04926,0.02967,8,16,crop_radius_minus_1.5,"atom_shuffle,coordinate_jitter",1174,10,8
colab47_crop_subsample_subsample_n10,diffsbdd,mean_qed,2.204,0.251,3.036,0.07286,0.03306,9,18,crop_radius_minus_1.5,"atom_shuffle,coordinate_jitter",1175,10,9
colab47_crop_subsample_subsample_n10,diffsbdd,mean_qed,1.153,0.661,2.258,0.05368,0.04657,10,20,crop_radius_minus_1.5,"atom_shuffle,coordinate_jitter",1176,10,10
colab47_crop_subsample_subsample_n10,diffsbdd,mean_qed,2.349,0.617,4.388,0.07193,0.03062,9,18,crop_radius_minus_1.5,"atom_shuffle,coordinate_jitter",1177,10,9
colab47_crop_subsample_subsample_n10,diffsbdd,mean_qed,1.56,0.763,3.723,0.04224,0.02708,10,20,crop_radius_minus_1.5,"atom_shuffle,coordinate_jitter",1178,10,10
colab47_crop_subsample_subsample_n10,diffsbdd,mean_qed,2.06,1.327,4.078,0.06552,0.0318,9,18,crop_radius_minus_1.5,"atom_shuffle,coordinate_jitter",1179,10,9
colab47_crop_subsample_subsample_n10,diffsbdd,mean_qed,3.113,1.807,6.885,0.06529,0.02097,10,20,crop_radius_minus_1.5,"atom_shuffle,coordinate_jitter",1180,10,10
colab47_crop_subsample_subsample_n10,diffsbdd,mean_qed,2.609,1.771,5.502,0.07479,0.02866,9,18,crop_radius_minus_1.5,"atom_shuffle,coordinate_jitter",1181,10,9
colab47_crop_subsample_subsample_n10,diffsbdd,mean_qed,2.082,1.096,3.097,0.06203,0.02978,10,20,crop_radius_minus_1.5,"atom_shuffle,coordinate_jitter",1182,10,10
colab47_crop_subsample_subsample_n10,diffsbdd,mean_qed,2.092,0.593,2.752,0.06552,0.03132,9,18,crop_radius_minus_1.5,"atom_shuffle,coordinate_jitter",1183,10,9
colab47_crop_subsample_subsample_n10,diffsbdd,mean_qed,1.203,0.332,3.647,0.0396,0.03291,10,20,crop_radius_minus_1.5,"atom_shuffle,coordinate_jitter",1184,10,10
colab47_crop_subsample_subsample_n10,diffsbdd,mean_qed,1.619,1.038,2.374,0.04825,0.0298,9,18,crop_radius_minus_1.5,"atom_shuffle,coordinate_jitter",1185,10,9
colab47_crop_subsample_subsample_n10,diffsbdd,mean_qed,1.206,0.591,3.058,0.04544,0.03768,9,18,crop_radius_minus_1.5,"atom_shuffle,coordinate_jitter",1186,10,9
colab47_crop_subsample_subsample_n10,diffsbdd,mean_qed,2.339,1.315,3.492,0.07314,0.03128,10,20,crop_radius_minus_1.5,"atom_shuffle,coordinate_jitter",1187,10,10
colab47_crop_subsample_subsample_n10,diffsbdd,mean_qed,2.337,0.972,4.001,0.06552,0.02803,9,18,crop_radius_minus_1.5,"atom_shuffle,coordinate_jitter",1188,10,9
colab47_crop_subsample_subsample_n10,diffsbdd,mean_qed,1.972,0.279,4.09,0.05641,0.02861,9,18,crop_radius_minus_1.5,"atom_shuffle,coordinate_jitter",1189,10,9
colab47_crop_subsample_subsample_n10,diffsbdd,mean_qed,2.453,1.54,3.696,0.0734,0.02992,9,18,crop_radius_minus_1.5,"atom_shuffle,coordinate_jitter",1190,10,9
colab47_crop_subsample_subsample_n10,diffsbdd,mean_qed,2.425,0.194,4.94,0.06784,0.02797,9,18,crop_radius_minus_1.5,"atom_shuffle,coordinate_jitter",1191,10,9
colab47_crop_subsample_subsample_n10,diffsbdd,mean_qed,1.467,0.777,2.578,0.05223,0.03561,10,20,crop_radius_minus_1.5,"atom_shuffle,coordinate_jitter",1192,10,10
colab47_crop_subsample_subsample_n10,diffsbdd,mean_qed,1.679,0.626,3.276,0.05641,0.03361,7,14,crop_radius_minus_1.5,"atom_shuffle,coordinate_jitter",1193,10,7
colab47_crop_subsample_subsample_n10,diffsbdd,mean_qed,1.315,0.497,2.234,0.03903,0.02967,9,18,crop_radius_minus_1.5,"atom_shuffle,coordinate_jitter",1194,10,9
colab47_crop_subsample_subsample_n10,diffsbdd,mean_qed,1.545,1.132,2.843,0.04825,0.03123,7,14,crop_radius_minus_1.5,"atom_shuffle,coordinate_jitter",1195,10,7
colab47_crop_subsample_subsample_n10,diffsbdd,mean_qed,3.17,1.404,5.353,0.08691,0.02742,9,18,crop_radius_minus_1.5,"atom_shuffle,coordinate_jitter",1196,10,9
colab47_crop_subsample_subsample_n10,diffsbdd,mean_qed,1.858,0.638,2.877,0.05786,0.03114,9,18,crop_radius_minus_1.5,"atom_shuffle,coordinate_jitter",1197,10,9
colab47_crop_subsample_subsample_n10,diffsbdd,mean_qed,2.514,0.75,4.465,0.07193,0.02861,9,18,crop_radius_minus_1.5,"atom_shuffle,coordinate_jitter",1198,10,9
colab47_crop_subsample_subsample_n10,diffsbdd,mean_qed,2.26,1.588,3.571,0.07286,0.03224,9,18,crop_radius_minus_1.5,"atom_shuffle,coordinate_jitter",1199,10,9
colab47_crop_subsample_subsample_n10,diffsbdd,mean_qed,3.264,1.592,7.578,0.07713,0.02363,9,18,crop_radius_minus_1.5,"atom_shuffle,coordinate_jitter",1200,10,9
colab47_crop_subsample_subsample_n10,diffsbdd,mean_qed,2.75,1.375,5.669,0.0724,0.02632,10,20,crop_radius_minus_1.5,"atom_shuffle,coordinate_jitter",1201,10,10
colab47_crop_subsample_subsample_n10,diffsbdd,mean_qed,2.484,0.213,4.27,0.06784,0.02731,9,18,crop_radius_minus_1.5,"atom_shuffle,coordinate_jitter",1202,10,9
colab47_crop_subsample_subsample_n10,diffsbdd,mean_qed,2.233,1.231,4.521,0.07061,0.03162,10,20,crop_radius_minus_1.5,"atom_shuffle,coordinate_jitter",1203,10,10
colab47_crop_subsample_subsample_n10,diffsbdd,mean_qed,1.145,0.684,2.438,0.03903,0.0341,9,18,crop_radius_minus_1.5,"atom_shuffle,coordinate_jitter",1204,10,9
colab47_crop_subsample_subsample_n10,diffsbdd,mean_qed,1.803,0.736,2.887,0.05631,0.03123,8,16,crop_radius_minus_1.5,"atom_shuffle,coordinate_jitter",1205,10,8
colab47_crop_subsample_subsample_n10,diffsbdd,mean_qed,1.917,0.639,3.079,0.06097,0.0318,10,20,crop_radius_minus_1.5,"atom_shuffle,coordinate_jitter",1206,10,10
colab47_crop_subsample_subsample_n10,diffsbdd,mean_qed,1.955,0.356,2.945,0.05631,0.0288,10,20,crop_radius_minus_1.5,"atom_shuffle,coordinate_jitter",1207,10,10
colab47_crop_subsample_subsample_n10,diffsbdd,mean_qed,1.19,0.279,2.526,0.04102,0.03447,10,20,crop_radius_minus_1.5,"atom_shuffle,coordinate_jitter",1208,10,10
colab47_crop_subsample_subsample_n10,diffsbdd,mean_qed,1.065,0.235,2.422,0.02845,0.02672,8,16,crop_radius_minus_1.5,"atom_shuffle,coordinate_jitter",1209,10,8
colab47_crop_subsample_subsample_n10,diffsbdd,mean_qed,1.847,0.761,3.638,0.05165,0.02797,10,20,crop_radius_minus_1.5,"atom_shuffle,coordinate_jitter",1210,10,10
colab47_crop_subsample_subsample_n10,diffsbdd,mean_qed,2.262,1.41,4.332,0.06872,0.03038,10,20,crop_radius_minus_1.5,"atom_shuffle,coordinate_jitter",1211,10,10
colab47_crop_subsample_subsample_n10,diffsbdd,mean_qed,1.46,0.166,3.516,0.04256,0.02915,10,20,crop_radius_minus_1.5,"atom_shuffle,coordinate_jitter",1212,10,10
colab47_crop_subsample_subsample_n10,diffsbdd,mean_qed,1.92,0.649,3.235,0.05751,0.02995,10,20,crop_radius_minus_1.5,"atom_shuffle,coordinate_jitter",1213,10,10
colab47_crop_subsample_subsample_n10,diffsbdd,mean_qed,2.439,0.995,3.978,0.06821,0.02797,10,20,crop_radius_minus_1.5,"atom_shuffle,coordinate_jitter",1214,10,10
colab47_crop_subsample_subsample_n10,diffsbdd,mean_qed,1.503,0.466,3.783,0.043,0.0286,9,18,crop_radius_minus_1.5,"atom_shuffle,coordinate_jitter",1215,10,9
colab47_crop_subsample_subsample_n10,diffsbdd,mean_qed,3.139,0.609,4.816,0.06784,0.02161,9,18,crop_radius_minus_1.5,"atom_shuffle,coordinate_jitter",1216,10,9
colab47_crop_subsample_subsample_n10,diffsbdd,mean_qed,1.594,0.332,2.36,0.05641,0.03539,9,18,crop_radius_minus_1.5,"atom_shuffle,coordinate_jitter",1217,10,9
colab47_crop_subsample_subsample_n10,diffsbdd,mean_qed,1.41,0.359,1.999,0.04544,0.03224,9,18,crop_radius_minus_1.5,"atom_shuffle,coordinate_jitter",1218,10,9
colab47_crop_subsample_subsample_n10,diffsbdd,mean_qed,2.092,0.97,2.692,0.06552,0.03132,9,18,crop_radius_minus_1.5,"atom_shuffle,coordinate_jitter",1219,10,9
colab47_crop_subsample_subsample_n10,diffsbdd,mean_qed,2.222,0.398,2.995,0.07193,0.03237,9,18,crop_radius_minus_1.5,"atom_shuffle,coordinate_jitter",1220,10,9
colab47_crop_subsample_subsample_n10,diffsbdd,mean_qed,1.541,0.891,3.156,0.05786,0.03755,9,18,crop_radius_minus_1.5,"atom_shuffle,coordinate_jitter",1221,10,9
colab47_crop_subsample_subsample_n10,diffsbdd,mean_qed,1.388,0.235,2.628,0.04256,0.03066,10,20,crop_radius_minus_1.5,"atom_shuffle,coordinate_jitter",1222,10,10
colab47_crop_subsample_subsample_n10,diffsbdd,mean_qed,2.736,1.677,6.994,0.06611,0.02417,10,20,crop_radius_minus_1.5,"atom_shuffle,coordinate_jitter",1223,10,10
colab47_crop_subsample_subsample_n10,diffsbdd,mean_qed,0.547,0.18,2.238,0.01569,0.02866,10,20,crop_radius_minus_1.5,"atom_shuffle,coordinate_jitter",1224,10,10
colab47_crop_subsample_subsample_n10,diffsbdd,mean_qed,1.546,0.684,2.241,0.05368,0.03472,10,20,crop_radius_minus_1.5,"atom_shuffle,coordinate_jitter",1225,10,10
colab47_crop_subsample_subsample_n10,diffsbdd,mean_qed,2.385,0.369,6.294,0.05967,0.02502,9,18,crop_radius_minus_1.5,"atom_shuffle,coordinate_jitter",1226,10,9
colab47_crop_subsample_subsample_n10,diffsbdd,mean_qed,2.275,0.458,3.164,0.06627,0.02913,10,20,crop_radius_minus_1.5,"atom_shuffle,coordinate_jitter",1227,10,10
colab47_crop_subsample_subsample_n10,diffsbdd,mean_qed,1.522,1.004,2.735,0.04518,0.02968,8,16,crop_radius_minus_1.5,"atom_shuffle,coordinate_jitter",1228,10,8
colab47_crop_subsample_subsample_n10,diffsbdd,mean_qed,2.71,0.991,4.762,0.06784,0.02503,9,18,crop_radius_minus_1.5,"atom_shuffle,coordinate_jitter",1229,10,9
colab47_crop_subsample_subsample_n10,diffsbdd,mean_qed,2.435,1.337,4.429,0.07453,0.03061,8,16,crop_radius_minus_1.5,"atom_shuffle,coordinate_jitter",1230,10,8
colab47_crop_subsample_subsample_n10,diffsbdd,mean_qed,1.056,0.211,2.318,0.03446,0.03263,10,20,crop_radius_minus_1.5,"atom_shuffle,coordinate_jitter",1231,10,10
colab47_crop_subsample_subsample_n10,diffsbdd,mean_qed,2.333,1.065,2.777,0.07142,0.03062,10,20,crop_radius_minus_1.5,"atom_shuffle,coordinate_jitter",1232,10,10
colab47_crop_subsample_subsample_n10,diffsbdd,mean_qed,1.922,0.308,3.973,0.04128,0.02148,7,14,crop_radius_minus_1.5,"atom_shuffle,coordinate_jitter",1233,10,7
colab47_crop_subsample_subsample_n10,diffsbdd,mean_qed,1.866,0.34,4.493,0.05459,0.02926,10,20,crop_radius_minus_1.5,"atom_shuffle,coordinate_jitter",1234,10,10
colab47_crop_subsample_subsample_n10,diffsbdd,mean_qed,2.163,1.112,4.475,0.05714,0.02641,10,20,crop_radius_minus_1.5,"atom_shuffle,coordinate_jitter",1235,10,10
colab47_crop_subsample_subsample_n10,diffsbdd,mean_qed,2.147,0.334,3.844,0.06862,0.03197,8,16,crop_radius_minus_1.5,"atom_shuffle,coordinate_jitter",1236,10,8
colab47_crop_subsample_subsample_n10,diffsbdd,mean_qed,0.791,0.166,2.402,0.02315,0.02926,9,18,crop_radius_minus_1.5,"atom_shuffle,coordinate_jitter",1237,10,9
colab47_crop_subsample_subsample_n10,diffsbdd,mean_qed,1.62,0.387,2.237,0.04825,0.02979,9,18,crop_radius_minus_1.5,"atom_shuffle,coordinate_jitter",1238,10,9
colab47_crop_subsample_subsample_n10,diffsbdd,mean_qed,2.953,0.835,5.962,0.07313,0.02476,8,16,crop_radius_minus_1.5,"atom_shuffle,coordinate_jitter",1239,10,8
colab47_crop_subsample_subsample_n10,diffsbdd,mean_qed,3.698,2.008,8.347,0.08739,0.02363,8,16,crop_radius_minus_1.5,"atom_shuffle,coordinate_jitter",1240,10,8
colab47_crop_subsample_subsample_n10,diffsbdd,mean_qed,2.057,0.926,4.942,0.05459,0.02653,10,20,crop_radius_minus_1.5,"atom_shuffle,coordinate_jitter",1241,10,10
colab47_crop_subsample_subsample_n10,diffsbdd,mean_qed,2.263,0.876,2.971,0.07287,0.03221,10,20,crop_radius_minus_1.5,"atom_shuffle,coordinate_jitter",1242,10,10
colab47_crop_subsample_subsample_n10,diffsbdd,mean_qed,3.073,1.985,4.367,0.06438,0.02095,8,16,crop_radius_minus_1.5,"atom_shuffle,coordinate_jitter",1243,10,8
colab47_crop_subsample_subsample_n10,diffsbdd,mean_qed,2.519,1.482,3.986,0.0709,0.02815,9,18,crop_radius_minus_1.5,"atom_shuffle,coordinate_jitter",1244,10,9
colab47_crop_subsample_subsample_n10,diffsbdd,mean_qed,2.89,1.611,4.104,0.07287,0.02522,10,20,crop_radius_minus_1.5,"atom_shuffle,coordinate_jitter",1245,10,10
colab47_crop_subsample_subsample_n10,diffsbdd,mean_qed,2.875,0.526,3.87,0.0655,0.02279,8,16,crop_radius_minus_1.5,"atom_shuffle,coordinate_jitter",1246,10,8
colab47_crop_subsample_subsample_n10,diffsbdd,mean_qed,3.238,1.848,7.021,0.06784,0.02095,9,18,crop_radius_minus_1.5,"atom_shuffle,coordinate_jitter",1247,10,9
colab47_crop_subsample_subsample_n10,diffsbdd,mean_qed,4.222,1.2,7.617,0.07338,0.01738,9,18,crop_radius_minus_1.5,"atom_shuffle,coordinate_jitter",1248,10,9
colab47_crop_subsample_subsample_n10,diffsbdd,mean_qed,1.319,0.749,3.156,0.04685,0.03551,10,20,crop_radius_minus_1.5,"atom_shuffle,coordinate_jitter",1249,10,10
colab47_crop_subsample_subsample_n10,diffsbdd,mean_qed,2.158,0.929,3.779,0.06438,0.02983,9,18,crop_radius_minus_1.5,"atom_shuffle,coordinate_jitter",1250,10,9
colab47_crop_subsample_subsample_n10,diffsbdd,mean_qed,1.223,0.339,1.828,0.04057,0.03318,10,20,crop_radius_minus_1.5,"atom_shuffle,coordinate_jitter",1251,10,10
colab47_crop_subsample_subsample_n10,diffsbdd,mean_qed,1.769,0.827,3.668,0.04999,0.02826,10,20,crop_radius_minus_1.5,"atom_shuffle,coordinate_jitter",1252,10,10
colab47_crop_subsample_subsample_n10,diffsbdd,mean_qed,2.461,1.597,6.935,0.07142,0.02901,10,20,crop_radius_minus_1.5,"atom_shuffle,coordinate_jitter",1253,10,10
colab47_crop_subsample_subsample_n10,diffsbdd,mean_qed,2.548,0.757,3.479,0.07286,0.0286,9,18,crop_radius_minus_1.5,"atom_shuffle,coordinate_jitter",1254,10,9
colab47_crop_subsample_subsample_n10,diffsbdd,mean_qed,1.151,0.357,2.66,0.03639,0.03162,10,20,crop_radius_minus_1.5,"atom_shuffle,coordinate_jitter",1255,10,10
colab47_crop_subsample_subsample_n10,diffsbdd,mean_qed,1.442,0.282,2.436,0.05165,0.03583,10,20,crop_radius_minus_1.5,"atom_shuffle,coordinate_jitter",1256,10,10
colab47_crop_subsample_subsample_n10,diffsbdd,mean_qed,2.124,1.186,3.737,0.07266,0.0342,10,20,crop_radius_minus_1.5,"atom_shuffle,coordinate_jitter",1257,10,10
colab47_crop_subsample_subsample_n10,diffsbdd,mean_qed,1.531,0.746,2.588,0.04563,0.0298,10,20,crop_radius_minus_1.5,"atom_shuffle,coordinate_jitter",1258,10,10
colab47_crop_subsample_subsample_n10,diffsbdd,mean_qed,2.456,1.316,4.611,0.06764,0.02755,10,20,crop_radius_minus_1.5,"atom_shuffle,coordinate_jitter",1259,10,10
colab47_crop_subsample_subsample_n10,diffsbdd,mean_qed,1.148,0.321,3.614,0.03108,0.02708,8,16,crop_radius_minus_1.5,"atom_shuffle,coordinate_jitter",1260,10,8
colab47_crop_subsample_subsample_n10,diffsbdd,mean_qed,0.946,0.192,4.077,0.02033,0.02148,9,18,crop_radius_minus_1.5,"atom_shuffle,coordinate_jitter",1261,10,9
colab47_crop_subsample_subsample_n10,diffsbdd,mean_qed,1.917,0.318,3.791,0.05915,0.03085,8,16,crop_radius_minus_1.5,"atom_shuffle,coordinate_jitter",1262,10,8
colab47_crop_subsample_subsample_n10,diffsbdd,mean_qed,1.381,0.237,4.554,0.04544,0.03291,9,18,crop_radius_minus_1.5,"atom_shuffle,coordinate_jitter",1263,10,9
colab47_crop_subsample_subsample_n10,diffsbdd,mean_qed,3.357,0.33,7.997,0.0734,0.02187,7,14,crop_radius_minus_1.5,"atom_shuffle,coordinate_jitter",1264,10,7
colab47_crop_subsample_subsample_n10,diffsbdd,mean_qed,1.653,0.569,3.133,0.04935,0.02985,10,20,crop_radius_minus_1.5,"atom_shuffle,coordinate_jitter",1265,10,10
colab47_crop_subsample_subsample_n10,diffsbdd,mean_qed,2.138,0.847,4.544,0.06495,0.03038,10,20,crop_radius_minus_1.5,"atom_shuffle,coordinate_jitter",1266,10,10
colab47_crop_subsample_subsample_n10,diffsbdd,mean_qed,1.501,0.837,3.478,0.05641,0.03758,9,18,crop_radius_minus_1.5,"atom_shuffle,coordinate_jitter",1267,10,9
colab47_crop_subsample_subsample_n10,diffsbdd,mean_qed,2.109,1.092,3.42,0.06112,0.02898,10,20,crop_radius_minus_1.5,"atom_shuffle,coordinate_jitter",1268,10,10
colab47_crop_subsample_subsample_n10,diffsbdd,mean_qed,1.803,0.803,3.47,0.05343,0.02964,8,16,crop_radius_minus_1.5,"atom_shuffle,coordinate_jitter",1269,10,8
colab47_crop_subsample_subsample_n10,diffsbdd,mean_qed,1.567,0.343,2.735,0.0357,0.02279,8,16,crop_radius_minus_1.5,"atom_shuffle,coordinate_jitter",1270,10,8
colab47_crop_subsample_subsample_n10,diffsbdd,mean_qed,1.692,0.689,2.83,0.05048,0.02983,8,16,crop_radius_minus_1.5,"atom_shuffle,coordinate_jitter",1271,10,8
colab47_crop_subsample_subsample_n10,diffsbdd,mean_qed,0.883,0.628,1.911,0.04685,0.05308,10,20,crop_radius_minus_1.5,"atom_shuffle,coordinate_jitter",1272,10,10
colab47_crop_subsample_subsample_n10,diffsbdd,mean_qed,2.377,0.445,3.434,0.07288,0.03066,9,18,crop_radius_minus_1.5,"atom_shuffle,coordinate_jitter",1273,10,9
colab47_crop_subsample_subsample_n10,diffsbdd,mean_qed,2.406,1.082,4.877,0.07479,0.03109,9,18,crop_radius_minus_1.5,"atom_shuffle,coordinate_jitter",1274,10,9
colab47_crop_subsample_subsample_n10,diffsbdd,mean_qed,1.432,0.798,4.224,0.04544,0.03173,9,18,crop_radius_minus_1.5,"atom_shuffle,coordinate_jitter",1275,10,9
colab47_crop_subsample_subsample_n10,diffsbdd,mean_qed,3.198,0.952,6.896,0.07479,0.02339,9,18,crop_radius_minus_1.5,"atom_shuffle,coordinate_jitter",1276,10,9
colab47_crop_subsample_subsample_n10,diffsbdd,mean_qed,2.967,1.877,6.886,0.07501,0.02528,8,16,crop_radius_minus_1.5,"atom_shuffle,coordinate_jitter",1277,10,8
colab47_crop_subsample_subsample_n10,diffsbdd,mean_qed,2.099,0.992,3.501,0.06946,0.03309,10,20,crop_radius_minus_1.5,"atom_shuffle,coordinate_jitter",1278,10,10
colab47_crop_subsample_subsample_n10,diffsbdd,mean_qed,2.807,0.29,4.691,0.0495,0.01764,9,18,crop_radius_minus_1.5,"atom_shuffle,coordinate_jitter",1279,10,9
colab47_crop_subsample_subsample_n10,diffsbdd,mean_qed,2.042,0.293,3.317,0.05877,0.02878,10,20,crop_radius_minus_1.5,"atom_shuffle,coordinate_jitter",1280,10,10
colab47_crop_subsample_subsample_n10,diffsbdd,mean_qed,2.337,0.853,4.398,0.06937,0.02968,10,20,crop_radius_minus_1.5,"atom_shuffle,coordinate_jitter",1281,10,10
colab47_crop_subsample_subsample_n10,diffsbdd,mean_qed,1.567,0.493,2.344,0.05306,0.03387,10,20,crop_radius_minus_1.5,"atom_shuffle,coordinate_jitter",1282,10,10
colab47_crop_subsample_subsample_n10,diffsbdd,mean_qed,1.56,0.763,2.749,0.04364,0.02797,10,20,crop_radius_minus_1.5,"atom_shuffle,coordinate_jitter",1283,10,10
colab47_crop_subsample_subsample_n10,diffsbdd,mean_qed,1.139,0.666,1.92,0.03639,0.03194,10,20,crop_radius_minus_1.5,"atom_shuffle,coordinate_jitter",1284,10,10
colab47_crop_subsample_subsample_n10,diffsbdd,mean_qed,3.001,0.481,4.125,0.06562,0.02187,10,20,crop_radius_minus_1.5,"atom_shuffle,coordinate_jitter",1285,10,10
colab47_crop_subsample_subsample_n10,diffsbdd,mean_qed,0.76,0.16,2.428,0.04825,0.06348,9,18,crop_radius_minus_1.5,"atom_shuffle,coordinate_jitter",1286,10,9
colab47_crop_subsample_subsample_n10,diffsbdd,mean_qed,2.371,1.519,3.549,0.07384,0.03114,10,20,crop_radius_minus_1.5,"atom_shuffle,coordinate_jitter",1287,10,10
colab47_crop_subsample_subsample_n10,diffsbdd,mean_qed,1.672,0.309,2.519,0.06552,0.03918,9,18,crop_radius_minus_1.5,"atom_shuffle,coordinate_jitter",1288,10,9
colab47_crop_subsample_subsample_n10,diffsbdd,mean_qed,2.241,1.225,3.49,0.07312,0.03263,10,20,crop_radius_minus_1.5,"atom_shuffle,coordinate_jitter",1289,10,10
colab47_crop_subsample_subsample_n10,diffsbdd,mean_qed,1.819,0.365,3.765,0.04477,0.02461,10,20,crop_radius_minus_1.5,"atom_shuffle,coordinate_jitter",1290,10,10
colab47_crop_subsample_subsample_n10,diffsbdd,mean_qed,2.704,1.745,4.564,0.07527,0.02783,10,20,crop_radius_minus_1.5,"atom_shuffle,coordinate_jitter",1291,10,10
colab47_crop_subsample_subsample_n10,diffsbdd,mean_qed,1.628,0.241,2.936,0.043,0.02642,9,18,crop_radius_minus_1.5,"atom_shuffle,coordinate_jitter",1292,10,9
colab47_crop_subsample_subsample_n10,diffsbdd,mean_qed,2.831,1.048,7.491,0.0709,0.02505,9,18,crop_radius_minus_1.5,"atom_shuffle,coordinate_jitter",1293,10,9
colab47_crop_subsample_subsample_n10,diffsbdd,mean_qed,1.264,0.183,2.976,0.03376,0.02672,9,18,crop_radius_minus_1.5,"atom_shuffle,coordinate_jitter",1294,10,9
colab47_crop_subsample_subsample_n10,diffsbdd,mean_qed,1.361,0.253,2.758,0.03902,0.02866,9,18,crop_radius_minus_1.5,"atom_shuffle,coordinate_jitter",1295,10,9
colab47_crop_subsample_subsample_n10,diffsbdd,mean_qed,1.92,1.176,3.52,0.07188,0.03743,10,20,crop_radius_minus_1.5,"atom_shuffle,coordinate_jitter",1296,10,10
colab47_crop_subsample_subsample_n10,diffsbdd,mean_qed,2.504,1.986,4.836,0.07799,0.03114,8,16,crop_radius_minus_1.5,"atom_shuffle,coordinate_jitter",1297,10,8
colab47_crop_subsample_subsample_n10,diffsbdd,mean_qed,2.613,0.214,3.964,0.08202,0.03139,10,20,crop_radius_minus_1.5,"atom_shuffle,coordinate_jitter",1298,10,10
colab47_crop_subsample_subsample_n10,diffsbdd,mean_qed,1.959,1.264,4.046,0.06611,0.03374,10,20,crop_radius_minus_1.5,"atom_shuffle,coordinate_jitter",1299,10,10
colab47_crop_subsample_subsample_n10,diffsbdd,mean_qed,2.146,0.925,4.796,0.05368,0.02502,8,16,crop_radius_minus_1.5,"atom_shuffle,coordinate_jitter",1300,10,8
colab47_crop_subsample_subsample_n10,diffsbdd,mean_qed,1.416,0.184,3.109,0.04128,0.02914,9,18,crop_radius_minus_1.5,"atom_shuffle,coordinate_jitter",1301,10,9
colab47_crop_subsample_subsample_n10,diffsbdd,mean_qed,2.546,0.464,5.135,0.07193,0.02826,9,18,crop_radius_minus_1.5,"atom_shuffle,coordinate_jitter",1302,10,9
colab47_crop_subsample_subsample_n10,diffsbdd,mean_qed,1.312,0.199,2.167,0.04256,0.03244,8,16,crop_radius_minus_1.5,"atom_shuffle,coordinate_jitter",1303,10,8
colab47_crop_subsample_subsample_n10,diffsbdd,mean_qed,1.454,0.676,2.324,0.04825,0.03318,9,18,crop_radius_minus_1.5,"atom_shuffle,coordinate_jitter",1304,10,9
colab47_crop_subsample_subsample_n10,diffsbdd,mean_qed,3.345,0.65,8.034,0.06305,0.01885,8,16,crop_radius_minus_1.5,"atom_shuffle,coordinate_jitter",1305,10,8
colab47_crop_subsample_subsample_n10,diffsbdd,mean_qed,0.935,0.721,2.22,0.043,0.046,9,18,crop_radius_minus_1.5,"atom_shuffle,coordinate_jitter",1306,10,9
colab47_crop_subsample_subsample_n10,diffsbdd,mean_qed,1.229,0.32,2.408,0.04364,0.03551,8,16,crop_radius_minus_1.5,"atom_shuffle,coordinate_jitter",1307,10,8
colab47_crop_subsample_subsample_n10,diffsbdd,mean_qed,1.934,0.902,2.354,0.05631,0.02911,10,20,crop_radius_minus_1.5,"atom_shuffle,coordinate_jitter",1308,10,10
colab47_crop_subsample_subsample_n10,diffsbdd,mean_qed,3.178,0.522,5.568,0.08116,0.02554,9,18,crop_radius_minus_1.5,"atom_shuffle,coordinate_jitter",1309,10,9
colab47_crop_subsample_subsample_n10,diffsbdd,mean_qed,1.855,0.907,2.781,0.05794,0.03123,10,20,crop_radius_minus_1.5,"atom_shuffle,coordinate_jitter",1310,10,10
colab47_crop_subsample_subsample_n10,diffsbdd,mean_qed,2.027,1.063,3.906,0.0604,0.0298,10,20,crop_radius_minus_1.5,"atom_shuffle,coordinate_jitter",1311,10,10
colab47_crop_subsample_subsample_n10,diffsbdd,mean_qed,1.577,1.065,3.624,0.0495,0.03138,9,18,crop_radius_minus_1.5,"atom_shuffle,coordinate_jitter",1312,10,9
colab47_crop_subsample_subsample_n10,diffsbdd,mean_qed,1.86,0.376,2.355,0.05641,0.03033,9,18,crop_radius_minus_1.5,"atom_shuffle,coordinate_jitter",1313,10,9
colab47_crop_subsample_subsample_n10,diffsbdd,mean_qed,1.534,0.66,2.344,0.04762,0.03104,8,16,crop_radius_minus_1.5,"atom_shuffle,coordinate_jitter",1314,10,8
colab47_crop_subsample_subsample_n10,diffsbdd,mean_qed,2.229,1.54,3.633,0.06919,0.03104,8,16,crop_radius_minus_1.5,"atom_shuffle,coordinate_jitter",1315,10,8
colab47_crop_subsample_subsample_n10,diffsbdd,mean_qed,2.472,0.174,3.969,0.07963,0.03221,8,16,crop_radius_minus_1.5,"atom_shuffle,coordinate_jitter",1316,10,8
colab47_crop_subsample_subsample_n10,diffsbdd,mean_qed,2.19,0.829,2.783,0.07288,0.03328,9,18,crop_radius_minus_1.5,"atom_shuffle,coordinate_jitter",1317,10,9
colab47_crop_subsample_subsample_n10,diffsbdd,mean_qed,3.783,0.353,4.915,0.07193,0.01901,9,18,crop_radius_minus_1.5,"atom_shuffle,coordinate_jitter",1318,10,9
colab47_crop_subsample_subsample_n10,diffsbdd,mean_qed,1.559,0.179,3.93,0.04544,0.02915,9,18,crop_radius_minus_1.5,"atom_shuffle,coordinate_jitter",1319,10,9
colab47_crop_subsample_subsample_n10,diffsbdd,mean_qed,1.911,0.365,3.701,0.05459,0.02857,10,20,crop_radius_minus_1.5,"atom_shuffle,coordinate_jitter",1320,10,10
colab47_crop_subsample_subsample_n10,diffsbdd,mean_qed,2.45,0.188,4.072,0.07142,0.02915,8,16,crop_radius_minus_1.5,"atom_shuffle,coordinate_jitter",1321,10,8
colab47_crop_subsample_subsample_n10,diffsbdd,mean_qed,1.764,0.772,2.539,0.06056,0.03433,8,16,crop_radius_minus_1.5,"atom_shuffle,coordinate_jitter",1322,10,8
colab47_crop_subsample_subsample_n10,diffsbdd,mean_qed,1.772,0.853,4.5,0.04128,0.02329,9,18,crop_radius_minus_1.5,"atom_shuffle,coordinate_jitter",1323,10,9
colab47_crop_subsample_subsample_n10,diffsbdd,mean_qed,1.805,1.002,2.546,0.05877,0.03256,10,20,crop_radius_minus_1.5,"atom_shuffle,coordinate_jitter",1324,10,10
colab47_crop_subsample_subsample_n10,diffsbdd,mean_qed,2.484,0.464,4.36,0.0734,0.02955,9,18,crop_radius_minus_1.5,"atom_shuffle,coordinate_jitter",1325,10,9
colab47_crop_subsample_subsample_n10,diffsbdd,mean_qed,2.13,1.399,4.563,0.07188,0.03374,10,20,crop_radius_minus_1.5,"atom_shuffle,coordinate_jitter",1326,10,10
colab47_crop_subsample_subsample_n10,diffsbdd,mean_qed,3.281,0.593,4.633,0.07384,0.0225,8,16,crop_radius_minus_1.5,"atom_shuffle,coordinate_jitter",1327,10,8
colab47_crop_subsample_subsample_n10,diffsbdd,mean_qed,1.901,1.235,4.43,0.06438,0.03387,9,18,crop_radius_minus_1.5,"atom_shuffle,coordinate_jitter",1328,10,9
colab47_crop_subsample_subsample_n10,diffsbdd,mean_qed,2.16,1.09,2.449,0.0709,0.03282,9,18,crop_radius_minus_1.5,"atom_shuffle,coordinate_jitter",1329,10,9
colab47_crop_subsample_subsample_n10,diffsbdd,mean_qed,2.446,1.186,4.037,0.0831,0.03397,9,18,crop_radius_minus_1.5,"atom_shuffle,coordinate_jitter",1330,10,9
colab47_crop_subsample_subsample_n10,diffsbdd,mean_qed,1.739,0.427,2.968,0.05641,0.03244,9,18,crop_radius_minus_1.5,"atom_shuffle,coordinate_jitter",1331,10,9
colab47_crop_subsample_subsample_n10,diffsbdd,mean_qed,2.792,1.64,9.73,0.0734,0.02629,7,14,crop_radius_minus_1.5,"atom_shuffle,coordinate_jitter",1332,10,7
colab47_crop_subsample_subsample_n10,diffsbdd,mean_qed,1.283,0.184,2.455,0.04211,0.03282,9,18,crop_radius_minus_1.5,"atom_shuffle,coordinate_jitter",1333,10,9
colab47_crop_subsample_subsample_n10,diffsbdd,mean_qed,2.523,0.957,3.906,0.05285,0.02095,10,20,crop_radius_minus_1.5,"atom_shuffle,coordinate_jitter",1334,10,10
colab47_crop_subsample_subsample_n10,diffsbdd,mean_qed,1.882,0.724,4.444,0.0709,0.03768,9,18,crop_radius_minus_1.5,"atom_shuffle,coordinate_jitter",1335,10,9
colab47_crop_subsample_subsample_n10,diffsbdd,mean_qed,1.873,0.595,3.537,0.05368,0.02866,10,20,crop_radius_minus_1.5,"atom_shuffle,coordinate_jitter",1336,10,10
colab47_crop_subsample_subsample_n10,diffsbdd,mean_qed,1.515,0.654,3.597,0.043,0.02838,9,18,crop_radius_minus_1.5,"atom_shuffle,coordinate_jitter",1337,10,9
colab47_crop_subsample_subsample_n10,diffsbdd,mean_qed,1.708,0.22,5.545,0.04128,0.02417,9,18,crop_radius_minus_1.5,"atom_shuffle,coordinate_jitter",1338,10,9
colab47_crop_subsample_subsample_n10,diffsbdd,mean_qed,1.561,0.736,3.69,0.04544,0.02911,7,14,crop_radius_minus_1.5,"atom_shuffle,coordinate_jitter",1339,10,7
colab47_crop_subsample_subsample_n10,diffsbdd,mean_qed,1.931,1.03,3.187,0.06406,0.03318,10,20,crop_radius_minus_1.5,"atom_shuffle,coordinate_jitter",1340,10,10
colab47_crop_subsample_subsample_n10,diffsbdd,mean_qed,2.161,1.308,3.393,0.05786,0.02678,9,18,crop_radius_minus_1.5,"atom_shuffle,coordinate_jitter",1341,10,9
colab47_crop_subsample_subsample_n10,diffsbdd,mean_qed,1.853,1.024,3.519,0.05786,0.03123,9,18,crop_radius_minus_1.5,"atom_shuffle,coordinate_jitter",1342,10,9
colab47_crop_subsample_subsample_n10,diffsbdd,mean_qed,1.709,1.133,5.098,0.07915,0.04631,10,20,crop_radius_minus_1.5,"atom_shuffle,coordinate_jitter",1343,10,10
colab47_crop_subsample_subsample_n10,diffsbdd,mean_qed,2.075,1.192,6.622,0.07527,0.03627,10,20,crop_radius_minus_1.5,"atom_shuffle,coordinate_jitter",1344,10,10
colab47_crop_subsample_subsample_n10,diffsbdd,mean_qed,3.108,1.538,4.528,0.0741,0.02384,10,20,crop_radius_minus_1.5,"atom_shuffle,coordinate_jitter",1345,10,10
colab47_crop_subsample_subsample_n10,diffsbdd,mean_qed,2.762,1.748,4.663,0.05786,0.02095,9,18,crop_radius_minus_1.5,"atom_shuffle,coordinate_jitter",1346,10,9
colab47_crop_subsample_subsample_n10,diffsbdd,mean_qed,2.209,1.141,4.514,0.06465,0.02926,10,20,crop_radius_minus_1.5,"atom_shuffle,coordinate_jitter",1347,10,10
colab47_crop_subsample_subsample_n10,diffsbdd,mean_qed,2.345,0.29,3.063,0.07288,0.03108,9,18,crop_radius_minus_1.5,"atom_shuffle,coordinate_jitter",1348,10,9
colab47_crop_subsample_subsample_n10,diffsbdd,mean_qed,1.761,0.5,4.155,0.07193,0.04085,9,18,crop_radius_minus_1.5,"atom_shuffle,coordinate_jitter",1349,10,9
colab47_crop_subsample_subsample_n10,diffsbdd,mean_qed,1.416,0.275,3.421,0.04128,0.02915,9,18,crop_radius_minus_1.5,"atom_shuffle,coordinate_jitter",1350,10,9
colab47_crop_subsample_subsample_n10,diffsbdd,mean_qed,1.513,0.437,2.386,0.04971,0.03286,10,20,crop_radius_minus_1.5,"atom_shuffle,coordinate_jitter",1351,10,10
colab47_crop_subsample_subsample_n10,diffsbdd,mean_qed,1.415,0.612,3.034,0.04581,0.03237,8,16,crop_radius_minus_1.5,"atom_shuffle,coordinate_jitter",1352,10,8
colab47_crop_subsample_subsample_n10,diffsbdd,mean_qed,1.836,0.833,2.916,0.05285,0.02878,8,16,crop_radius_minus_1.5,"atom_shuffle,coordinate_jitter",1353,10,8
colab47_crop_subsample_subsample_n10,diffsbdd,mean_qed,2.324,1.253,4.271,0.06764,0.02911,10,20,crop_radius_minus_1.5,"atom_shuffle,coordinate_jitter",1354,10,10
colab47_crop_subsample_subsample_n10,diffsbdd,mean_qed,1.723,1.055,3.554,0.05134,0.02979,8,16,crop_radius_minus_1.5,"atom_shuffle,coordinate_jitter",1355,10,8
colab47_crop_subsample_subsample_n10,diffsbdd,mean_qed,2.174,0.89,4.275,0.0604,0.02778,8,16,crop_radius_minus_1.5,"atom_shuffle,coordinate_jitter",1356,10,8
colab47_crop_subsample_subsample_n10,diffsbdd,mean_qed,1.41,0.364,2.578,0.04544,0.03224,9,18,crop_radius_minus_1.5,"atom_shuffle,coordinate_jitter",1357,10,9
colab47_crop_subsample_subsample_n10,diffsbdd,mean_qed,0.887,0.255,2.007,0.04625,0.05212,8,16,crop_radius_minus_1.5,"atom_shuffle,coordinate_jitter",1358,10,8
colab47_crop_subsample_subsample_n10,diffsbdd,mean_qed,3.783,0.347,5.955,0.07193,0.01901,9,18,crop_radius_minus_1.5,"atom_shuffle,coordinate_jitter",1359,10,9
colab47_crop_subsample_subsample_n10,diffsbdd,mean_qed,0.901,0.608,2.543,0.04544,0.05046,9,18,crop_radius_minus_1.5,"atom_shuffle,coordinate_jitter",1360,10,9
colab47_crop_subsample_subsample_n10,diffsbdd,mean_qed,1.868,1.031,3.537,0.0562,0.03009,9,18,crop_radius_minus_1.5,"atom_shuffle,coordinate_jitter",1361,10,9
colab47_crop_subsample_subsample_n10,diffsbdd,mean_qed,1.631,0.277,3.919,0.04772,0.02926,10,20,crop_radius_minus_1.5,"atom_shuffle,coordinate_jitter",1362,10,10
colab47_crop_subsample_subsample_n10,diffsbdd,mean_qed,1.941,0.867,2.518,0.05794,0.02985,10,20,crop_radius_minus_1.5,"atom_shuffle,coordinate_jitter",1363,10,10
colab47_crop_subsample_subsample_n10,diffsbdd,mean_qed,0.968,0.207,1.996,0.03291,0.03401,9,18,crop_radius_minus_1.5,"atom_shuffle,coordinate_jitter",1364,10,9
colab47_crop_subsample_subsample_n10,diffsbdd,mean_qed,2.042,0.668,3.409,0.06495,0.0318,8,16,crop_radius_minus_1.5,"atom_shuffle,coordinate_jitter",1365,10,8
colab47_crop_subsample_subsample_n10,diffsbdd,mean_qed,2.204,0.969,3.557,0.06202,0.02815,10,20,crop_radius_minus_1.5,"atom_shuffle,coordinate_jitter",1366,10,10
colab47_crop_subsample_subsample_n10,diffsbdd,mean_qed,2.43,1.903,3.787,0.0724,0.02979,10,20,crop_radius_minus_1.5,"atom_shuffle,coordinate_jitter",1367,10,10
colab47_crop_subsample_subsample_n10,diffsbdd,mean_qed,1.862,1.162,3.163,0.05867,0.03152,10,20,crop_radius_minus_1.5,"atom_shuffle,coordinate_jitter",1368,10,10
colab47_crop_subsample_subsample_n10,diffsbdd,mean_qed,1.519,0.234,2.534,0.04214,0.02774,8,16,crop_radius_minus_1.5,"atom_shuffle,coordinate_jitter",1369,10,8
colab47_crop_subsample_subsample_n10,diffsbdd,mean_qed,1.814,1.249,2.254,0.05641,0.0311,9,18,crop_radius_minus_1.5,"atom_shuffle,coordinate_jitter",1370,10,9
colab47_crop_subsample_subsample_n10,diffsbdd,mean_qed,2.302,1.359,3.376,0.07188,0.03123,10,20,crop_radius_minus_1.5,"atom_shuffle,coordinate_jitter",1371,10,10
colab47_crop_subsample_subsample_n10,diffsbdd,mean_qed,1.184,0.298,2.372,0.04825,0.04076,9,18,crop_radius_minus_1.5,"atom_shuffle,coordinate_jitter",1372,10,9
colab47_crop_subsample_subsample_n10,diffsbdd,mean_qed,1.515,0.202,2.631,0.04211,0.0278,9,18,crop_radius_minus_1.5,"atom_shuffle,coordinate_jitter",1373,10,9
colab47_crop_subsample_subsample_n10,diffsbdd,mean_qed,1.258,0.357,2.154,0.04128,0.03282,9,18,crop_radius_minus_1.5,"atom_shuffle,coordinate_jitter",1374,10,9
colab47_crop_subsample_subsample_n10,diffsbdd,mean_qed,4.438,1.006,10.231,0.07713,0.01738,7,14,crop_radius_minus_1.5,"atom_shuffle,coordinate_jitter",1375,10,7
colab47_crop_subsample_subsample_n10,diffsbdd,mean_qed,2.123,0.861,3.186,0.06438,0.03033,9,18,crop_radius_minus_1.5,"atom_shuffle,coordinate_jitter",1376,10,9
colab47_crop_subsample_subsample_n10,diffsbdd,mean_qed,2.082,1.244,4.302,0.0734,0.03525,9,18,crop_radius_minus_1.5,"atom_shuffle,coordinate_jitter",1377,10,9
colab47_crop_subsample_subsample_n10,diffsbdd,mean_qed,2.082,1.016,3.974,0.06203,0.02978,10,20,crop_radius_minus_1.5,"atom_shuffle,coordinate_jitter",1378,10,10
colab47_crop_subsample_subsample_n10,diffsbdd,mean_qed,3.149,1.384,6.555,0.06764,0.02148,10,20,crop_radius_minus_1.5,"atom_shuffle,coordinate_jitter",1379,10,10
colab47_crop_subsample_subsample_n10,diffsbdd,mean_qed,2.343,1.167,7.011,0.07338,0.03132,9,18,crop_radius_minus_1.5,"atom_shuffle,coordinate_jitter",1380,10,9
colab47_crop_subsample_subsample_n10,diffsbdd,mean_qed,1.885,0.357,4.278,0.05596,0.02968,10,20,crop_radius_minus_1.5,"atom_shuffle,coordinate_jitter",1381,10,10
colab47_crop_subsample_subsample_n10,diffsbdd,mean_qed,2.591,1.407,5.587,0.07526,0.02904,8,16,crop_radius_minus_1.5,"atom_shuffle,coordinate_jitter",1382,10,8
colab47_crop_subsample_subsample_n10,diffsbdd,mean_qed,2.166,1.376,3.024,0.07409,0.0342,10,20,crop_radius_minus_1.5,"atom_shuffle,coordinate_jitter",1383,10,10
colab47_crop_subsample_subsample_n10,diffsbdd,mean_qed,2.722,0.5,5.453,0.07286,0.02676,9,18,crop_radius_minus_1.5,"atom_shuffle,coordinate_jitter",1384,10,9
colab47_crop_subsample_subsample_n10,diffsbdd,mean_qed,1.988,1.257,2.981,0.06169,0.03104,10,20,crop_radius_minus_1.5,"atom_shuffle,coordinate_jitter",1385,10,10
colab47_crop_subsample_subsample_n10,diffsbdd,mean_qed,2.453,1.251,3.768,0.0495,0.02018,9,18,crop_radius_minus_1.5,"atom_shuffle,coordinate_jitter",1386,10,9
colab47_crop_subsample_subsample_n10,diffsbdd,mean_qed,1.725,0.857,3.765,0.05048,0.02926,10,20,crop_radius_minus_1.5,"atom_shuffle,coordinate_jitter",1387,10,10
colab47_crop_subsample_subsample_n10,diffsbdd,mean_qed,1.575,0.826,2.476,0.06495,0.04125,10,20,crop_radius_minus_1.5,"atom_shuffle,coordinate_jitter",1388,10,10
colab47_crop_subsample_subsample_n10,diffsbdd,mean_qed,1.558,0.308,2.121,0.05804,0.03724,10,20,crop_radius_minus_1.5,"atom_shuffle,coordinate_jitter",1389,10,10
colab47_crop_subsample_subsample_n10,diffsbdd,mean_qed,4.042,1.14,8.948,0.08202,0.02029,8,16,crop_radius_minus_1.5,"atom_shuffle,coordinate_jitter",1390,10,8
colab47_crop_subsample_subsample_n10,diffsbdd,mean_qed,1.302,0.586,2.971,0.04224,0.03244,10,20,crop_radius_minus_1.5,"atom_shuffle,coordinate_jitter",1391,10,10
colab47_crop_subsample_subsample_n10,diffsbdd,mean_qed,2.42,0.299,5.338,0.07193,0.02972,9,18,crop_radius_minus_1.5,"atom_shuffle,coordinate_jitter",1392,10,9
colab47_crop_subsample_subsample_n10,diffsbdd,mean_qed,2.554,0.511,3.778,0.0724,0.02835,8,16,crop_radius_minus_1.5,"atom_shuffle,coordinate_jitter",1393,10,8
colab47_crop_subsample_subsample_n10,diffsbdd,mean_qed,1.428,0.746,2.843,0.04256,0.0298,10,20,crop_radius_minus_1.5,"atom_shuffle,coordinate_jitter",1394,10,10
colab47_crop_subsample_subsample_n10,diffsbdd,mean_qed,1.069,0.207,1.878,0.05396,0.05046,10,20,crop_radius_minus_1.5,"atom_shuffle,coordinate_jitter",1395,10,10
colab47_crop_subsample_subsample_n10,diffsbdd,mean_qed,2.027,0.18,4.05,0.0604,0.0298,10,20,crop_radius_minus_1.5,"atom_shuffle,coordinate_jitter",1396,10,10
colab47_crop_subsample_subsample_n10,diffsbdd,mean_qed,2.502,0.567,3.765,0.06417,0.02565,8,16,crop_radius_minus_1.5,"atom_shuffle,coordinate_jitter",1397,10,8
colab47_crop_subsample_subsample_n10,diffsbdd,mean_qed,3.411,0.905,5.222,0.07241,0.02122,10,20,crop_radius_minus_1.5,"atom_shuffle,coordinate_jitter",1398,10,10
colab47_crop_subsample_subsample_n10,diffsbdd,mean_qed,1.919,1.002,3.653,0.05369,0.02797,10,20,crop_radius_minus_1.5,"atom_shuffle,coordinate_jitter",1399,10,10
colab47_crop_subsample_subsample_n10,diffsbdd,mean_qed,2.146,1.047,2.88,0.0658,0.03066,8,16,crop_radius_minus_1.5,"atom_shuffle,coordinate_jitter",1400,10,8
colab47_crop_subsample_subsample_n10,diffsbdd,mean_qed,2.132,1.308,4.557,0.06202,0.02909,10,20,crop_radius_minus_1.5,"atom_shuffle,coordinate_jitter",1401,10,10
colab47_crop_subsample_subsample_n10,diffsbdd,mean_qed,2.39,1.373,4.343,0.075,0.03138,8,16,crop_radius_minus_1.5,"atom_shuffle,coordinate_jitter",1402,10,8
colab47_crop_subsample_subsample_n10,diffsbdd,mean_qed,1.165,0.517,2.722,0.03639,0.03123,10,20,crop_radius_minus_1.5,"atom_shuffle,coordinate_jitter",1403,10,10
colab47_crop_subsample_subsample_n10,diffsbdd,mean_qed,1.525,0.498,2.589,0.04916,0.03224,10,20,crop_radius_minus_1.5,"atom_shuffle,coordinate_jitter",1404,10,10
colab47_crop_subsample_subsample_n10,diffsbdd,mean_qed,0.808,0.325,2.327,0.02803,0.0347,8,16,crop_radius_minus_1.5,"atom_shuffle,coordinate_jitter",1405,10,8
colab47_crop_subsample_subsample_n10,diffsbdd,mean_qed,2.141,0.573,2.863,0.06376,0.02978,10,20,crop_radius_minus_1.5,"atom_shuffle,coordinate_jitter",1406,10,10
colab47_crop_subsample_subsample_n10,diffsbdd,mean_qed,1.385,0.255,2.121,0.04015,0.02898,10,20,crop_radius_minus_1.5,"atom_shuffle,coordinate_jitter",1407,10,10
colab47_crop_subsample_subsample_n10,diffsbdd,mean_qed,2.017,1.023,3.318,0.05877,0.02913,10,20,crop_radius_minus_1.5,"atom_shuffle,coordinate_jitter",1408,10,10
colab47_crop_subsample_subsample_n10,diffsbdd,mean_qed,1.275,0.249,2.77,0.03902,0.03062,10,20,crop_radius_minus_1.5,"atom_shuffle,coordinate_jitter",1409,10,10
colab47_crop_subsample_subsample_n10,diffsbdd,mean_qed,1.536,0.65,3.082,0.0495,0.03224,9,18,crop_radius_minus_1.5,"atom_shuffle,coordinate_jitter",1410,10,9
colab47_crop_subsample_subsample_n10,diffsbdd,mean_qed,2.26,1.447,2.994,0.0709,0.03138,9,18,crop_radius_minus_1.5,"atom_shuffle,coordinate_jitter",1411,10,9
colab47_crop_subsample_subsample_n10,diffsbdd,mean_qed,2.515,0.794,4.324,0.07288,0.02898,9,18,crop_radius_minus_1.5,"atom_shuffle,coordinate_jitter",1412,10,9
colab47_crop_subsample_subsample_n10,diffsbdd,mean_qed,2.349,1.258,5.143,0.05877,0.02502,10,20,crop_radius_minus_1.5,"atom_shuffle,coordinate_jitter",1413,10,10
colab47_crop_subsample_subsample_n10,diffsbdd,mean_qed,1.772,0.906,4.051,0.05786,0.03266,9,18,crop_radius_minus_1.5,"atom_shuffle,coordinate_jitter",1414,10,9
colab47_crop_subsample_subsample_n10,diffsbdd,mean_qed,1.297,0.362,2.584,0.03597,0.02774,10,20,crop_radius_minus_1.5,"atom_shuffle,coordinate_jitter",1415,10,10
colab47_crop_subsample_subsample_n10,diffsbdd,mean_qed,1.429,0.232,3.14,0.03968,0.02777,8,16,crop_radius_minus_1.5,"atom_shuffle,coordinate_jitter",1416,10,8
colab47_crop_subsample_subsample_n10,diffsbdd,mean_qed,2.015,0.26,4.552,0.04544,0.02255,9,18,crop_radius_minus_1.5,"atom_shuffle,coordinate_jitter",1417,10,9
colab47_crop_subsample_subsample_n10,diffsbdd,mean_qed,2.184,0.924,4.485,0.0734,0.03361,9,18,crop_radius_minus_1.5,"atom_shuffle,coordinate_jitter",1418,10,9
colab47_crop_subsample_subsample_n10,diffsbdd,mean_qed,2.28,1.35,3.206,0.06529,0.02863,10,20,crop_radius_minus_1.5,"atom_shuffle,coordinate_jitter",1419,10,10
colab47_crop_subsample_subsample_n10,diffsbdd,mean_qed,1.641,0.821,2.596,0.05093,0.03103,10,20,crop_radius_minus_1.5,"atom_shuffle,coordinate_jitter",1420,10,10
colab47_crop_subsample_subsample_n10,diffsbdd,mean_qed,3.28,1.96,6.296,0.08503,0.02593,8,16,crop_radius_minus_1.5,"atom_shuffle,coordinate_jitter",1421,10,8
colab47_crop_subsample_subsample_n10,diffsbdd,mean_qed,1.53,0.521,2.39,0.04477,0.02926,10,20,crop_radius_minus_1.5,"atom_shuffle,coordinate_jitter",1422,10,10
colab47_crop_subsample_subsample_n10,diffsbdd,mean_qed,1.391,0.7,4.393,0.04128,0.02967,9,18,crop_radius_minus_1.5,"atom_shuffle,coordinate_jitter",1423,10,9
colab47_crop_subsample_subsample_n10,diffsbdd,mean_qed,1.943,1.295,3.132,0.05786,0.02978,9,18,crop_radius_minus_1.5,"atom_shuffle,coordinate_jitter",1424,10,9
colab47_crop_subsample_subsample_n10,diffsbdd,mean_qed,1.848,0.901,3.26,0.05223,0.02826,10,20,crop_radius_minus_1.5,"atom_shuffle,coordinate_jitter",1425,10,10
colab47_crop_subsample_subsample_n10,diffsbdd,mean_qed,2.111,1.249,3.751,0.06552,0.03104,9,18,crop_radius_minus_1.5,"atom_shuffle,coordinate_jitter",1426,10,9
colab47_crop_subsample_subsample_n10,diffsbdd,mean_qed,1.737,0.816,2.721,0.05548,0.03194,10,20,crop_radius_minus_1.5,"atom_shuffle,coordinate_jitter",1427,10,10
colab47_crop_subsample_subsample_n10,diffsbdd,mean_qed,1.34,0.272,2.324,0.04016,0.02996,10,20,crop_radius_minus_1.5,"atom_shuffle,coordinate_jitter",1428,10,10
colab47_crop_subsample_subsample_n10,diffsbdd,mean_qed,2.205,0.22,4.324,0.0626,0.02839,10,20,crop_radius_minus_1.5,"atom_shuffle,coordinate_jitter",1429,10,10
colab47_crop_subsample_subsample_n10,diffsbdd,mean_qed,1.997,0.654,3.501,0.06438,0.03224,9,18,crop_radius_minus_1.5,"atom_shuffle,coordinate_jitter",1430,10,9
colab47_crop_subsample_subsample_n10,diffsbdd,mean_qed,2.197,1.532,3.033,0.06366,0.02898,8,16,crop_radius_minus_1.5,"atom_shuffle,coordinate_jitter",1431,10,8
colab47_crop_subsample_subsample_n10,diffsbdd,mean_qed,1.224,0.559,2.276,0.05325,0.0435,10,20,crop_radius_minus_1.5,"atom_shuffle,coordinate_jitter",1432,10,10
colab47_crop_subsample_subsample_n10,diffsbdd,mean_qed,1.959,0.382,3.124,0.06438,0.03286,9,18,crop_radius_minus_1.5,"atom_shuffle,coordinate_jitter",1433,10,9
colab47_crop_subsample_subsample_n10,diffsbdd,mean_qed,1.804,0.34,5.534,0.05256,0.02913,8,16,crop_radius_minus_1.5,"atom_shuffle,coordinate_jitter",1434,10,8
colab47_crop_subsample_subsample_n10,diffsbdd,mean_qed,1.47,0.766,2.309,0.05233,0.03561,8,16,crop_radius_minus_1.5,"atom_shuffle,coordinate_jitter",1435,10,8
colab47_crop_subsample_subsample_n10,diffsbdd,mean_qed,3.405,1.015,6.752,0.07193,0.02113,7,14,crop_radius_minus_1.5,"atom_shuffle,coordinate_jitter",1436,10,7
colab47_crop_subsample_subsample_n10,diffsbdd,mean_qed,1.789,0.52,2.592,0.05233,0.02926,10,20,crop_radius_minus_1.5,"atom_shuffle,coordinate_jitter",1437,10,10
colab47_crop_subsample_subsample_n10,diffsbdd,mean_qed,1.818,0.746,2.3,0.05641,0.03103,9,18,crop_radius_minus_1.5,"atom_shuffle,coordinate_jitter",1438,10,9
colab47_crop_subsample_subsample_n10,diffsbdd,mean_qed,1.488,0.925,2.623,0.04885,0.03282,8,16,crop_radius_minus_1.5,"atom_shuffle,coordinate_jitter",1439,10,8
colab47_crop_subsample_subsample_n10,diffsbdd,mean_qed,1.882,1.143,2.813,0.07193,0.03821,9,18,crop_radius_minus_1.5,"atom_shuffle,coordinate_jitter",1440,10,9
colab47_crop_subsample_subsample_n10,diffsbdd,mean_qed,2.302,1.102,3.357,0.07188,0.03123,8,16,crop_radius_minus_1.5,"atom_shuffle,coordinate_jitter",1441,10,8
colab47_crop_subsample_subsample_n10,diffsbdd,mean_qed,1.598,0.378,2.619,0.04761,0.02979,10,20,crop_radius_minus_1.5,"atom_shuffle,coordinate_jitter",1442,10,10
colab47_crop_subsample_subsample_n10,diffsbdd,mean_qed,1.971,0.99,2.989,0.06202,0.03146,10,20,crop_radius_minus_1.5,"atom_shuffle,coordinate_jitter",1443,10,10
colab47_crop_subsample_subsample_n10,diffsbdd,mean_qed,2.607,1.352,4.43,0.06029,0.02313,10,20,crop_radius_minus_1.5,"atom_shuffle,coordinate_jitter",1444,10,10
colab47_crop_subsample_subsample_n10,diffsbdd,mean_qed,2.301,1.315,2.784,0.07409,0.03221,10,20,crop_radius_minus_1.5,"atom_shuffle,coordinate_jitter",1445,10,10
colab47_crop_subsample_subsample_n10,diffsbdd,mean_qed,1.599,0.186,2.241,0.04888,0.03057,8,16,crop_radius_minus_1.5,"atom_shuffle,coordinate_jitter",1446,10,8
colab47_crop_subsample_subsample_n10,diffsbdd,mean_qed,1.935,0.681,3.034,0.0496,0.02563,10,20,crop_radius_minus_1.5,"atom_shuffle,coordinate_jitter",1447,10,10
colab47_crop_subsample_subsample_n10,diffsbdd,mean_qed,2.661,1.073,4.363,0.06862,0.02579,8,16,crop_radius_minus_1.5,"atom_shuffle,coordinate_jitter",1448,10,8
colab47_crop_subsample_subsample_n10,diffsbdd,mean_qed,1.414,0.813,2.225,0.043,0.03041,9,18,crop_radius_minus_1.5,"atom_shuffle,coordinate_jitter",1449,10,9
colab47_crop_subsample_subsample_n10,diffsbdd,mean_qed,1.433,0.811,2.788,0.0562,0.03922,9,18,crop_radius_minus_1.5,"atom_shuffle,coordinate_jitter",1450,10,9
colab47_crop_subsample_subsample_n10,diffsbdd,mean_qed,2.402,0.939,3.869,0.06009,0.02502,10,20,crop_radius_minus_1.5,"atom_shuffle,coordinate_jitter",1451,10,10
colab47_crop_subsample_subsample_n10,diffsbdd,mean_qed,1.524,0.377,3.9,0.04163,0.02731,8,16,crop_radius_minus_1.5,"atom_shuffle,coordinate_jitter",1452,10,8
colab47_crop_subsample_subsample_n10,diffsbdd,mean_qed,2.117,0.431,4.858,0.05958,0.02815,8,16,crop_radius_minus_1.5,"atom_shuffle,coordinate_jitter",1453,10,8
colab47_crop_subsample_subsample_n10,diffsbdd,mean_qed,1.905,0.21,2.605,0.05786,0.03038,9,18,crop_radius_minus_1.5,"atom_shuffle,coordinate_jitter",1454,10,9
colab47_crop_subsample_subsample_n10,diffsbdd,mean_qed,1.806,0.225,3.276,0.04825,0.02672,9,18,crop_radius_minus_1.5,"atom_shuffle,coordinate_jitter",1455,10,9
colab47_crop_subsample_subsample_n10,diffsbdd,mean_qed,1.894,1.033,3.467,0.05641,0.02978,9,18,crop_radius_minus_1.5,"atom_shuffle,coordinate_jitter",1456,10,9
colab47_crop_subsample_subsample_n10,diffsbdd,mean_qed,1.342,0.619,2.116,0.04544,0.03387,9,18,crop_radius_minus_1.5,"atom_shuffle,coordinate_jitter",1457,10,9
colab47_crop_subsample_subsample_n10,diffsbdd,mean_qed,1.676,0.547,4.117,0.05641,0.03366,9,18,crop_radius_minus_1.5,"atom_shuffle,coordinate_jitter",1458,10,9
colab47_crop_subsample_subsample_n10,diffsbdd,mean_qed,2.185,0.997,3.48,0.06202,0.02838,10,20,crop_radius_minus_1.5,"atom_shuffle,coordinate_jitter",1459,10,10
colab47_crop_subsample_subsample_n10,diffsbdd,mean_qed,2.261,0.773,4.548,0.07062,0.03123,10,20,crop_radius_minus_1.5,"atom_shuffle,coordinate_jitter",1460,10,10
colab47_crop_subsample_subsample_n10,diffsbdd,mean_qed,2.955,0.398,4.247,0.0709,0.024,9,18,crop_radius_minus_1.5,"atom_shuffle,coordinate_jitter",1461,10,9
colab47_crop_subsample_subsample_n10,diffsbdd,mean_qed,1.55,0.519,4.554,0.07453,0.04809,10,20,crop_radius_minus_1.5,"atom_shuffle,coordinate_jitter",1462,10,10
colab47_crop_subsample_subsample_n10,diffsbdd,mean_qed,2.349,1.016,3.046,0.07338,0.03123,9,18,crop_radius_minus_1.5,"atom_shuffle,coordinate_jitter",1463,10,9
colab47_crop_subsample_subsample_n10,diffsbdd,mean_qed,1.211,0.372,2.223,0.03903,0.03224,9,18,crop_radius_minus_1.5,"atom_shuffle,coordinate_jitter",1464,10,9
colab47_crop_subsample_subsample_n10,diffsbdd,mean_qed,2.251,0.324,3.291,0.06552,0.02911,9,18,crop_radius_minus_1.5,"atom_shuffle,coordinate_jitter",1465,10,9
colab47_crop_subsample_subsample_n10,diffsbdd,mean_qed,2.626,0.61,4.755,0.07453,0.02839,10,20,crop_radius_minus_1.5,"atom_shuffle,coordinate_jitter",1466,10,10
colab47_crop_subsample_subsample_n10,diffsbdd,mean_qed,2.238,0.277,3.266,0.06668,0.0298,10,20,crop_radius_minus_1.5,"atom_shuffle,coordinate_jitter",1467,10,10
colab47_crop_subsample_subsample_n10,diffsbdd,mean_qed,2.178,0.415,3.864,0.06552,0.03009,9,18,crop_radius_minus_1.5,"atom_shuffle,coordinate_jitter",1468,10,9
colab47_crop_subsample_subsample_n10,diffsbdd,mean_qed,1.548,0.944,2.716,0.04422,0.02857,10,20,crop_radius_minus_1.5,"atom_shuffle,coordinate_jitter",1469,10,10
colab47_crop_subsample_subsample_n10,diffsbdd,mean_qed,2.049,0.721,2.554,0.05967,0.02913,9,18,crop_radius_minus_1.5,"atom_shuffle,coordinate_jitter",1470,10,9
colab47_crop_subsample_subsample_n10,diffsbdd,mean_qed,1.423,0.297,3.06,0.04518,0.03175,8,16,crop_radius_minus_1.5,"atom_shuffle,coordinate_jitter",1471,10,8
colab47_crop_subsample_subsample_n10,diffsbdd,mean_qed,1.701,0.548,3.116,0.0417,0.02451,8,16,crop_radius_minus_1.5,"atom_shuffle,coordinate_jitter",1472,10,8
colab47_crop_subsample_subsample_n10,diffsbdd,mean_qed,2.526,1.083,5.577,0.08504,0.03366,8,16,crop_radius_minus_1.5,"atom_shuffle,coordinate_jitter",1473,10,8
colab47_crop_subsample_subsample_n10,diffsbdd,mean_qed,2.4,1.574,5.496,0.07288,0.03037,9,18,crop_radius_minus_1.5,"atom_shuffle,coordinate_jitter",1474,10,9
colab47_crop_subsample_subsample_n10,diffsbdd,mean_qed,2.736,1.391,7.556,0.05641,0.02062,9,18,crop_radius_minus_1.5,"atom_shuffle,coordinate_jitter",1475,10,9
colab47_crop_subsample_subsample_n10,diffsbdd,mean_qed,0.948,0.325,2.056,0.03376,0.03562,9,18,crop_radius_minus_1.5,"atom_shuffle,coordinate_jitter",1476,10,9
colab47_crop_subsample_subsample_n10,diffsbdd,mean_qed,1.585,0.374,4.005,0.0495,0.03123,9,18,crop_radius_minus_1.5,"atom_shuffle,coordinate_jitter",1477,10,9
colab47_crop_subsample_subsample_n10,diffsbdd,mean_qed,2.512,0.61,3.733,0.07313,0.02911,10,20,crop_radius_minus_1.5,"atom_shuffle,coordinate_jitter",1478,10,10
colab47_crop_subsample_subsample_n10,diffsbdd,mean_qed,3.754,1.328,8.086,0.07266,0.01936,8,16,crop_radius_minus_1.5,"atom_shuffle,coordinate_jitter",1479,10,8
colab47_crop_subsample_subsample_n10,diffsbdd,mean_qed,1.73,0.151,2.782,0.0495,0.02861,9,18,crop_radius_minus_1.5,"atom_shuffle,coordinate_jitter",1480,10,9
colab47_crop_subsample_subsample_n10,diffsbdd,mean_qed,1.487,0.382,2.321,0.04544,0.03055,9,18,crop_radius_minus_1.5,"atom_shuffle,coordinate_jitter",1481,10,9
colab47_crop_subsample_subsample_n10,diffsbdd,mean_qed,1.462,0.447,3.399,0.03596,0.02461,8,16,crop_radius_minus_1.5,"atom_shuffle,coordinate_jitter",1482,10,8
colab47_crop_subsample_subsample_n10,diffsbdd,mean_qed,1.249,0.266,2.001,0.03902,0.03123,9,18,crop_radius_minus_1.5,"atom_shuffle,coordinate_jitter",1483,10,9
colab47_crop_subsample_subsample_n10,diffsbdd,mean_qed,1.851,0.38,2.936,0.05967,0.03224,9,18,crop_radius_minus_1.5,"atom_shuffle,coordinate_jitter",1484,10,9
colab47_crop_subsample_subsample_n10,diffsbdd,mean_qed,3.073,1.592,4.232,0.06438,0.02095,9,18,crop_radius_minus_1.5,"atom_shuffle,coordinate_jitter",1485,10,9
colab47_crop_subsample_subsample_n10,diffsbdd,mean_qed,2.501,1.354,4.913,0.0709,0.02835,9,18,crop_radius_minus_1.5,"atom_shuffle,coordinate_jitter",1486,10,9
colab47_crop_subsample_subsample_n10,diffsbdd,mean_qed,1.172,0.308,2.736,0.04214,0.03596,10,20,crop_radius_minus_1.5,"atom_shuffle,coordinate_jitter",1487,10,10
colab47_crop_subsample_subsample_n10,diffsbdd,mean_qed,2.521,1.677,3.649,0.06438,0.02554,9,18,crop_radius_minus_1.5,"atom_shuffle,coordinate_jitter",1488,10,9
colab47_crop_subsample_subsample_n10,diffsbdd,mean_qed,2.368,1.331,3.682,0.07193,0.03037,9,18,crop_radius_minus_1.5,"atom_shuffle,coordinate_jitter",1489,10,9
colab47_crop_subsample_subsample_n10,diffsbdd,mean_qed,2.281,0.729,6.231,0.04825,0.02115,9,18,crop_radius_minus_1.5,"atom_shuffle,coordinate_jitter",1490,10,9
colab47_crop_subsample_subsample_n10,diffsbdd,mean_qed,1.444,0.797,2.672,0.07288,0.05046,9,18,crop_radius_minus_1.5,"atom_shuffle,coordinate_jitter",1491,10,9
colab47_crop_subsample_subsample_n10,diffsbdd,mean_qed,1.991,1.207,2.97,0.05794,0.0291,10,20,crop_radius_minus_1.5,"atom_shuffle,coordinate_jitter",1492,10,10
colab47_crop_subsample_subsample_n10,diffsbdd,mean_qed,1.344,0.612,2.457,0.043,0.032,9,18,crop_radius_minus_1.5,"atom_shuffle,coordinate_jitter",1493,10,9
colab47_crop_subsample_subsample_n10,diffsbdd,mean_qed,1.422,0.826,2.526,0.04422,0.0311,10,20,crop_radius_minus_1.5,"atom_shuffle,coordinate_jitter",1494,10,10
colab47_crop_subsample_subsample_n10,diffsbdd,mean_qed,2.519,1.432,3.544,0.0709,0.02815,9,18,crop_radius_minus_1.5,"atom_shuffle,coordinate_jitter",1495,10,9
colab47_crop_subsample_subsample_n10,diffsbdd,mean_qed,2.013,0.602,4.158,0.06129,0.03044,10,20,crop_radius_minus_1.5,"atom_shuffle,coordinate_jitter",1496,10,10
colab47_crop_subsample_subsample_n10,diffsbdd,mean_qed,1.77,0.719,2.578,0.05631,0.0318,8,16,crop_radius_minus_1.5,"atom_shuffle,coordinate_jitter",1497,10,8
colab47_crop_subsample_subsample_n10,diffsbdd,mean_qed,1.17,0.551,3.203,0.03639,0.0311,8,16,crop_radius_minus_1.5,"atom_shuffle,coordinate_jitter",1498,10,8
colab47_crop_subsample_subsample_n10,diffsbdd,mean_qed,1.986,1.235,3.118,0.06465,0.03256,10,20,crop_radius_minus_1.5,"atom_shuffle,coordinate_jitter",1499,10,10
colab47_crop_subsample_subsample_n10,diffsbdd,mean_qed,3.375,1.321,7.719,0.06784,0.0201,9,18,crop_radius_minus_1.5,"atom_shuffle,coordinate_jitter",1500,10,9
colab47_crop_subsample_subsample_n10,diffsbdd,mean_qed,2.157,0.186,3.375,0.06438,0.02985,9,18,crop_radius_minus_1.5,"atom_shuffle,coordinate_jitter",1501,10,9
colab47_crop_subsample_subsample_n10,diffsbdd,mean_qed,1.581,0.806,3.139,0.0495,0.03132,9,18,crop_radius_minus_1.5,"atom_shuffle,coordinate_jitter",1502,10,9
colab47_crop_subsample_subsample_n10,diffsbdd,mean_qed,1.153,0.297,1.998,0.04256,0.0369,10,20,crop_radius_minus_1.5,"atom_shuffle,coordinate_jitter",1503,10,10
colab47_crop_subsample_subsample_n10,diffsbdd,mean_qed,2.082,1.094,3.081,0.06203,0.02978,10,20,crop_radius_minus_1.5,"atom_shuffle,coordinate_jitter",1504,10,10
colab47_crop_subsample_subsample_n10,diffsbdd,mean_qed,2.583,1.32,3.439,0.07188,0.02783,10,20,crop_radius_minus_1.5,"atom_shuffle,coordinate_jitter",1505,10,10
colab47_crop_subsample_subsample_n10,diffsbdd,mean_qed,0.943,0.279,2.473,0.02704,0.02866,10,20,crop_radius_minus_1.5,"atom_shuffle,coordinate_jitter",1506,10,10
colab47_crop_subsample_subsample_n10,diffsbdd,mean_qed,2.034,0.246,3.479,0.05641,0.02774,9,18,crop_radius_minus_1.5,"atom_shuffle,coordinate_jitter",1507,10,9
colab47_crop_subsample_subsample_n10,diffsbdd,mean_qed,2.064,0.607,4.091,0.06453,0.03126,8,16,crop_radius_minus_1.5,"atom_shuffle,coordinate_jitter",1508,10,8
colab47_crop_subsample_subsample_n10,diffsbdd,mean_qed,1.928,0.399,4.331,0.0649,0.03366,8,16,crop_radius_minus_1.5,"atom_shuffle,coordinate_jitter",1509,10,8
colab47_crop_subsample_subsample_n10,diffsbdd,mean_qed,2.152,1.42,4.307,0.07339,0.0341,8,16,crop_radius_minus_1.5,"atom_shuffle,coordinate_jitter",1510,10,8
colab47_crop_subsample_subsample_n10,diffsbdd,mean_qed,2.178,0.725,4.689,0.05664,0.02601,8,16,crop_radius_minus_1.5,"atom_shuffle,coordinate_jitter",1511,10,8
colab47_crop_subsample_subsample_n10,diffsbdd,mean_qed,1.889,0.292,2.912,0.0496,0.02626,10,20,crop_radius_minus_1.5,"atom_shuffle,coordinate_jitter",1512,10,10
colab47_crop_subsample_subsample_n10,diffsbdd,mean_qed,2.534,1.503,3.52,0.0724,0.02857,10,20,crop_radius_minus_1.5,"atom_shuffle,coordinate_jitter",1513,10,10
colab47_crop_subsample_subsample_n10,diffsbdd,mean_qed,2.089,0.935,3.084,0.0709,0.03395,9,18,crop_radius_minus_1.5,"atom_shuffle,coordinate_jitter",1514,10,9
colab47_crop_subsample_subsample_n10,diffsbdd,mean_qed,1.607,0.823,2.645,0.05233,0.03256,10,20,crop_radius_minus_1.5,"atom_shuffle,coordinate_jitter",1515,10,10
colab47_crop_subsample_subsample_n10,diffsbdd,mean_qed,1.812,0.416,2.466,0.04128,0.02279,9,18,crop_radius_minus_1.5,"atom_shuffle,coordinate_jitter",1516,10,9
colab47_crop_subsample_subsample_n10,diffsbdd,mean_qed,2.287,1.195,5.016,0.06438,0.02815,9,18,crop_radius_minus_1.5,"atom_shuffle,coordinate_jitter",1517,10,9
colab47_crop_subsample_subsample_n10,diffsbdd,mean_qed,1.807,0.424,4.661,0.05967,0.03302,9,18,crop_radius_minus_1.5,"atom_shuffle,coordinate_jitter",1518,10,9
colab47_crop_subsample_subsample_n10,diffsbdd,mean_qed,2.589,1.541,7.482,0.0734,0.02835,9,18,crop_radius_minus_1.5,"atom_shuffle,coordinate_jitter",1519,10,9
colab47_crop_subsample_subsample_n10,diffsbdd,mean_qed,1.47,0.293,2.785,0.043,0.02926,9,18,crop_radius_minus_1.5,"atom_shuffle,coordinate_jitter",1520,10,9
colab47_crop_subsample_subsample_n10,diffsbdd,mean_qed,1.664,0.629,3.728,0.05223,0.03138,10,20,crop_radius_minus_1.5,"atom_shuffle,coordinate_jitter",1521,10,10
colab47_crop_subsample_subsample_n10,diffsbdd,mean_qed,2.233,1.009,3.406,0.07286,0.03263,9,18,crop_radius_minus_1.5,"atom_shuffle,coordinate_jitter",1522,10,9
colab47_crop_subsample_subsample_n10,diffsbdd,mean_qed,2.34,0.583,3.254,0.07288,0.03114,9,18,crop_radius_minus_1.5,"atom_shuffle,coordinate_jitter",1523,10,9
colab47_crop_subsample_subsample_n10,diffsbdd,mean_qed,1.835,0.634,3.526,0.05368,0.02926,10,20,crop_radius_minus_1.5,"atom_shuffle,coordinate_jitter",1524,10,10
colab47_crop_subsample_subsample_n10,diffsbdd,mean_qed,1.179,0.584,2.517,0.04211,0.03573,9,18,crop_radius_minus_1.5,"atom_shuffle,coordinate_jitter",1525,10,9
colab47_crop_subsample_subsample_n10,diffsbdd,mean_qed,2.608,0.607,9.812,0.04747,0.01821,8,16,crop_radius_minus_1.5,"atom_shuffle,coordinate_jitter",1526,10,8
colab47_crop_subsample_subsample_n10,diffsbdd,mean_qed,1.961,0.804,2.989,0.0562,0.02866,9,18,crop_radius_minus_1.5,"atom_shuffle,coordinate_jitter",1527,10,9
colab47_crop_subsample_subsample_n10,diffsbdd,mean_qed,1.074,0.413,2.3,0.04058,0.03779,8,16,crop_radius_minus_1.5,"atom_shuffle,coordinate_jitter",1528,10,8
colab47_crop_subsample_subsample_n10,diffsbdd,mean_qed,1.502,0.471,2.529,0.04378,0.02915,10,20,crop_radius_minus_1.5,"atom_shuffle,coordinate_jitter",1529,10,10
colab47_crop_subsample_subsample_n10,diffsbdd,mean_qed,2.162,0.327,3.303,0.06628,0.03066,10,20,crop_radius_minus_1.5,"atom_shuffle,coordinate_jitter",1530,10,10
colab47_crop_subsample_subsample_n10,diffsbdd,mean_qed,2.013,0.372,2.903,0.043,0.02136,9,18,crop_radius_minus_1.5,"atom_shuffle,coordinate_jitter",1531,10,9
colab47_crop_subsample_subsample_n10,diffsbdd,mean_qed,2.036,0.297,4.306,0.04321,0.02122,10,20,crop_radius_minus_1.5,"atom_shuffle,coordinate_jitter",1532,10,10
colab47_crop_subsample_subsample_n10,diffsbdd,mean_qed,1.683,0.619,2.638,0.05497,0.03267,8,16,crop_radius_minus_1.5,"atom_shuffle,coordinate_jitter",1533,10,8
colab47_crop_subsample_subsample_n10,diffsbdd,mean_qed,1.284,0.26,2.819,0.04544,0.03539,9,18,crop_radius_minus_1.5,"atom_shuffle,coordinate_jitter",1534,10,9
colab47_crop_subsample_subsample_n10,diffsbdd,mean_qed,0.722,0.305,4.754,0.02033,0.02815,9,18,crop_radius_minus_1.5,"atom_shuffle,coordinate_jitter",1535,10,9
colab47_crop_subsample_subsample_n10,diffsbdd,mean_qed,1.72,0.396,4.789,0.04128,0.024,9,18,crop_radius_minus_1.5,"atom_shuffle,coordinate_jitter",1536,10,9
colab47_crop_subsample_subsample_n10,diffsbdd,mean_qed,1.746,0.296,2.694,0.04999,0.02863,8,16,crop_radius_minus_1.5,"atom_shuffle,coordinate_jitter",1537,10,8
colab47_crop_subsample_subsample_n10,diffsbdd,mean_qed,2.643,1.263,6.357,0.07809,0.02955,9,18,crop_radius_minus_1.5,"atom_shuffle,coordinate_jitter",1538,10,9
colab47_crop_subsample_subsample_n10,diffsbdd,mean_qed,1.777,0.211,3.607,0.043,0.0242,9,18,crop_radius_minus_1.5,"atom_shuffle,coordinate_jitter",1539,10,9
colab47_crop_subsample_subsample_n10,diffsbdd,mean_qed,1.875,0.595,3.485,0.04128,0.02201,9,18,crop_radius_minus_1.5,"atom_shuffle,coordinate_jitter",1540,10,9
colab47_crop_subsample_subsample_n10,diffsbdd,mean_qed,1.521,0.798,3.017,0.05223,0.03433,10,20,crop_radius_minus_1.5,"atom_shuffle,coordinate_jitter",1541,10,10
colab47_crop_subsample_subsample_n10,diffsbdd,mean_qed,1.996,1.197,4.796,0.06208,0.0311,8,16,crop_radius_minus_1.5,"atom_shuffle,coordinate_jitter",1542,10,8
colab47_crop_subsample_subsample_n10,diffsbdd,mean_qed,1.654,0.994,3.209,0.0495,0.02992,9,18,crop_radius_minus_1.5,"atom_shuffle,coordinate_jitter",1543,10,9
colab47_crop_subsample_subsample_n10,diffsbdd,mean_qed,3.173,1.461,8.431,0.06438,0.02029,9,18,crop_radius_minus_1.5,"atom_shuffle,coordinate_jitter",1544,10,9
colab47_crop_subsample_subsample_n10,diffsbdd,mean_qed,1.865,0.916,3.234,0.05368,0.02878,10,20,crop_radius_minus_1.5,"atom_shuffle,coordinate_jitter",1545,10,10
colab47_crop_subsample_subsample_n10,diffsbdd,mean_qed,1.95,0.449,4.144,0.05786,0.02968,9,18,crop_radius_minus_1.5,"atom_shuffle,coordinate_jitter",1546,10,9
colab47_crop_subsample_subsample_n10,diffsbdd,mean_qed,2.029,0.976,3.475,0.06029,0.02972,10,20,crop_radius_minus_1.5,"atom_shuffle,coordinate_jitter",1547,10,10
colab47_crop_subsample_subsample_n10,diffsbdd,mean_qed,2.554,0.841,4.505,0.06169,0.02416,10,20,crop_radius_minus_1.5,"atom_shuffle,coordinate_jitter",1548,10,10
colab47_crop_subsample_subsample_n10,diffsbdd,mean_qed,2.765,0.769,7.745,0.07193,0.02602,9,18,crop_radius_minus_1.5,"atom_shuffle,coordinate_jitter",1549,10,9
colab47_crop_subsample_subsample_n10,diffsbdd,mean_qed,1.476,0.35,2.934,0.05306,0.03596,8,16,crop_radius_minus_1.5,"atom_shuffle,coordinate_jitter",1550,10,8
colab47_crop_subsample_subsample_n10,diffsbdd,mean_qed,2.313,0.238,4.088,0.05786,0.02502,9,18,crop_radius_minus_1.5,"atom_shuffle,coordinate_jitter",1551,10,9
colab47_crop_subsample_subsample_n10,diffsbdd,mean_qed,1.574,0.186,2.831,0.04825,0.03066,9,18,crop_radius_minus_1.5,"atom_shuffle,coordinate_jitter",1552,10,9
colab47_crop_subsample_subsample_n10,diffsbdd,mean_qed,2.727,0.994,4.553,0.07286,0.02672,9,18,crop_radius_minus_1.5,"atom_shuffle,coordinate_jitter",1553,10,9
colab47_crop_subsample_subsample_n10,diffsbdd,mean_qed,2.679,1.098,3.763,0.07963,0.02972,10,20,crop_radius_minus_1.5,"atom_shuffle,coordinate_jitter",1554,10,10
colab47_crop_subsample_subsample_n10,diffsbdd,mean_qed,2.011,0.418,4.796,0.06784,0.03374,9,18,crop_radius_minus_1.5,"atom_shuffle,coordinate_jitter",1555,10,9
colab47_crop_subsample_subsample_n10,diffsbdd,mean_qed,1.453,0.73,2.444,0.04211,0.02898,9,18,crop_radius_minus_1.5,"atom_shuffle,coordinate_jitter",1556,10,9
colab47_crop_subsample_subsample_n10,diffsbdd,mean_qed,1.615,0.842,2.568,0.0562,0.0348,9,18,crop_radius_minus_1.5,"atom_shuffle,coordinate_jitter",1557,10,9
colab47_crop_subsample_subsample_n10,diffsbdd,mean_qed,1.381,0.282,3.433,0.043,0.03114,9,18,crop_radius_minus_1.5,"atom_shuffle,coordinate_jitter",1558,10,9
colab47_crop_subsample_subsample_n10,diffsbdd,mean_qed,1.848,0.7,3.547,0.06097,0.03298,10,20,crop_radius_minus_1.5,"atom_shuffle,coordinate_jitter",1559,10,10
colab47_crop_subsample_subsample_n10,diffsbdd,mean_qed,1.776,0.299,3.981,0.06086,0.03427,6,12,crop_radius_minus_1.5,"atom_shuffle,coordinate_jitter",1560,10,6
colab47_crop_subsample_subsample_n10,diffsbdd,mean_qed,2.007,0.735,3.651,0.05285,0.02633,8,16,crop_radius_minus_1.5,"atom_shuffle,coordinate_jitter",1561,10,8
colab47_crop_subsample_subsample_n10,diffsbdd,mean_qed,1.836,0.949,2.977,0.05786,0.03152,7,14,crop_radius_minus_1.5,"atom_shuffle,coordinate_jitter",1562,10,7
colab47_crop_subsample_subsample_n10,diffsbdd,mean_qed,1.776,0.755,3.691,0.07016,0.03951,8,16,crop_radius_minus_1.5,"atom_shuffle,coordinate_jitter",1563,10,8
colab47_crop_subsample_subsample_n10,diffsbdd,mean_qed,1.857,0.622,3.779,0.05641,0.03038,9,18,crop_radius_minus_1.5,"atom_shuffle,coordinate_jitter",1564,10,9
colab47_crop_subsample_subsample_n10,diffsbdd,mean_qed,2.282,0.307,3.096,0.07193,0.03152,9,18,crop_radius_minus_1.5,"atom_shuffle,coordinate_jitter",1565,10,9
colab47_crop_subsample_subsample_n10,diffsbdd,mean_qed,1.929,0.355,3.732,0.0562,0.02914,9,18,crop_radius_minus_1.5,"atom_shuffle,coordinate_jitter",1566,10,9
colab47_crop_subsample_subsample_n10,diffsbdd,mean_qed,1.961,0.805,4.359,0.06086,0.03104,8,16,crop_radius_minus_1.5,"atom_shuffle,coordinate_jitter",1567,10,8
colab47_crop_subsample_subsample_n10,diffsbdd,mean_qed,2.004,1.262,5.542,0.05641,0.02815,9,18,crop_radius_minus_1.5,"atom_shuffle,coordinate_jitter",1568,10,9
colab47_crop_subsample_subsample_n10,diffsbdd,mean_qed,1.912,0.896,3.077,0.04539,0.02374,10,20,crop_radius_minus_1.5,"atom_shuffle,coordinate_jitter",1569,10,10
colab47_crop_subsample_subsample_n10,diffsbdd,mean_qed,2.723,1.352,5.338,0.08116,0.02981,9,18,crop_radius_minus_1.5,"atom_shuffle,coordinate_jitter",1570,10,9
colab47_crop_subsample_subsample_n10,diffsbdd,mean_qed,2.461,0.991,3.649,0.07313,0.02972,10,20,crop_radius_minus_1.5,"atom_shuffle,coordinate_jitter",1571,10,10
colab47_crop_subsample_subsample_n10,diffsbdd,mean_qed,2.406,0.348,6.133,0.05296,0.02201,10,20,crop_radius_minus_1.5,"atom_shuffle,coordinate_jitter",1572,10,10
colab47_crop_subsample_subsample_n10,diffsbdd,mean_qed,3.892,0.482,8.654,0.06784,0.01743,9,18,crop_radius_minus_1.5,"atom_shuffle,coordinate_jitter",1573,10,9
colab47_crop_subsample_subsample_n10,diffsbdd,mean_qed,1.999,0.935,3.492,0.05967,0.02985,9,18,crop_radius_minus_1.5,"atom_shuffle,coordinate_jitter",1574,10,9
colab47_crop_subsample_subsample_n10,diffsbdd,mean_qed,1.741,0.636,3.17,0.04845,0.02783,10,20,crop_radius_minus_1.5,"atom_shuffle,coordinate_jitter",1575,10,10
colab47_crop_subsample_subsample_n10,diffsbdd,mean_qed,2.191,0.807,4.139,0.07061,0.03224,10,20,crop_radius_minus_1.5,"atom_shuffle,coordinate_jitter",1576,10,10
colab47_crop_subsample_subsample_n10,diffsbdd,mean_qed,1.735,0.531,2.466,0.06118,0.03525,10,20,crop_radius_minus_1.5,"atom_shuffle,coordinate_jitter",1577,10,10
colab47_crop_subsample_subsample_n10,diffsbdd,mean_qed,2.362,0.565,5.424,0.07286,0.03085,9,18,crop_radius_minus_1.5,"atom_shuffle,coordinate_jitter",1578,10,9
colab47_crop_subsample_subsample_n10,diffsbdd,mean_qed,2.107,1.149,4.925,0.06784,0.0322,9,18,crop_radius_minus_1.5,"atom_shuffle,coordinate_jitter",1579,10,9
colab47_crop_subsample_subsample_n10,diffsbdd,mean_qed,1.407,0.623,3.792,0.043,0.03055,7,14,crop_radius_minus_1.5,"atom_shuffle,coordinate_jitter",1580,10,7
colab47_crop_subsample_subsample_n10,diffsbdd,mean_qed,2.174,0.464,4.017,0.04477,0.02059,10,20,crop_radius_minus_1.5,"atom_shuffle,coordinate_jitter",1581,10,10
colab47_crop_subsample_subsample_n10,diffsbdd,mean_qed,1.699,0.186,2.505,0.0495,0.02913,9,18,crop_radius_minus_1.5,"atom_shuffle,coordinate_jitter",1582,10,9
colab47_crop_subsample_subsample_n10,diffsbdd,mean_qed,2.192,1.448,3.145,0.05714,0.02607,10,20,crop_radius_minus_1.5,"atom_shuffle,coordinate_jitter",1583,10,10
colab47_crop_subsample_subsample_n10,diffsbdd,mean_qed,2.159,0.971,4.302,0.07286,0.03374,9,18,crop_radius_minus_1.5,"atom_shuffle,coordinate_jitter",1584,10,9
colab47_crop_subsample_subsample_n10,diffsbdd,mean_qed,2.003,0.787,3.69,0.06112,0.03051,10,20,crop_radius_minus_1.5,"atom_shuffle,coordinate_jitter",1585,10,10
colab47_crop_subsample_subsample_n10,diffsbdd,mean_qed,3.123,1.802,7.106,0.06438,0.02062,9,18,crop_radius_minus_1.5,"atom_shuffle,coordinate_jitter",1586,10,9
colab47_crop_subsample_subsample_n10,diffsbdd,mean_qed,1.796,0.834,2.491,0.0709,0.03947,9,18,crop_radius_minus_1.5,"atom_shuffle,coordinate_jitter",1587,10,9
colab47_crop_subsample_subsample_n10,diffsbdd,mean_qed,1.219,0.365,2.339,0.03902,0.032,9,18,crop_radius_minus_1.5,"atom_shuffle,coordinate_jitter",1588,10,9
colab47_crop_subsample_subsample_n10,diffsbdd,mean_qed,3.638,2.264,9.161,0.07288,0.02004,9,18,crop_radius_minus_1.5,"atom_shuffle,coordinate_jitter",1589,10,9
colab47_crop_subsample_subsample_n10,diffsbdd,mean_qed,1.7,0.385,3.06,0.0495,0.02913,9,18,crop_radius_minus_1.5,"atom_shuffle,coordinate_jitter",1590,10,9
colab47_crop_subsample_subsample_n10,diffsbdd,mean_qed,1.023,0.271,2.042,0.03597,0.03516,10,20,crop_radius_minus_1.5,"atom_shuffle,coordinate_jitter",1591,10,10
colab47_crop_subsample_subsample_n10,diffsbdd,mean_qed,2.204,0.668,3.109,0.07286,0.03306,9,18,crop_radius_minus_1.5,"atom_shuffle,coordinate_jitter",1592,10,9
colab47_crop_subsample_subsample_n10,diffsbdd,mean_qed,2.639,0.33,4.089,0.07193,0.02726,7,14,crop_radius_minus_1.5,"atom_shuffle,coordinate_jitter",1593,10,7
colab47_crop_subsample_subsample_n10,diffsbdd,mean_qed,1.337,0.577,4.708,0.04211,0.0315,9,18,crop_radius_minus_1.5,"atom_shuffle,coordinate_jitter",1594,10,9
colab47_crop_subsample_subsample_n10,diffsbdd,mean_qed,1.461,0.45,3.837,0.04544,0.0311,9,18,crop_radius_minus_1.5,"atom_shuffle,coordinate_jitter",1595,10,9
colab47_crop_subsample_subsample_n10,diffsbdd,mean_qed,2.308,1.223,4.141,0.06495,0.02815,8,16,crop_radius_minus_1.5,"atom_shuffle,coordinate_jitter",1596,10,8
colab47_crop_subsample_subsample_n10,diffsbdd,mean_qed,2.102,0.99,3.53,0.0604,0.02873,10,20,crop_radius_minus_1.5,"atom_shuffle,coordinate_jitter",1597,10,10
colab47_crop_subsample_subsample_n10,diffsbdd,mean_qed,2.494,1.002,6.161,0.0495,0.01985,7,14,crop_radius_minus_1.5,"atom_shuffle,coordinate_jitter",1598,10,7
colab47_crop_subsample_subsample_n10,diffsbdd,mean_qed,2.001,0.635,3.798,0.06945,0.03472,10,20,crop_radius_minus_1.5,"atom_shuffle,coordinate_jitter",1599,10,10
colab47_crop_subsample_subsample_n10,diffsbdd,mean_qed,2.194,0.577,2.778,0.06872,0.03132,10,20,crop_radius_minus_1.5,"atom_shuffle,coordinate_jitter",1600,10,10
colab47_crop_subsample_subsample_n10,diffsbdd,mean_qed,1.807,0.887,2.477,0.0562,0.0311,9,18,crop_radius_minus_1.5,"atom_shuffle,coordinate_jitter",1601,10,9
colab47_crop_subsample_subsample_n10,diffsbdd,mean_qed,1.527,0.183,3.959,0.04235,0.02774,8,16,crop_radius_minus_1.5,"atom_shuffle,coordinate_jitter",1602,10,8
colab47_crop_subsample_subsample_n10,diffsbdd,mean_qed,1.016,0.621,2.589,0.05093,0.05014,10,20,crop_radius_minus_1.5,"atom_shuffle,coordinate_jitter",1603,10,10
colab47_crop_subsample_subsample_n10,diffsbdd,mean_qed,1.364,0.381,3.124,0.03838,0.02815,10,20,crop_radius_minus_1.5,"atom_shuffle,coordinate_jitter",1604,10,10
colab47_crop_subsample_subsample_n10,diffsbdd,mean_qed,3.158,1.049,6.539,0.06784,0.02148,9,18,crop_radius_minus_1.5,"atom_shuffle,coordinate_jitter",1605,10,9
colab47_crop_subsample_subsample_n10,diffsbdd,mean_qed,0.779,0.228,1.728,0.02574,0.03306,10,20,crop_radius_minus_1.5,"atom_shuffle,coordinate_jitter",1606,10,10
colab47_crop_subsample_subsample_n10,diffsbdd,mean_qed,2.018,0.209,3.074,0.05786,0.02867,9,18,crop_radius_minus_1.5,"atom_shuffle,coordinate_jitter",1607,10,9
colab47_crop_subsample_subsample_n10,diffsbdd,mean_qed,2.301,0.39,3.474,0.07193,0.03127,9,18,crop_radius_minus_1.5,"atom_shuffle,coordinate_jitter",1608,10,9
colab47_crop_subsample_subsample_n10,diffsbdd,mean_qed,1.466,0.287,3.804,0.03537,0.02413,10,20,crop_radius_minus_1.5,"atom_shuffle,coordinate_jitter",1609,10,10
colab47_crop_subsample_subsample_n10,diffsbdd,mean_qed,2.357,1.629,4.476,0.06784,0.02878,9,18,crop_radius_minus_1.5,"atom_shuffle,coordinate_jitter",1610,10,9
colab47_crop_subsample_subsample_n10,diffsbdd,mean_qed,1.467,0.378,3.433,0.04128,0.02815,9,18,crop_radius_minus_1.5,"atom_shuffle,coordinate_jitter",1611,10,9
colab47_crop_subsample_subsample_n10,diffsbdd,mean_qed,2.046,1.033,3.523,0.07287,0.03561,10,20,crop_radius_minus_1.5,"atom_shuffle,coordinate_jitter",1612,10,10
colab47_crop_subsample_subsample_n10,diffsbdd,mean_qed,2.723,1.722,7.18,0.07193,0.02641,7,14,crop_radius_minus_1.5,"atom_shuffle,coordinate_jitter",1613,10,7
colab47_crop_subsample_subsample_n10,diffsbdd,mean_qed,1.534,0.277,3.263,0.04256,0.02774,8,16,crop_radius_minus_1.5,"atom_shuffle,coordinate_jitter",1614,10,8
colab47_crop_subsample_subsample_n10,diffsbdd,mean_qed,1.454,0.436,3.989,0.04544,0.03126,9,18,crop_radius_minus_1.5,"atom_shuffle,coordinate_jitter",1615,10,9
colab47_crop_subsample_subsample_n10,diffsbdd,mean_qed,1.69,0.951,2.867,0.05082,0.03007,10,20,crop_radius_minus_1.5,"atom_shuffle,coordinate_jitter",1616,10,10
colab47_crop_subsample_subsample_n10,diffsbdd,mean_qed,3.701,1.113,5.856,0.07338,0.01983,9,18,crop_radius_minus_1.5,"atom_shuffle,coordinate_jitter",1617,10,9
colab47_crop_subsample_subsample_n10,diffsbdd,mean_qed,1.297,0.607,3.502,0.03903,0.03009,9,18,crop_radius_minus_1.5,"atom_shuffle,coordinate_jitter",1618,10,9
colab47_crop_subsample_subsample_n10,diffsbdd,mean_qed,2.037,1.014,3.238,0.04888,0.024,10,20,crop_radius_minus_1.5,"atom_shuffle,coordinate_jitter",1619,10,10
colab47_crop_subsample_subsample_n10,diffsbdd,mean_qed,1.723,0.941,3.442,0.05134,0.02979,10,20,crop_radius_minus_1.5,"atom_shuffle,coordinate_jitter",1620,10,10
colab47_crop_subsample_subsample_n10,diffsbdd,mean_qed,2.131,0.917,4.017,0.06465,0.03033,10,20,crop_radius_minus_1.5,"atom_shuffle,coordinate_jitter",1621,10,10
colab47_crop_subsample_subsample_n10,diffsbdd,mean_qed,1.718,0.313,3.922,0.04538,0.02641,8,16,crop_radius_minus_1.5,"atom_shuffle,coordinate_jitter",1622,10,8
colab47_crop_subsample_subsample_n10,diffsbdd,mean_qed,1.182,0.092,3.55,0.07824,0.06617,6,12,crop_radius_minus_1.5,"atom_shuffle,coordinate_jitter",1623,10,6
colab47_crop_subsample_subsample_n10,diffsbdd,mean_qed,2.391,1.316,3.729,0.07809,0.03267,9,18,crop_radius_minus_1.5,"atom_shuffle,coordinate_jitter",1624,10,9
colab47_crop_subsample_subsample_n10,diffsbdd,mean_qed,2.229,1.104,4.943,0.06376,0.0286,10,20,crop_radius_minus_1.5,"atom_shuffle,coordinate_jitter",1625,10,10
colab47_crop_subsample_subsample_n10,diffsbdd,mean_qed,3.716,0.707,4.845,0.07193,0.01936,9,18,crop_radius_minus_1.5,"atom_shuffle,coordinate_jitter",1626,10,9
colab47_crop_subsample_subsample_n10,diffsbdd,mean_qed,1.439,0.893,3.672,0.04256,0.02957,10,20,crop_radius_minus_1.5,"atom_shuffle,coordinate_jitter",1627,10,10
colab47_crop_subsample_subsample_n10,diffsbdd,mean_qed,2.544,1.112,5.22,0.085,0.03341,10,20,crop_radius_minus_1.5,"atom_shuffle,coordinate_jitter",1628,10,10
colab47_crop_subsample_subsample_n10,diffsbdd,mean_qed,1.886,1.257,3.835,0.07142,0.03786,10,20,crop_radius_minus_1.5,"atom_shuffle,coordinate_jitter",1629,10,10
colab47_crop_subsample_subsample_n10,diffsbdd,mean_qed,2.422,0.934,4.335,0.07189,0.02968,10,20,crop_radius_minus_1.5,"atom_shuffle,coordinate_jitter",1630,10,10
colab47_crop_subsample_subsample_n10,diffsbdd,mean_qed,2.71,1.594,5.402,0.0831,0.03066,9,18,crop_radius_minus_1.5,"atom_shuffle,coordinate_jitter",1631,10,9
colab47_crop_subsample_subsample_n10,diffsbdd,mean_qed,2.004,1.081,3.723,0.06086,0.03038,8,16,crop_radius_minus_1.5,"atom_shuffle,coordinate_jitter",1632,10,8
colab47_crop_subsample_subsample_n10,diffsbdd,mean_qed,2.543,2.108,4.521,0.07549,0.02968,10,20,crop_radius_minus_1.5,"atom_shuffle,coordinate_jitter",1633,10,10
colab47_crop_subsample_subsample_n10,diffsbdd,mean_qed,1.629,0.926,2.641,0.05786,0.03551,9,18,crop_radius_minus_1.5,"atom_shuffle,coordinate_jitter",1634,10,9
colab47_crop_subsample_subsample_n10,diffsbdd,mean_qed,2.031,0.636,3.158,0.06169,0.03038,10,20,crop_radius_minus_1.5,"atom_shuffle,coordinate_jitter",1635,10,10
colab47_crop_subsample_subsample_n10,diffsbdd,mean_qed,2.691,1.579,4.503,0.08403,0.03123,10,20,crop_radius_minus_1.5,"atom_shuffle,coordinate_jitter",1636,10,10
colab47_crop_subsample_subsample_n10,diffsbdd,mean_qed,1.474,0.221,2.449,0.04211,0.02857,9,18,crop_radius_minus_1.5,"atom_shuffle,coordinate_jitter",1637,10,9
colab47_crop_subsample_subsample_n10,diffsbdd,mean_qed,3.05,1.285,5.265,0.07312,0.02398,10,20,crop_radius_minus_1.5,"atom_shuffle,coordinate_jitter",1638,10,10
colab47_crop_subsample_subsample_n10,diffsbdd,mean_qed,2.245,0.821,6.421,0.05641,0.02512,9,18,crop_radius_minus_1.5,"atom_shuffle,coordinate_jitter",1639,10,9
colab47_crop_subsample_subsample_n10,diffsbdd,mean_qed,1.846,1.07,3.729,0.05043,0.02731,10,20,crop_radius_minus_1.5,"atom_shuffle,coordinate_jitter",1640,10,10
colab47_crop_subsample_subsample_n10,diffsbdd,mean_qed,2.628,0.467,4.499,0.05786,0.02201,9,18,crop_radius_minus_1.5,"atom_shuffle,coordinate_jitter",1641,10,9
colab47_crop_subsample_subsample_n10,diffsbdd,mean_qed,1.811,0.669,3.356,0.05631,0.0311,8,16,crop_radius_minus_1.5,"atom_shuffle,coordinate_jitter",1642,10,8
colab47_crop_subsample_subsample_n10,diffsbdd,mean_qed,1.901,0.362,3.202,0.05459,0.02872,10,20,crop_radius_minus_1.5,"atom_shuffle,coordinate_jitter",1643,10,10
colab47_crop_subsample_subsample_n10,diffsbdd,mean_qed,2.29,1.034,3.576,0.0562,0.02454,7,14,crop_radius_minus_1.5,"atom_shuffle,coordinate_jitter",1644,10,7
colab47_crop_subsample_subsample_n10,diffsbdd,mean_qed,1.545,0.199,3.404,0.04825,0.03123,9,18,crop_radius_minus_1.5,"atom_shuffle,coordinate_jitter",1645,10,9
colab47_crop_subsample_subsample_n10,diffsbdd,mean_qed,2.125,0.527,3.188,0.06784,0.03192,9,18,crop_radius_minus_1.5,"atom_shuffle,coordinate_jitter",1646,10,9
colab47_crop_subsample_subsample_n10,diffsbdd,mean_qed,1.901,0.381,2.959,0.05641,0.02967,9,18,crop_radius_minus_1.5,"atom_shuffle,coordinate_jitter",1647,10,9
colab47_crop_subsample_subsample_n10,diffsbdd,mean_qed,1.733,0.864,3.023,0.05165,0.0298,8,16,crop_radius_minus_1.5,"atom_shuffle,coordinate_jitter",1648,10,8
colab47_crop_subsample_subsample_n10,diffsbdd,mean_qed,2.115,0.661,4.255,0.0734,0.0347,9,18,crop_radius_minus_1.5,"atom_shuffle,coordinate_jitter",1649,10,9
colab47_crop_subsample_subsample_n10,diffsbdd,mean_qed,1.299,0.736,2.042,0.04057,0.03123,10,20,crop_radius_minus_1.5,"atom_shuffle,coordinate_jitter",1650,10,10
colab47_crop_subsample_subsample_n10,diffsbdd,mean_qed,2.082,1.339,3.481,0.06203,0.02979,10,20,crop_radius_minus_1.5,"atom_shuffle,coordinate_jitter",1651,10,10
colab47_crop_subsample_subsample_n10,diffsbdd,mean_qed,2.892,1.423,3.748,0.06989,0.02417,10,20,crop_radius_minus_1.5,"atom_shuffle,coordinate_jitter",1652,10,10
colab47_crop_subsample_subsample_n10,diffsbdd,mean_qed,1.525,0.323,2.969,0.03738,0.02451,8,16,crop_radius_minus_1.5,"atom_shuffle,coordinate_jitter",1653,10,8
colab47_crop_subsample_subsample_n10,diffsbdd,mean_qed,2.545,0.858,4.27,0.07215,0.02835,8,16,crop_radius_minus_1.5,"atom_shuffle,coordinate_jitter",1654,10,8
colab47_crop_subsample_subsample_n10,diffsbdd,mean_qed,2.844,1.0,6.981,0.06479,0.02279,10,20,crop_radius_minus_1.5,"atom_shuffle,coordinate_jitter",1655,10,10
colab47_crop_subsample_subsample_n10,diffsbdd,mean_qed,2.213,0.614,4.554,0.0495,0.02237,9,18,crop_radius_minus_1.5,"atom_shuffle,coordinate_jitter",1656,10,9
colab47_crop_subsample_subsample_n10,diffsbdd,mean_qed,2.416,1.536,6.255,0.06889,0.02851,10,20,crop_radius_minus_1.5,"atom_shuffle,coordinate_jitter",1657,10,10
colab47_crop_subsample_subsample_n10,diffsbdd,mean_qed,2.153,0.307,4.314,0.07313,0.03397,10,20,crop_radius_minus_1.5,"atom_shuffle,coordinate_jitter",1658,10,10
colab47_crop_subsample_subsample_n10,diffsbdd,mean_qed,1.275,0.394,3.052,0.04211,0.03304,9,18,crop_radius_minus_1.5,"atom_shuffle,coordinate_jitter",1659,10,9
colab47_crop_subsample_subsample_n10,diffsbdd,mean_qed,2.519,0.659,5.16,0.0709,0.02815,7,14,crop_radius_minus_1.5,"atom_shuffle,coordinate_jitter",1660,10,7
colab47_crop_subsample_subsample_n10,diffsbdd,mean_qed,1.24,0.673,2.251,0.04685,0.03779,10,20,crop_radius_minus_1.5,"atom_shuffle,coordinate_jitter",1661,10,10
colab47_crop_subsample_subsample_n10,diffsbdd,mean_qed,1.379,0.194,3.548,0.04926,0.03573,10,20,crop_radius_minus_1.5,"atom_shuffle,coordinate_jitter",1662,10,10
colab47_crop_subsample_subsample_n10,diffsbdd,mean_qed,2.607,1.059,6.602,0.07338,0.02815,9,18,crop_radius_minus_1.5,"atom_shuffle,coordinate_jitter",1663,10,9
colab47_crop_subsample_subsample_n10,diffsbdd,mean_qed,1.281,0.724,2.122,0.04825,0.03768,9,18,crop_radius_minus_1.5,"atom_shuffle,coordinate_jitter",1664,10,9
colab47_crop_subsample_subsample_n10,diffsbdd,mean_qed,1.727,0.309,2.794,0.05459,0.03161,10,20,crop_radius_minus_1.5,"atom_shuffle,coordinate_jitter",1665,10,10
colab47_crop_subsample_subsample_n10,diffsbdd,mean_qed,2.35,1.113,4.393,0.07575,0.03224,10,20,crop_radius_minus_1.5,"atom_shuffle,coordinate_jitter",1666,10,10
colab47_crop_subsample_subsample_n10,diffsbdd,mean_qed,1.651,0.408,2.509,0.05804,0.03515,8,16,crop_radius_minus_1.5,"atom_shuffle,coordinate_jitter",1667,10,8
colab47_crop_subsample_subsample_n10,diffsbdd,mean_qed,2.436,0.668,3.686,0.0724,0.02972,10,20,crop_radius_minus_1.5,"atom_shuffle,coordinate_jitter",1668,10,10
colab47_crop_subsample_subsample_n10,diffsbdd,mean_qed,2.047,1.207,2.972,0.0684,0.03341,10,20,crop_radius_minus_1.5,"atom_shuffle,coordinate_jitter",1669,10,10
colab47_crop_subsample_subsample_n10,diffsbdd,mean_qed,2.01,1.137,4.272,0.05958,0.02964,10,20,crop_radius_minus_1.5,"atom_shuffle,coordinate_jitter",1670,10,10
colab47_crop_subsample_subsample_n10,diffsbdd,mean_qed,1.967,1.146,3.513,0.05285,0.02688,10,20,crop_radius_minus_1.5,"atom_shuffle,coordinate_jitter",1671,10,10
colab47_crop_subsample_subsample_n10,diffsbdd,mean_qed,1.801,0.142,2.728,0.05641,0.03132,9,18,crop_radius_minus_1.5,"atom_shuffle,coordinate_jitter",1672,10,9
colab47_crop_subsample_subsample_n10,diffsbdd,mean_qed,2.229,0.279,3.621,0.0709,0.0318,9,18,crop_radius_minus_1.5,"atom_shuffle,coordinate_jitter",1673,10,9
colab47_crop_subsample_subsample_n10,diffsbdd,mean_qed,2.004,0.899,3.317,0.0496,0.02475,8,16,crop_radius_minus_1.5,"atom_shuffle,coordinate_jitter",1674,10,8
colab47_crop_subsample_subsample_n10,diffsbdd,mean_qed,2.919,1.445,4.959,0.06495,0.02225,10,20,crop_radius_minus_1.5,"atom_shuffle,coordinate_jitter",1675,10,10
colab47_crop_subsample_subsample_n10,diffsbdd,mean_qed,1.618,0.765,3.39,0.07286,0.04504,9,18,crop_radius_minus_1.5,"atom_shuffle,coordinate_jitter",1676,10,9
colab47_crop_subsample_subsample_n10,diffsbdd,mean_qed,1.503,0.685,3.389,0.043,0.0286,9,18,crop_radius_minus_1.5,"atom_shuffle,coordinate_jitter",1677,10,9
colab47_crop_subsample_subsample_n10,diffsbdd,mean_qed,1.608,0.4,2.511,0.04102,0.02551,10,20,crop_radius_minus_1.5,"atom_shuffle,coordinate_jitter",1678,10,10
colab47_crop_subsample_subsample_n10,diffsbdd,mean_qed,1.823,0.161,3.116,0.05283,0.02898,8,16,crop_radius_minus_1.5,"atom_shuffle,coordinate_jitter",1679,10,8
colab47_crop_subsample_subsample_n10,diffsbdd,mean_qed,1.952,0.841,3.672,0.06453,0.03306,10,20,crop_radius_minus_1.5,"atom_shuffle,coordinate_jitter",1680,10,10
colab47_crop_subsample_subsample_n10,diffsbdd,mean_qed,1.427,0.295,3.911,0.04544,0.03184,9,18,crop_radius_minus_1.5,"atom_shuffle,coordinate_jitter",1681,10,9
colab47_crop_subsample_subsample_n10,diffsbdd,mean_qed,2.62,1.197,4.416,0.07479,0.02855,9,18,crop_radius_minus_1.5,"atom_shuffle,coordinate_jitter",1682,10,9
colab47_crop_subsample_subsample_n10,diffsbdd,mean_qed,2.647,0.806,5.573,0.0649,0.02451,10,20,crop_radius_minus_1.5,"atom_shuffle,coordinate_jitter",1683,10,10
colab47_crop_subsample_subsample_n10,diffsbdd,mean_qed,0.823,0.228,2.813,0.02174,0.02642,8,16,crop_radius_minus_1.5,"atom_shuffle,coordinate_jitter",1684,10,8
colab47_crop_subsample_subsample_n10,diffsbdd,mean_qed,1.808,0.506,2.526,0.04211,0.02329,9,18,crop_radius_minus_1.5,"atom_shuffle,coordinate_jitter",1685,10,9
colab47_crop_subsample_subsample_n10,diffsbdd,mean_qed,1.417,0.329,3.564,0.03597,0.02538,10,20,crop_radius_minus_1.5,"atom_shuffle,coordinate_jitter",1686,10,10
colab47_crop_subsample_subsample_n10,diffsbdd,mean_qed,1.86,0.344,3.864,0.05641,0.03033,9,18,crop_radius_minus_1.5,"atom_shuffle,coordinate_jitter",1687,10,9
colab47_crop_subsample_subsample_n10,diffsbdd,mean_qed,2.245,0.534,3.233,0.0562,0.02503,9,18,crop_radius_minus_1.5,"atom_shuffle,coordinate_jitter",1688,10,9
colab47_crop_subsample_subsample_n10,diffsbdd,mean_qed,1.058,0.281,2.144,0.0417,0.03941,10,20,crop_radius_minus_1.5,"atom_shuffle,coordinate_jitter",1689,10,10
colab47_crop_subsample_subsample_n10,diffsbdd,mean_qed,1.571,0.949,3.095,0.0495,0.03152,9,18,crop_radius_minus_1.5,"atom_shuffle,coordinate_jitter",1690,10,9
colab47_crop_subsample_subsample_n10,diffsbdd,mean_qed,1.646,0.305,2.64,0.05306,0.03224,10,20,crop_radius_minus_1.5,"atom_shuffle,coordinate_jitter",1691,10,10
colab47_crop_subsample_subsample_n10,diffsbdd,mean_qed,1.564,0.813,3.765,0.04888,0.03126,8,16,crop_radius_minus_1.5,"atom_shuffle,coordinate_jitter",1692,10,8
colab47_crop_subsample_subsample_n10,diffsbdd,mean_qed,2.565,1.314,4.394,0.07603,0.02964,10,20,crop_radius_minus_1.5,"atom_shuffle,coordinate_jitter",1693,10,10
colab47_crop_subsample_subsample_n10,diffsbdd,mean_qed,1.309,0.18,2.62,0.03902,0.0298,9,18,crop_radius_minus_1.5,"atom_shuffle,coordinate_jitter",1694,10,9
colab47_crop_subsample_subsample_n10,diffsbdd,mean_qed,1.644,0.189,2.842,0.05786,0.03519,9,18,crop_radius_minus_1.5,"atom_shuffle,coordinate_jitter",1695,10,9
colab47_crop_subsample_subsample_n10,diffsbdd,mean_qed,1.874,0.622,4.605,0.05459,0.02913,10,20,crop_radius_minus_1.5,"atom_shuffle,coordinate_jitter",1696,10,10
colab47_crop_subsample_subsample_n10,diffsbdd,mean_qed,2.171,1.249,3.229,0.06029,0.02777,10,20,crop_radius_minus_1.5,"atom_shuffle,coordinate_jitter",1697,10,10
colab47_crop_subsample_subsample_n10,diffsbdd,mean_qed,2.162,0.274,2.964,0.06784,0.03138,9,18,crop_radius_minus_1.5,"atom_shuffle,coordinate_jitter",1698,10,9
colab47_crop_subsample_subsample_n10,diffsbdd,mean_qed,1.6,0.289,4.209,0.04563,0.02851,10,20,crop_radius_minus_1.5,"atom_shuffle,coordinate_jitter",1699,10,10
colab47_crop_subsample_subsample_n10,diffsbdd,mean_qed,3.262,1.345,5.882,0.06203,0.01901,10,20,crop_radius_minus_1.5,"atom_shuffle,coordinate_jitter",1700,10,10
colab47_crop_subsample_subsample_n10,diffsbdd,mean_qed,2.357,1.541,3.682,0.06438,0.02731,9,18,crop_radius_minus_1.5,"atom_shuffle,coordinate_jitter",1701,10,9
colab47_crop_subsample_subsample_n10,diffsbdd,mean_qed,2.106,0.448,3.96,0.06438,0.03057,9,18,crop_radius_minus_1.5,"atom_shuffle,coordinate_jitter",1702,10,9
colab47_crop_subsample_subsample_n10,diffsbdd,mean_qed,1.025,0.216,4.165,0.02481,0.0242,10,20,crop_radius_minus_1.5,"atom_shuffle,coordinate_jitter",1703,10,10
colab47_crop_subsample_subsample_n10,diffsbdd,mean_qed,1.869,0.365,2.665,0.0602,0.03221,8,16,crop_radius_minus_1.5,"atom_shuffle,coordinate_jitter",1704,10,8
colab47_crop_subsample_subsample_n10,diffsbdd,mean_qed,1.595,0.261,2.623,0.0495,0.03103,9,18,crop_radius_minus_1.5,"atom_shuffle,coordinate_jitter",1705,10,9
colab47_crop_subsample_subsample_n10,diffsbdd,mean_qed,2.052,0.219,2.603,0.06784,0.03306,9,18,crop_radius_minus_1.5,"atom_shuffle,coordinate_jitter",1706,10,9
colab47_crop_subsample_subsample_n10,diffsbdd,mean_qed,1.923,0.742,3.711,0.05786,0.03009,9,18,crop_radius_minus_1.5,"atom_shuffle,coordinate_jitter",1707,10,9
colab47_crop_subsample_subsample_n10,diffsbdd,mean_qed,2.007,0.814,2.948,0.05958,0.02968,8,16,crop_radius_minus_1.5,"atom_shuffle,coordinate_jitter",1708,10,8
colab47_crop_subsample_subsample_n10,diffsbdd,mean_qed,2.085,0.96,4.494,0.05694,0.02731,10,20,crop_radius_minus_1.5,"atom_shuffle,coordinate_jitter",1709,10,10
colab47_crop_subsample_subsample_n10,diffsbdd,mean_qed,1.456,0.726,2.791,0.05369,0.03687,10,20,crop_radius_minus_1.5,"atom_shuffle,coordinate_jitter",1710,10,10
colab47_crop_subsample_subsample_n10,diffsbdd,mean_qed,3.7,1.41,6.504,0.09669,0.02613,9,18,crop_radius_minus_1.5,"atom_shuffle,coordinate_jitter",1711,10,9
colab47_crop_subsample_subsample_n10,diffsbdd,mean_qed,1.554,0.557,2.887,0.04477,0.0288,10,20,crop_radius_minus_1.5,"atom_shuffle,coordinate_jitter",1712,10,10
colab47_crop_subsample_subsample_n10,diffsbdd,mean_qed,1.419,0.224,2.788,0.04211,0.02967,9,18,crop_radius_minus_1.5,"atom_shuffle,coordinate_jitter",1713,10,9
colab47_crop_subsample_subsample_n10,diffsbdd,mean_qed,2.4,0.512,4.116,0.07288,0.03037,9,18,crop_radius_minus_1.5,"atom_shuffle,coordinate_jitter",1714,10,9
colab47_crop_subsample_subsample_n10,diffsbdd,mean_qed,1.87,0.78,2.385,0.05804,0.03103,10,20,crop_radius_minus_1.5,"atom_shuffle,coordinate_jitter",1715,10,10
colab47_crop_subsample_subsample_n10,diffsbdd,mean_qed,2.049,0.663,4.395,0.05967,0.02913,7,14,crop_radius_minus_1.5,"atom_shuffle,coordinate_jitter",1716,10,7
colab47_crop_subsample_subsample_n10,diffsbdd,mean_qed,2.199,0.398,4.487,0.06552,0.0298,9,18,crop_radius_minus_1.5,"atom_shuffle,coordinate_jitter",1717,10,9
colab47_crop_subsample_subsample_n10,diffsbdd,mean_qed,2.589,1.496,5.306,0.07288,0.02815,9,18,crop_radius_minus_1.5,"atom_shuffle,coordinate_jitter",1718,10,9
colab47_crop_subsample_subsample_n10,diffsbdd,mean_qed,1.864,0.355,3.341,0.06552,0.03516,9,18,crop_radius_minus_1.5,"atom_shuffle,coordinate_jitter",1719,10,9
colab47_crop_subsample_subsample_n10,diffsbdd,mean_qed,3.321,0.319,8.817,0.07193,0.02166,9,18,crop_radius_minus_1.5,"atom_shuffle,coordinate_jitter",1720,10,9
colab47_crop_subsample_subsample_n10,diffsbdd,mean_qed,1.807,1.12,3.276,0.05306,0.02937,8,16,crop_radius_minus_1.5,"atom_shuffle,coordinate_jitter",1721,10,8
colab47_crop_subsample_subsample_n10,diffsbdd,mean_qed,3.078,1.356,5.348,0.06668,0.02166,10,20,crop_radius_minus_1.5,"atom_shuffle,coordinate_jitter",1722,10,10
colab47_crop_subsample_subsample_n10,diffsbdd,mean_qed,2.236,0.356,5.361,0.05595,0.02502,10,20,crop_radius_minus_1.5,"atom_shuffle,coordinate_jitter",1723,10,10
colab47_crop_subsample_subsample_n10,diffsbdd,mean_qed,2.206,0.972,3.703,0.05082,0.02304,10,20,crop_radius_minus_1.5,"atom_shuffle,coordinate_jitter",1724,10,10
colab47_crop_subsample_subsample_n10,diffsbdd,mean_qed,1.297,0.52,1.937,0.04057,0.03128,10,20,crop_radius_minus_1.5,"atom_shuffle,coordinate_jitter",1725,10,10
colab47_crop_subsample_subsample_n10,diffsbdd,mean_qed,2.704,0.966,5.068,0.06888,0.02548,10,20,crop_radius_minus_1.5,"atom_shuffle,coordinate_jitter",1726,10,10
colab47_crop_subsample_subsample_n10,diffsbdd,mean_qed,3.55,0.846,6.981,0.06611,0.01862,8,16,crop_radius_minus_1.5,"atom_shuffle,coordinate_jitter",1727,10,8
colab47_crop_subsample_subsample_n10,diffsbdd,mean_qed,2.358,1.054,5.111,0.07825,0.03318,10,20,crop_radius_minus_1.5,"atom_shuffle,coordinate_jitter",1728,10,10
colab47_crop_subsample_subsample_n10,diffsbdd,mean_qed,1.684,0.362,2.847,0.05227,0.03104,8,16,crop_radius_minus_1.5,"atom_shuffle,coordinate_jitter",1729,10,8
colab47_crop_subsample_subsample_n10,diffsbdd,mean_qed,2.835,0.442,5.452,0.07338,0.02588,9,18,crop_radius_minus_1.5,"atom_shuffle,coordinate_jitter",1730,10,9
colab47_crop_subsample_subsample_n10,diffsbdd,mean_qed,2.252,0.877,3.639,0.07193,0.03194,9,18,crop_radius_minus_1.5,"atom_shuffle,coordinate_jitter",1731,10,9
colab47_crop_subsample_subsample_n10,diffsbdd,mean_qed,1.489,0.784,3.362,0.06438,0.04324,9,18,crop_radius_minus_1.5,"atom_shuffle,coordinate_jitter",1732,10,9
colab47_crop_subsample_subsample_n10,diffsbdd,mean_qed,1.12,0.19,2.566,0.04563,0.04075,10,20,crop_radius_minus_1.5,"atom_shuffle,coordinate_jitter",1733,10,10
colab47_crop_subsample_subsample_n10,diffsbdd,mean_qed,2.231,0.363,3.907,0.07288,0.03267,9,18,crop_radius_minus_1.5,"atom_shuffle,coordinate_jitter",1734,10,9
colab47_crop_subsample_subsample_n10,diffsbdd,mean_qed,2.262,0.464,4.117,0.05786,0.02558,9,18,crop_radius_minus_1.5,"atom_shuffle,coordinate_jitter",1735,10,9
colab47_crop_subsample_subsample_n10,diffsbdd,mean_qed,1.86,0.699,4.031,0.05641,0.03033,9,18,crop_radius_minus_1.5,"atom_shuffle,coordinate_jitter",1736,10,9
colab47_crop_subsample_subsample_n10,diffsbdd,mean_qed,2.203,1.039,2.511,0.07188,0.03263,10,20,crop_radius_minus_1.5,"atom_shuffle,coordinate_jitter",1737,10,10
colab47_crop_subsample_subsample_n10,diffsbdd,mean_qed,2.295,0.94,3.508,0.07036,0.03066,10,20,crop_radius_minus_1.5,"atom_shuffle,coordinate_jitter",1738,10,10
colab47_crop_subsample_subsample_n10,diffsbdd,mean_qed,2.484,1.282,4.353,0.0724,0.02915,10,20,crop_radius_minus_1.5,"atom_shuffle,coordinate_jitter",1739,10,10
colab47_crop_subsample_subsample_n10,diffsbdd,mean_qed,2.17,0.992,3.032,0.06945,0.032,10,20,crop_radius_minus_1.5,"atom_shuffle,coordinate_jitter",1740,10,10
colab47_crop_subsample_subsample_n10,diffsbdd,mean_qed,2.111,0.415,3.743,0.05967,0.02826,9,18,crop_radius_minus_1.5,"atom_shuffle,coordinate_jitter",1741,10,9
colab47_crop_subsample_subsample_n10,diffsbdd,mean_qed,2.461,0.864,4.91,0.06285,0.02554,8,16,crop_radius_minus_1.5,"atom_shuffle,coordinate_jitter",1742,10,8
colab47_crop_subsample_subsample_n10,diffsbdd,mean_qed,1.138,0.416,2.584,0.03376,0.02967,9,18,crop_radius_minus_1.5,"atom_shuffle,coordinate_jitter",1743,10,9
colab47_crop_subsample_subsample_n10,diffsbdd,mean_qed,2.847,1.284,3.793,0.06406,0.0225,8,16,crop_radius_minus_1.5,"atom_shuffle,coordinate_jitter",1744,10,8
colab47_crop_subsample_subsample_n10,diffsbdd,mean_qed,1.309,0.736,2.637,0.0562,0.04293,9,18,crop_radius_minus_1.5,"atom_shuffle,coordinate_jitter",1745,10,9
colab47_crop_subsample_subsample_n10,diffsbdd,mean_qed,1.997,0.548,3.215,0.06438,0.03224,7,14,crop_radius_minus_1.5,"atom_shuffle,coordinate_jitter",1746,10,7
colab47_crop_subsample_subsample_n10,diffsbdd,mean_qed,2.563,0.516,5.019,0.0831,0.03243,7,14,crop_radius_minus_1.5,"atom_shuffle,coordinate_jitter",1747,10,7
colab47_crop_subsample_subsample_n10,diffsbdd,mean_qed,2.314,1.149,4.551,0.07193,0.03108,7,14,crop_radius_minus_1.5,"atom_shuffle,coordinate_jitter",1748,10,7
colab47_crop_subsample_subsample_n10,diffsbdd,mean_qed,1.494,0.307,2.528,0.04845,0.03244,10,20,crop_radius_minus_1.5,"atom_shuffle,coordinate_jitter",1749,10,10
colab47_crop_subsample_subsample_n10,diffsbdd,mean_qed,1.533,0.252,2.755,0.04466,0.02913,10,20,crop_radius_minus_1.5,"atom_shuffle,coordinate_jitter",1750,10,10
colab47_crop_subsample_subsample_n10,diffsbdd,mean_qed,2.502,1.286,5.016,0.07338,0.02933,9,18,crop_radius_minus_1.5,"atom_shuffle,coordinate_jitter",1751,10,9
colab47_crop_subsample_subsample_n10,diffsbdd,mean_qed,1.875,0.578,2.789,0.06203,0.03309,10,20,crop_radius_minus_1.5,"atom_shuffle,coordinate_jitter",1752,10,10
colab47_crop_subsample_subsample_n10,diffsbdd,mean_qed,1.745,1.116,2.502,0.05459,0.03128,10,20,crop_radius_minus_1.5,"atom_shuffle,coordinate_jitter",1753,10,10
colab47_crop_subsample_subsample_n10,diffsbdd,mean_qed,2.249,0.3,5.067,0.06552,0.02913,9,18,crop_radius_minus_1.5,"atom_shuffle,coordinate_jitter",1754,10,9
colab47_crop_subsample_subsample_n10,diffsbdd,mean_qed,3.197,0.595,4.876,0.07193,0.0225,9,18,crop_radius_minus_1.5,"atom_shuffle,coordinate_jitter",1755,10,9
colab47_crop_subsample_subsample_n10,diffsbdd,mean_qed,3.827,1.888,6.886,0.07596,0.01985,10,20,crop_radius_minus_1.5,"atom_shuffle,coordinate_jitter",1756,10,10
colab47_crop_subsample_subsample_n10,diffsbdd,mean_qed,2.048,0.841,5.865,0.05233,0.02555,10,20,crop_radius_minus_1.5,"atom_shuffle,coordinate_jitter",1757,10,10
colab47_crop_subsample_subsample_n10,diffsbdd,mean_qed,1.744,0.595,2.319,0.06919,0.03967,10,20,crop_radius_minus_1.5,"atom_shuffle,coordinate_jitter",1758,10,10
colab47_crop_subsample_subsample_n10,diffsbdd,mean_qed,1.005,0.196,2.363,0.02315,0.02304,7,14,crop_radius_minus_1.5,"atom_shuffle,coordinate_jitter",1759,10,7
colab47_crop_subsample_subsample_n10,diffsbdd,mean_qed,2.122,0.804,3.409,0.06112,0.0288,10,20,crop_radius_minus_1.5,"atom_shuffle,coordinate_jitter",1760,10,10
colab47_crop_subsample_subsample_n10,diffsbdd,mean_qed,2.48,0.416,4.206,0.06552,0.02641,9,18,crop_radius_minus_1.5,"atom_shuffle,coordinate_jitter",1761,10,9
colab47_crop_subsample_subsample_n10,diffsbdd,mean_qed,0.9,0.149,1.901,0.03751,0.04167,10,20,crop_radius_minus_1.5,"atom_shuffle,coordinate_jitter",1762,10,10
colab47_crop_subsample_subsample_n10,diffsbdd,mean_qed,1.599,0.547,2.242,0.05396,0.03374,10,20,crop_radius_minus_1.5,"atom_shuffle,coordinate_jitter",1763,10,10
colab47_crop_subsample_subsample_n10,diffsbdd,mean_qed,2.211,0.238,3.926,0.06438,0.02911,9,18,crop_radius_minus_1.5,"atom_shuffle,coordinate_jitter",1764,10,9
colab47_crop_subsample_subsample_n10,diffsbdd,mean_qed,1.0,0.307,3.895,0.043,0.043,9,18,crop_radius_minus_1.5,"atom_shuffle,coordinate_jitter",1765,10,9
colab47_crop_subsample_subsample_n10,diffsbdd,mean_qed,1.893,0.186,2.672,0.05641,0.0298,9,18,crop_radius_minus_1.5,"atom_shuffle,coordinate_jitter",1766,10,9
colab47_crop_subsample_subsample_n10,diffsbdd,mean_qed,2.218,1.251,4.386,0.07193,0.03244,9,18,crop_radius_minus_1.5,"atom_shuffle,coordinate_jitter",1767,10,9
colab47_crop_subsample_subsample_n10,diffsbdd,mean_qed,2.419,1.316,3.215,0.07189,0.02972,10,20,crop_radius_minus_1.5,"atom_shuffle,coordinate_jitter",1768,10,10
colab47_crop_subsample_subsample_n10,diffsbdd,mean_qed,2.374,0.341,4.328,0.07713,0.0325,9,18,crop_radius_minus_1.5,"atom_shuffle,coordinate_jitter",1769,10,9
colab47_crop_subsample_subsample_n10,diffsbdd,mean_qed,2.283,1.186,3.39,0.07809,0.0342,7,14,crop_radius_minus_1.5,"atom_shuffle,coordinate_jitter",1770,10,7
colab47_crop_subsample_subsample_n10,diffsbdd,mean_qed,2.129,0.86,2.804,0.06203,0.02913,10,20,crop_radius_minus_1.5,"atom_shuffle,coordinate_jitter",1771,10,10
colab47_crop_subsample_subsample_n10,diffsbdd,mean_qed,1.474,0.578,2.402,0.04772,0.03237,8,16,crop_radius_minus_1.5,"atom_shuffle,coordinate_jitter",1772,10,8
colab47_crop_subsample_subsample_n10,diffsbdd,mean_qed,1.645,0.548,3.94,0.04563,0.02774,10,20,crop_radius_minus_1.5,"atom_shuffle,coordinate_jitter",1773,10,10
colab47_crop_subsample_subsample_n10,diffsbdd,mean_qed,1.725,0.646,2.6,0.06366,0.0369,10,20,crop_radius_minus_1.5,"atom_shuffle,coordinate_jitter",1774,10,10
colab47_crop_subsample_subsample_n10,diffsbdd,mean_qed,1.476,0.71,2.534,0.04378,0.02967,10,20,crop_radius_minus_1.5,"atom_shuffle,coordinate_jitter",1775,10,10
colab47_crop_subsample_subsample_n10,diffsbdd,mean_qed,2.905,1.4,5.912,0.07479,0.02574,9,18,crop_radius_minus_1.5,"atom_shuffle,coordinate_jitter",1776,10,9
colab47_crop_subsample_subsample_n10,diffsbdd,mean_qed,2.066,1.181,3.722,0.05285,0.02558,10,20,crop_radius_minus_1.5,"atom_shuffle,coordinate_jitter",1777,10,10
colab47_crop_subsample_subsample_n10,diffsbdd,mean_qed,1.407,0.15,4.619,0.03903,0.02774,9,18,crop_radius_minus_1.5,"atom_shuffle,coordinate_jitter",1778,10,9
colab47_crop_subsample_subsample_n10,diffsbdd,mean_qed,1.388,0.488,2.692,0.04999,0.03602,10,20,crop_radius_minus_1.5,"atom_shuffle,coordinate_jitter",1779,10,10
colab47_crop_subsample_subsample_n10,diffsbdd,mean_qed,5.039,0.87,10.853,0.07193,0.01427,9,18,crop_radius_minus_1.5,"atom_shuffle,coordinate_jitter",1780,10,9
colab47_crop_subsample_subsample_n10,diffsbdd,mean_qed,3.008,0.185,7.391,0.06784,0.02255,7,14,crop_radius_minus_1.5,"atom_shuffle,coordinate_jitter",1781,10,7
colab47_crop_subsample_subsample_n10,diffsbdd,mean_qed,1.901,0.16,3.14,0.05641,0.02967,9,18,crop_radius_minus_1.5,"atom_shuffle,coordinate_jitter",1782,10,9
colab47_crop_subsample_subsample_n10,diffsbdd,mean_qed,2.144,0.424,3.375,0.05631,0.02626,8,16,crop_radius_minus_1.5,"atom_shuffle,coordinate_jitter",1783,10,8
colab47_crop_subsample_subsample_n10,diffsbdd,mean_qed,1.361,0.252,2.808,0.04224,0.03104,10,20,crop_radius_minus_1.5,"atom_shuffle,coordinate_jitter",1784,10,10
colab47_crop_subsample_subsample_n10,diffsbdd,mean_qed,2.57,1.725,4.014,0.07286,0.02835,7,14,crop_radius_minus_1.5,"atom_shuffle,coordinate_jitter",1785,10,7
colab47_crop_subsample_subsample_n10,diffsbdd,mean_qed,1.688,0.885,3.187,0.04999,0.02961,8,16,crop_radius_minus_1.5,"atom_shuffle,coordinate_jitter",1786,10,8
colab47_crop_subsample_subsample_n10,diffsbdd,mean_qed,2.51,1.235,5.667,0.05043,0.0201,10,20,crop_radius_minus_1.5,"atom_shuffle,coordinate_jitter",1787,10,10
colab47_crop_subsample_subsample_n10,diffsbdd,mean_qed,2.011,0.308,2.964,0.06784,0.03374,9,18,crop_radius_minus_1.5,"atom_shuffle,coordinate_jitter",1788,10,9
colab47_crop_subsample_subsample_n10,diffsbdd,mean_qed,1.675,0.569,3.02,0.05256,0.03138,10,20,crop_radius_minus_1.5,"atom_shuffle,coordinate_jitter",1789,10,10
colab47_crop_subsample_subsample_n10,diffsbdd,mean_qed,2.184,1.089,4.014,0.06009,0.02752,8,16,crop_radius_minus_1.5,"atom_shuffle,coordinate_jitter",1790,10,8
colab47_crop_subsample_subsample_n10,diffsbdd,mean_qed,1.571,0.809,2.736,0.04885,0.0311,8,16,crop_radius_minus_1.5,"atom_shuffle,coordinate_jitter",1791,10,8
colab47_crop_subsample_subsample_n10,diffsbdd,mean_qed,2.142,1.415,6.029,0.06611,0.03086,10,20,crop_radius_minus_1.5,"atom_shuffle,coordinate_jitter",1792,10,10
colab47_crop_subsample_subsample_n10,diffsbdd,mean_qed,1.865,0.78,4.29,0.06815,0.03655,10,20,crop_radius_minus_1.5,"atom_shuffle,coordinate_jitter",1793,10,10
colab47_crop_subsample_subsample_n10,diffsbdd,mean_qed,2.168,1.203,3.731,0.0562,0.02593,9,18,crop_radius_minus_1.5,"atom_shuffle,coordinate_jitter",1794,10,9
colab47_crop_subsample_subsample_n10,diffsbdd,mean_qed,2.342,1.505,3.515,0.07336,0.03132,10,20,crop_radius_minus_1.5,"atom_shuffle,coordinate_jitter",1795,10,10
colab47_crop_subsample_subsample_n10,diffsbdd,mean_qed,2.125,0.288,3.779,0.05641,0.02654,7,14,crop_radius_minus_1.5,"atom_shuffle,coordinate_jitter",1796,10,7
colab47_crop_subsample_subsample_n10,diffsbdd,mean_qed,2.245,1.108,4.149,0.07076,0.03152,8,16,crop_radius_minus_1.5,"atom_shuffle,coordinate_jitter",1797,10,8
colab47_crop_subsample_subsample_n10,diffsbdd,mean_qed,1.77,0.676,2.824,0.06627,0.03743,8,16,crop_radius_minus_1.5,"atom_shuffle,coordinate_jitter",1798,10,8
colab47_crop_subsample_subsample_n10,diffsbdd,mean_qed,2.067,0.273,3.068,0.06784,0.03282,9,18,crop_radius_minus_1.5,"atom_shuffle,coordinate_jitter",1799,10,9
colab47_crop_subsample_subsample_n10,diffsbdd,mean_qed,2.144,1.324,3.559,0.05967,0.02783,9,18,crop_radius_minus_1.5,"atom_shuffle,coordinate_jitter",1800,10,9
colab47_crop_subsample_subsample_n10,diffsbdd,mean_qed,2.224,1.271,4.088,0.06285,0.02826,10,20,crop_radius_minus_1.5,"atom_shuffle,coordinate_jitter",1801,10,10
colab47_crop_subsample_subsample_n10,diffsbdd,mean_qed,3.077,1.785,4.812,0.07193,0.02338,9,18,crop_radius_minus_1.5,"atom_shuffle,coordinate_jitter",1802,10,9
colab47_crop_subsample_subsample_n10,diffsbdd,mean_qed,2.589,1.443,4.453,0.06872,0.02655,10,20,crop_radius_minus_1.5,"atom_shuffle,coordinate_jitter",1803,10,10
colab47_crop_subsample_subsample_n10,diffsbdd,mean_qed,2.369,0.433,3.886,0.07016,0.02961,8,16,crop_radius_minus_1.5,"atom_shuffle,coordinate_jitter",1804,10,8
colab47_crop_subsample_subsample_n10,diffsbdd,mean_qed,1.342,0.15,2.056,0.04825,0.03596,9,18,crop_radius_minus_1.5,"atom_shuffle,coordinate_jitter",1805,10,9
colab47_crop_subsample_subsample_n10,diffsbdd,mean_qed,1.707,0.227,2.668,0.05632,0.03298,10,20,crop_radius_minus_1.5,"atom_shuffle,coordinate_jitter",1806,10,10
colab47_crop_subsample_subsample_n10,diffsbdd,mean_qed,3.336,2.21,7.546,0.06989,0.02095,8,16,crop_radius_minus_1.5,"atom_shuffle,coordinate_jitter",1807,10,8
colab47_crop_subsample_subsample_n10,diffsbdd,mean_qed,2.433,0.811,3.954,0.08691,0.03572,9,18,crop_radius_minus_1.5,"atom_shuffle,coordinate_jitter",1808,10,9
colab47_crop_subsample_subsample_n10,diffsbdd,mean_qed,0.979,0.168,3.528,0.02802,0.02861,10,20,crop_radius_minus_1.5,"atom_shuffle,coordinate_jitter",1809,10,10
colab47_crop_subsample_subsample_n10,diffsbdd,mean_qed,1.499,0.609,2.694,0.04364,0.02911,10,20,crop_radius_minus_1.5,"atom_shuffle,coordinate_jitter",1810,10,10
colab47_crop_subsample_subsample_n10,diffsbdd,mean_qed,4.285,1.987,12.047,0.09203,0.02148,8,16,crop_radius_minus_1.5,"atom_shuffle,coordinate_jitter",1811,10,8
colab47_crop_subsample_subsample_n10,diffsbdd,mean_qed,1.706,0.233,5.13,0.0495,0.02901,9,18,crop_radius_minus_1.5,"atom_shuffle,coordinate_jitter",1812,10,9
colab47_crop_subsample_subsample_n10,diffsbdd,mean_qed,3.02,0.859,6.343,0.07409,0.02453,8,16,crop_radius_minus_1.5,"atom_shuffle,coordinate_jitter",1813,10,8
colab47_crop_subsample_subsample_n10,diffsbdd,mean_qed,1.973,1.283,3.519,0.07809,0.03958,9,18,crop_radius_minus_1.5,"atom_shuffle,coordinate_jitter",1814,10,9
colab47_crop_subsample_subsample_n10,diffsbdd,mean_qed,1.769,1.117,3.288,0.04888,0.02763,8,16,crop_radius_minus_1.5,"atom_shuffle,coordinate_jitter",1815,10,8
colab47_crop_subsample_subsample_n10,diffsbdd,mean_qed,1.189,0.689,3.258,0.04256,0.03578,8,16,crop_radius_minus_1.5,"atom_shuffle,coordinate_jitter",1816,10,8
colab47_crop_subsample_subsample_n10,diffsbdd,mean_qed,1.595,0.654,2.539,0.04845,0.03038,8,16,crop_radius_minus_1.5,"atom_shuffle,coordinate_jitter",1817,10,8
colab47_crop_subsample_subsample_n10,diffsbdd,mean_qed,0.382,0.186,4.217,0.01106,0.02898,9,18,crop_radius_minus_1.5,"atom_shuffle,coordinate_jitter",1818,10,9
colab47_crop_subsample_subsample_n10,diffsbdd,mean_qed,1.348,0.287,3.029,0.0455,0.03374,10,20,crop_radius_minus_1.5,"atom_shuffle,coordinate_jitter",1819,10,10
colab47_crop_subsample_subsample_n10,diffsbdd,mean_qed,2.364,0.74,4.639,0.07383,0.03123,8,16,crop_radius_minus_1.5,"atom_shuffle,coordinate_jitter",1820,10,8
colab47_crop_subsample_subsample_n10,diffsbdd,mean_qed,2.048,0.198,3.886,0.05967,0.02913,9,18,crop_radius_minus_1.5,"atom_shuffle,coordinate_jitter",1821,10,9
colab47_crop_subsample_subsample_n10,diffsbdd,mean_qed,2.246,0.982,3.35,0.0724,0.03224,10,20,crop_radius_minus_1.5,"atom_shuffle,coordinate_jitter",1822,10,10
colab47_crop_subsample_subsample_n10,diffsbdd,mean_qed,1.262,0.503,2.261,0.04378,0.0347,10,20,crop_radius_minus_1.5,"atom_shuffle,coordinate_jitter",1823,10,10
colab47_crop_subsample_subsample_n10,diffsbdd,mean_qed,1.347,0.443,2.191,0.04015,0.0298,8,16,crop_radius_minus_1.5,"atom_shuffle,coordinate_jitter",1824,10,8
colab47_crop_subsample_subsample_n10,diffsbdd,mean_qed,1.992,0.972,5.678,0.04888,0.02453,8,16,crop_radius_minus_1.5,"atom_shuffle,coordinate_jitter",1825,10,8
colab47_crop_subsample_subsample_n10,diffsbdd,mean_qed,2.202,1.151,2.78,0.0709,0.03221,9,18,crop_radius_minus_1.5,"atom_shuffle,coordinate_jitter",1826,10,9
colab47_crop_subsample_subsample_n10,diffsbdd,mean_qed,3.083,1.688,7.245,0.07915,0.02567,8,16,crop_radius_minus_1.5,"atom_shuffle,coordinate_jitter",1827,10,8
colab47_crop_subsample_subsample_n10,diffsbdd,mean_qed,1.276,0.386,2.504,0.04544,0.0356,9,18,crop_radius_minus_1.5,"atom_shuffle,coordinate_jitter",1828,10,9
colab47_crop_subsample_subsample_n10,diffsbdd,mean_qed,2.37,0.536,6.458,0.07266,0.03065,8,16,crop_radius_minus_1.5,"atom_shuffle,coordinate_jitter",1829,10,8
colab47_crop_subsample_subsample_n10,diffsbdd,mean_qed,2.793,1.671,8.432,0.08691,0.03112,9,18,crop_radius_minus_1.5,"atom_shuffle,coordinate_jitter",1830,10,9
colab47_crop_subsample_subsample_n10,diffsbdd,mean_qed,2.007,1.031,4.427,0.05134,0.02558,10,20,crop_radius_minus_1.5,"atom_shuffle,coordinate_jitter",1831,10,10
colab47_crop_subsample_subsample_n10,diffsbdd,mean_qed,2.021,0.929,5.814,0.0724,0.03583,10,20,crop_radius_minus_1.5,"atom_shuffle,coordinate_jitter",1832,10,10
colab47_crop_subsample_subsample_n10,diffsbdd,mean_qed,1.681,0.647,2.725,0.0626,0.03724,10,20,crop_radius_minus_1.5,"atom_shuffle,coordinate_jitter",1833,10,10
colab47_crop_subsample_subsample_n10,diffsbdd,mean_qed,1.857,0.6,2.732,0.05641,0.03037,9,18,crop_radius_minus_1.5,"atom_shuffle,coordinate_jitter",1834,10,9
colab47_crop_subsample_subsample_n10,diffsbdd,mean_qed,1.454,0.166,3.335,0.04825,0.03318,9,18,crop_radius_minus_1.5,"atom_shuffle,coordinate_jitter",1835,10,9
colab47_crop_subsample_subsample_n10,diffsbdd,mean_qed,2.063,0.859,5.574,0.0495,0.024,9,18,crop_radius_minus_1.5,"atom_shuffle,coordinate_jitter",1836,10,9
colab47_crop_subsample_subsample_n10,diffsbdd,mean_qed,1.862,1.011,3.269,0.0604,0.03244,8,16,crop_radius_minus_1.5,"atom_shuffle,coordinate_jitter",1837,10,8
colab47_crop_subsample_subsample_n10,diffsbdd,mean_qed,2.384,1.433,4.746,0.06668,0.02797,10,20,crop_radius_minus_1.5,"atom_shuffle,coordinate_jitter",1838,10,10
colab47_crop_subsample_subsample_n10,diffsbdd,mean_qed,1.589,0.365,3.65,0.04629,0.02913,10,20,crop_radius_minus_1.5,"atom_shuffle,coordinate_jitter",1839,10,10
colab47_crop_subsample_subsample_n10,diffsbdd,mean_qed,2.455,1.408,7.218,0.07142,0.0291,10,20,crop_radius_minus_1.5,"atom_shuffle,coordinate_jitter",1840,10,10
colab47_crop_subsample_subsample_n10,diffsbdd,mean_qed,2.306,0.807,4.764,0.06611,0.02867,8,16,crop_radius_minus_1.5,"atom_shuffle,coordinate_jitter",1841,10,8
colab47_crop_subsample_subsample_n10,diffsbdd,mean_qed,1.382,0.381,3.299,0.0495,0.03583,9,18,crop_radius_minus_1.5,"atom_shuffle,coordinate_jitter",1842,10,9
colab47_crop_subsample_subsample_n10,diffsbdd,mean_qed,2.424,1.161,3.575,0.0649,0.02678,10,20,crop_radius_minus_1.5,"atom_shuffle,coordinate_jitter",1843,10,10
colab47_crop_subsample_subsample_n10,diffsbdd,mean_qed,2.283,0.951,3.455,0.06784,0.02971,9,18,crop_radius_minus_1.5,"atom_shuffle,coordinate_jitter",1844,10,9
colab47_crop_subsample_subsample_n10,diffsbdd,mean_qed,3.251,0.61,4.304,0.07314,0.0225,10,20,crop_radius_minus_1.5,"atom_shuffle,coordinate_jitter",1845,10,10
colab47_crop_subsample_subsample_n10,diffsbdd,mean_qed,1.553,1.156,4.235,0.04544,0.02926,9,18,crop_radius_minus_1.5,"atom_shuffle,coordinate_jitter",1846,10,9
colab47_crop_subsample_subsample_n10,diffsbdd,mean_qed,2.686,1.332,5.259,0.06784,0.02525,9,18,crop_radius_minus_1.5,"atom_shuffle,coordinate_jitter",1847,10,9
colab47_crop_subsample_subsample_n10,diffsbdd,mean_qed,2.39,0.302,4.23,0.06529,0.02731,10,20,crop_radius_minus_1.5,"atom_shuffle,coordinate_jitter",1848,10,10
colab47_crop_subsample_subsample_n10,diffsbdd,mean_qed,2.939,2.113,4.303,0.07288,0.02479,9,18,crop_radius_minus_1.5,"atom_shuffle,coordinate_jitter",1849,10,9
colab47_crop_subsample_subsample_n10,diffsbdd,mean_qed,2.873,0.994,5.519,0.07409,0.02579,8,16,crop_radius_minus_1.5,"atom_shuffle,coordinate_jitter",1850,10,8
colab47_crop_subsample_subsample_n10,diffsbdd,mean_qed,1.195,0.319,2.437,0.03795,0.03175,10,20,crop_radius_minus_1.5,"atom_shuffle,coordinate_jitter",1851,10,10
colab47_crop_subsample_subsample_n10,diffsbdd,mean_qed,1.973,1.093,2.954,0.05877,0.02978,10,20,crop_radius_minus_1.5,"atom_shuffle,coordinate_jitter",1852,10,10
colab47_crop_subsample_subsample_n10,diffsbdd,mean_qed,2.067,0.813,3.927,0.06438,0.03114,9,18,crop_radius_minus_1.5,"atom_shuffle,coordinate_jitter",1853,10,9
colab47_crop_subsample_subsample_n10,diffsbdd,mean_qed,1.532,0.993,3.605,0.04825,0.0315,9,18,crop_radius_minus_1.5,"atom_shuffle,coordinate_jitter",1854,10,9
colab47_crop_subsample_subsample_n10,diffsbdd,mean_qed,2.175,1.321,3.913,0.0734,0.03374,9,18,crop_radius_minus_1.5,"atom_shuffle,coordinate_jitter",1855,10,9
colab47_crop_subsample_subsample_n10,diffsbdd,mean_qed,2.129,0.287,3.823,0.06495,0.03051,10,20,crop_radius_minus_1.5,"atom_shuffle,coordinate_jitter",1856,10,10
colab47_crop_subsample_subsample_n10,diffsbdd,mean_qed,2.004,1.508,2.944,0.05967,0.02978,9,18,crop_radius_minus_1.5,"atom_shuffle,coordinate_jitter",1857,10,9
colab47_crop_subsample_subsample_n10,diffsbdd,mean_qed,1.177,0.504,2.498,0.03794,0.03224,8,16,crop_radius_minus_1.5,"atom_shuffle,coordinate_jitter",1858,10,8
colab47_crop_subsample_subsample_n10,diffsbdd,mean_qed,1.216,0.205,3.176,0.03108,0.02555,10,20,crop_radius_minus_1.5,"atom_shuffle,coordinate_jitter",1859,10,10
colab47_crop_subsample_subsample_n10,diffsbdd,mean_qed,2.283,0.969,3.942,0.06784,0.02971,9,18,crop_radius_minus_1.5,"atom_shuffle,coordinate_jitter",1860,10,9
colab47_crop_subsample_subsample_n10,diffsbdd,mean_qed,1.211,0.178,2.839,0.06112,0.05046,8,16,crop_radius_minus_1.5,"atom_shuffle,coordinate_jitter",1861,10,8
colab47_crop_subsample_subsample_n10,diffsbdd,mean_qed,2.486,0.567,4.252,0.07338,0.02951,9,18,crop_radius_minus_1.5,"atom_shuffle,coordinate_jitter",1862,10,9
colab47_crop_subsample_subsample_n10,diffsbdd,mean_qed,1.337,0.632,2.518,0.07338,0.05489,7,14,crop_radius_minus_1.5,"atom_shuffle,coordinate_jitter",1863,10,7
colab47_crop_subsample_subsample_n10,diffsbdd,mean_qed,1.885,0.209,3.734,0.0495,0.02626,9,18,crop_radius_minus_1.5,"atom_shuffle,coordinate_jitter",1864,10,9
colab47_crop_subsample_subsample_n10,diffsbdd,mean_qed,1.905,0.517,2.847,0.0626,0.03286,10,20,crop_radius_minus_1.5,"atom_shuffle,coordinate_jitter",1865,10,10
colab47_crop_subsample_subsample_n10,diffsbdd,mean_qed,2.019,0.415,3.632,0.05786,0.02866,9,18,crop_radius_minus_1.5,"atom_shuffle,coordinate_jitter",1866,10,9
colab47_crop_subsample_subsample_n10,diffsbdd,mean_qed,1.497,0.372,2.381,0.04825,0.03224,9,18,crop_radius_minus_1.5,"atom_shuffle,coordinate_jitter",1867,10,9
colab47_crop_subsample_subsample_n10,diffsbdd,mean_qed,2.014,0.365,3.651,0.0495,0.02458,9,18,crop_radius_minus_1.5,"atom_shuffle,coordinate_jitter",1868,10,9
colab47_crop_subsample_subsample_n10,diffsbdd,mean_qed,2.105,0.936,4.122,0.06784,0.03224,9,18,crop_radius_minus_1.5,"atom_shuffle,coordinate_jitter",1869,10,9
colab47_crop_subsample_subsample_n10,diffsbdd,mean_qed,1.436,0.333,2.327,0.04629,0.03224,8,16,crop_radius_minus_1.5,"atom_shuffle,coordinate_jitter",1870,10,8
colab47_crop_subsample_subsample_n10,diffsbdd,mean_qed,1.828,0.61,2.98,0.05223,0.02857,10,20,crop_radius_minus_1.5,"atom_shuffle,coordinate_jitter",1871,10,10
colab47_crop_subsample_subsample_n10,diffsbdd,mean_qed,1.205,0.64,2.174,0.05641,0.04682,9,18,crop_radius_minus_1.5,"atom_shuffle,coordinate_jitter",1872,10,9
colab47_crop_subsample_subsample_n10,diffsbdd,mean_qed,2.614,0.232,5.105,0.07193,0.02752,9,18,crop_radius_minus_1.5,"atom_shuffle,coordinate_jitter",1873,10,9
colab47_crop_subsample_subsample_n10,diffsbdd,mean_qed,1.932,1.023,4.709,0.06213,0.03215,10,20,crop_radius_minus_1.5,"atom_shuffle,coordinate_jitter",1874,10,10
colab47_crop_subsample_subsample_n10,diffsbdd,mean_qed,2.891,1.859,4.165,0.06937,0.024,10,20,crop_radius_minus_1.5,"atom_shuffle,coordinate_jitter",1875,10,10
colab47_crop_subsample_subsample_n10,diffsbdd,mean_qed,1.664,0.605,4.381,0.04685,0.02815,10,20,crop_radius_minus_1.5,"atom_shuffle,coordinate_jitter",1876,10,10
colab47_crop_subsample_subsample_n10,diffsbdd,mean_qed,2.411,1.679,5.796,0.05786,0.024,9,18,crop_radius_minus_1.5,"atom_shuffle,coordinate_jitter",1877,10,9
colab47_crop_subsample_subsample_n10,diffsbdd,mean_qed,2.225,0.939,4.144,0.0831,0.03734,9,18,crop_radius_minus_1.5,"atom_shuffle,coordinate_jitter",1878,10,9
colab47_crop_subsample_subsample_n10,diffsbdd,mean_qed,1.629,0.755,5.151,0.0495,0.03038,9,18,crop_radius_minus_1.5,"atom_shuffle,coordinate_jitter",1879,10,9
colab47_crop_subsample_subsample_n10,diffsbdd,mean_qed,1.998,0.942,3.528,0.04539,0.02272,10,20,crop_radius_minus_1.5,"atom_shuffle,coordinate_jitter",1880,10,10
colab47_crop_subsample_subsample_n10,diffsbdd,mean_qed,2.204,0.906,3.67,0.0562,0.02549,9,18,crop_radius_minus_1.5,"atom_shuffle,coordinate_jitter",1881,10,9
colab47_crop_subsample_subsample_n10,diffsbdd,mean_qed,1.844,0.844,4.633,0.07266,0.03941,10,20,crop_radius_minus_1.5,"atom_shuffle,coordinate_jitter",1882,10,10
colab47_crop_subsample_subsample_n10,diffsbdd,mean_qed,2.666,0.994,7.616,0.0495,0.01857,9,18,crop_radius_minus_1.5,"atom_shuffle,coordinate_jitter",1883,10,9
colab47_crop_subsample_subsample_n10,diffsbdd,mean_qed,1.293,0.312,4.43,0.0417,0.03224,10,20,crop_radius_minus_1.5,"atom_shuffle,coordinate_jitter",1884,10,10
colab47_crop_subsample_subsample_n10,diffsbdd,mean_qed,1.717,0.612,3.653,0.05093,0.02967,10,20,crop_radius_minus_1.5,"atom_shuffle,coordinate_jitter",1885,10,10
colab47_crop_subsample_subsample_n10,diffsbdd,mean_qed,3.036,0.486,4.841,0.07338,0.02417,9,18,crop_radius_minus_1.5,"atom_shuffle,coordinate_jitter",1886,10,9
colab47_crop_subsample_subsample_n10,diffsbdd,mean_qed,1.84,0.944,2.867,0.05967,0.03244,9,18,crop_radius_minus_1.5,"atom_shuffle,coordinate_jitter",1887,10,9
colab47_crop_subsample_subsample_n10,diffsbdd,mean_qed,1.281,0.546,2.113,0.04825,0.03768,9,18,crop_radius_minus_1.5,"atom_shuffle,coordinate_jitter",1888,10,9
colab47_crop_subsample_subsample_n10,diffsbdd,mean_qed,0.894,0.449,2.615,0.043,0.04809,9,18,crop_radius_minus_1.5,"atom_shuffle,coordinate_jitter",1889,10,9
colab47_crop_subsample_subsample_n10,diffsbdd,mean_qed,1.728,0.402,2.796,0.04844,0.02803,10,20,crop_radius_minus_1.5,"atom_shuffle,coordinate_jitter",1890,10,10
colab47_crop_subsample_subsample_n10,diffsbdd,mean_qed,2.441,1.263,6.047,0.07312,0.02996,10,20,crop_radius_minus_1.5,"atom_shuffle,coordinate_jitter",1891,10,10
colab47_crop_subsample_subsample_n10,diffsbdd,mean_qed,3.257,0.398,8.927,0.0566,0.01738,8,16,crop_radius_minus_1.5,"atom_shuffle,coordinate_jitter",1892,10,8
colab47_crop_subsample_subsample_n10,diffsbdd,mean_qed,1.591,0.387,3.279,0.04544,0.02857,9,18,crop_radius_minus_1.5,"atom_shuffle,coordinate_jitter",1893,10,9
colab47_crop_subsample_subsample_n10,diffsbdd,mean_qed,2.248,1.363,7.385,0.0724,0.03221,8,16,crop_radius_minus_1.5,"atom_shuffle,coordinate_jitter",1894,10,8
colab47_crop_subsample_subsample_n10,diffsbdd,mean_qed,2.054,0.443,4.182,0.05609,0.02731,8,16,crop_radius_minus_1.5,"atom_shuffle,coordinate_jitter",1895,10,8
colab47_crop_subsample_subsample_n10,diffsbdd,mean_qed,2.515,1.26,5.206,0.06989,0.02778,10,20,crop_radius_minus_1.5,"atom_shuffle,coordinate_jitter",1896,10,10
colab47_crop_subsample_subsample_n10,diffsbdd,mean_qed,1.791,0.661,4.122,0.05082,0.02838,10,20,crop_radius_minus_1.5,"atom_shuffle,coordinate_jitter",1897,10,10
colab47_crop_subsample_subsample_n10,diffsbdd,mean_qed,1.892,0.174,2.887,0.05325,0.02815,8,16,crop_radius_minus_1.5,"atom_shuffle,coordinate_jitter",1898,10,8
colab47_crop_subsample_subsample_n10,diffsbdd,mean_qed,1.453,0.569,3.586,0.04685,0.03224,10,20,crop_radius_minus_1.5,"atom_shuffle,coordinate_jitter",1899,10,10
colab47_crop_subsample_subsample_n10,diffsbdd,mean_qed,2.91,0.583,4.128,0.0562,0.01932,9,18,crop_radius_minus_1.5,"atom_shuffle,coordinate_jitter",1900,10,9
colab47_crop_subsample_subsample_n10,diffsbdd,mean_qed,1.475,0.386,2.858,0.04101,0.0278,10,20,crop_radius_minus_1.5,"atom_shuffle,coordinate_jitter",1901,10,10
colab47_crop_subsample_subsample_n10,diffsbdd,mean_qed,2.161,1.354,4.388,0.0734,0.03397,9,18,crop_radius_minus_1.5,"atom_shuffle,coordinate_jitter",1902,10,9
colab47_crop_subsample_subsample_n10,diffsbdd,mean_qed,1.902,0.685,6.056,0.05641,0.02967,9,18,crop_radius_minus_1.5,"atom_shuffle,coordinate_jitter",1903,10,9
colab47_crop_subsample_subsample_n10,diffsbdd,mean_qed,1.948,0.585,4.341,0.06112,0.03138,10,20,crop_radius_minus_1.5,"atom_shuffle,coordinate_jitter",1904,10,10
colab47_crop_subsample_subsample_n10,diffsbdd,mean_qed,2.622,0.893,4.345,0.07288,0.0278,9,18,crop_radius_minus_1.5,"atom_shuffle,coordinate_jitter",1905,10,9
colab47_crop_subsample_subsample_n10,diffsbdd,mean_qed,2.26,0.615,5.38,0.07286,0.03224,9,18,crop_radius_minus_1.5,"atom_shuffle,coordinate_jitter",1906,10,9
colab47_crop_subsample_subsample_n10,diffsbdd,mean_qed,2.17,1.021,4.469,0.06438,0.02967,9,18,crop_radius_minus_1.5,"atom_shuffle,coordinate_jitter",1907,10,9
colab47_crop_subsample_subsample_n10,diffsbdd,mean_qed,3.015,0.276,6.659,0.06784,0.0225,7,14,crop_radius_minus_1.5,"atom_shuffle,coordinate_jitter",1908,10,7
colab47_crop_subsample_subsample_n10,diffsbdd,mean_qed,1.783,0.548,3.979,0.0495,0.02777,9,18,crop_radius_minus_1.5,"atom_shuffle,coordinate_jitter",1909,10,9
colab47_crop_subsample_subsample_n10,diffsbdd,mean_qed,2.488,1.448,7.701,0.07453,0.02995,10,20,crop_radius_minus_1.5,"atom_shuffle,coordinate_jitter",1910,10,10
colab47_crop_subsample_subsample_n10,diffsbdd,mean_qed,2.996,0.739,5.088,0.07727,0.02579,10,20,crop_radius_minus_1.5,"atom_shuffle,coordinate_jitter",1911,10,10
colab47_crop_subsample_subsample_n10,diffsbdd,mean_qed,2.345,1.497,6.084,0.05714,0.02436,10,20,crop_radius_minus_1.5,"atom_shuffle,coordinate_jitter",1912,10,10
colab47_crop_subsample_subsample_n10,diffsbdd,mean_qed,1.282,0.656,2.434,0.03752,0.02926,8,16,crop_radius_minus_1.5,"atom_shuffle,coordinate_jitter",1913,10,8
colab47_crop_subsample_subsample_n10,diffsbdd,mean_qed,1.76,0.71,3.484,0.05542,0.03149,8,16,crop_radius_minus_1.5,"atom_shuffle,coordinate_jitter",1914,10,8
colab47_crop_subsample_subsample_n10,diffsbdd,mean_qed,2.326,0.36,3.863,0.06628,0.0285,8,16,crop_radius_minus_1.5,"atom_shuffle,coordinate_jitter",1915,10,8
colab47_crop_subsample_subsample_n10,diffsbdd,mean_qed,1.528,1.244,3.555,0.043,0.02815,9,18,crop_radius_minus_1.5,"atom_shuffle,coordinate_jitter",1916,10,9
colab47_crop_subsample_subsample_n10,diffsbdd,mean_qed,2.474,1.034,4.724,0.07574,0.03062,10,20,crop_radius_minus_1.5,"atom_shuffle,coordinate_jitter",1917,10,10
colab47_crop_subsample_subsample_n10,diffsbdd,mean_qed,1.49,0.45,2.251,0.05171,0.0347,10,20,crop_radius_minus_1.5,"atom_shuffle,coordinate_jitter",1918,10,10
colab47_crop_subsample_subsample_n10,diffsbdd,mean_qed,1.906,0.345,3.831,0.05793,0.0304,10,20,crop_radius_minus_1.5,"atom_shuffle,coordinate_jitter",1919,10,10
colab47_crop_subsample_subsample_n10,diffsbdd,mean_qed,3.182,1.285,4.633,0.06959,0.02187,10,20,crop_radius_minus_1.5,"atom_shuffle,coordinate_jitter",1920,10,10
colab47_crop_subsample_subsample_n10,diffsbdd,mean_qed,2.537,0.474,4.571,0.07142,0.02815,8,16,crop_radius_minus_1.5,"atom_shuffle,coordinate_jitter",1921,10,8
colab47_crop_subsample_subsample_n10,diffsbdd,mean_qed,2.175,1.149,3.738,0.0626,0.02878,8,16,crop_radius_minus_1.5,"atom_shuffle,coordinate_jitter",1922,10,8
colab47_crop_subsample_subsample_n10,diffsbdd,mean_qed,1.912,0.381,3.695,0.04539,0.02374,10,20,crop_radius_minus_1.5,"atom_shuffle,coordinate_jitter",1923,10,10
colab47_crop_subsample_subsample_n10,diffsbdd,mean_qed,2.01,1.31,4.236,0.05786,0.02878,9,18,crop_radius_minus_1.5,"atom_shuffle,coordinate_jitter",1924,10,9
colab47_crop_subsample_subsample_n10,diffsbdd,mean_qed,1.485,0.261,2.931,0.04538,0.03057,10,20,crop_radius_minus_1.5,"atom_shuffle,coordinate_jitter",1925,10,10
colab47_crop_subsample_subsample_n10,diffsbdd,mean_qed,2.486,0.254,5.283,0.06438,0.0259,9,18,crop_radius_minus_1.5,"atom_shuffle,coordinate_jitter",1926,10,9
colab47_crop_subsample_subsample_n10,diffsbdd,mean_qed,1.739,1.094,3.456,0.06945,0.03995,8,16,crop_radius_minus_1.5,"atom_shuffle,coordinate_jitter",1927,10,8
colab47_crop_subsample_subsample_n10,diffsbdd,mean_qed,1.867,0.888,3.238,0.05794,0.03104,10,20,crop_radius_minus_1.5,"atom_shuffle,coordinate_jitter",1928,10,10
colab47_crop_subsample_subsample_n10,diffsbdd,mean_qed,3.069,1.755,4.462,0.06438,0.02097,9,18,crop_radius_minus_1.5,"atom_shuffle,coordinate_jitter",1929,10,9
colab47_crop_subsample_subsample_n10,diffsbdd,mean_qed,1.785,0.365,3.103,0.06438,0.03606,9,18,crop_radius_minus_1.5,"atom_shuffle,coordinate_jitter",1930,10,9
colab47_crop_subsample_subsample_n10,diffsbdd,mean_qed,2.575,0.702,3.349,0.07713,0.02996,9,18,crop_radius_minus_1.5,"atom_shuffle,coordinate_jitter",1931,10,9
colab47_crop_subsample_subsample_n10,diffsbdd,mean_qed,1.999,0.331,4.265,0.04163,0.02083,8,16,crop_radius_minus_1.5,"atom_shuffle,coordinate_jitter",1932,10,8
colab47_crop_subsample_subsample_n10,diffsbdd,mean_qed,1.896,1.079,2.836,0.05804,0.03062,10,20,crop_radius_minus_1.5,"atom_shuffle,coordinate_jitter",1933,10,10
colab47_crop_subsample_subsample_n10,diffsbdd,mean_qed,1.358,0.172,3.616,0.03902,0.02873,9,18,crop_radius_minus_1.5,"atom_shuffle,coordinate_jitter",1934,10,9
colab47_crop_subsample_subsample_n10,diffsbdd,mean_qed,2.221,0.817,3.649,0.05368,0.02417,10,20,crop_radius_minus_1.5,"atom_shuffle,coordinate_jitter",1935,10,10
colab47_crop_subsample_subsample_n10,diffsbdd,mean_qed,2.902,0.712,4.414,0.06086,0.02097,10,20,crop_radius_minus_1.5,"atom_shuffle,coordinate_jitter",1936,10,10
colab47_crop_subsample_subsample_n10,diffsbdd,mean_qed,1.343,0.307,5.394,0.03902,0.02904,9,18,crop_radius_minus_1.5,"atom_shuffle,coordinate_jitter",1937,10,9
colab47_crop_subsample_subsample_n10,diffsbdd,mean_qed,2.641,0.381,4.805,0.07214,0.02731,10,20,crop_radius_minus_1.5,"atom_shuffle,coordinate_jitter",1938,10,10
colab47_crop_subsample_subsample_n10,diffsbdd,mean_qed,0.886,0.366,1.756,0.02174,0.02453,8,16,crop_radius_minus_1.5,"atom_shuffle,coordinate_jitter",1939,10,8
colab47_crop_subsample_subsample_n10,diffsbdd,mean_qed,0.817,0.429,4.811,0.02315,0.02835,9,18,crop_radius_minus_1.5,"atom_shuffle,coordinate_jitter",1940,10,9
colab47_crop_subsample_subsample_n10,diffsbdd,mean_qed,1.268,0.854,2.225,0.04057,0.032,10,20,crop_radius_minus_1.5,"atom_shuffle,coordinate_jitter",1941,10,10
colab47_crop_subsample_subsample_n10,diffsbdd,mean_qed,2.347,0.984,4.145,0.06285,0.02678,10,20,crop_radius_minus_1.5,"atom_shuffle,coordinate_jitter",1942,10,10
colab47_crop_subsample_subsample_n10,diffsbdd,mean_qed,2.381,0.348,3.784,0.06552,0.02752,9,18,crop_radius_minus_1.5,"atom_shuffle,coordinate_jitter",1943,10,9
colab47_crop_subsample_subsample_n10,diffsbdd,mean_qed,1.492,0.196,3.835,0.04075,0.02731,8,16,crop_radius_minus_1.5,"atom_shuffle,coordinate_jitter",1944,10,8
colab47_crop_subsample_subsample_n10,diffsbdd,mean_qed,2.148,0.355,7.355,0.06815,0.03173,8,16,crop_radius_minus_1.5,"atom_shuffle,coordinate_jitter",1945,10,8
colab47_crop_subsample_subsample_n10,diffsbdd,mean_qed,1.306,0.578,2.908,0.0417,0.03194,8,16,crop_radius_minus_1.5,"atom_shuffle,coordinate_jitter",1946,10,8
colab47_crop_subsample_subsample_n10,diffsbdd,mean_qed,2.683,1.451,4.701,0.0684,0.02549,10,20,crop_radius_minus_1.5,"atom_shuffle,coordinate_jitter",1947,10,10
colab47_crop_subsample_subsample_n10,diffsbdd,mean_qed,1.799,1.117,3.513,0.05043,0.02803,10,20,crop_radius_minus_1.5,"atom_shuffle,coordinate_jitter",1948,10,10
colab47_crop_subsample_subsample_n10,diffsbdd,mean_qed,2.018,1.342,5.899,0.05877,0.02913,10,20,crop_radius_minus_1.5,"atom_shuffle,coordinate_jitter",1949,10,10
colab47_crop_subsample_subsample_n10,diffsbdd,mean_qed,2.372,0.451,4.225,0.06784,0.0286,9,18,crop_radius_minus_1.5,"atom_shuffle,coordinate_jitter",1950,10,9
colab47_crop_subsample_subsample_n10,diffsbdd,mean_qed,1.709,0.71,2.646,0.05223,0.03055,10,20,crop_radius_minus_1.5,"atom_shuffle,coordinate_jitter",1951,10,10
colab47_crop_subsample_subsample_n10,diffsbdd,mean_qed,2.341,1.281,4.528,0.06417,0.02742,8,16,crop_radius_minus_1.5,"atom_shuffle,coordinate_jitter",1952,10,8
colab47_crop_subsample_subsample_n10,diffsbdd,mean_qed,1.358,0.746,2.236,0.0562,0.04139,9,18,crop_radius_minus_1.5,"atom_shuffle,coordinate_jitter",1953,10,9
colab47_crop_subsample_subsample_n10,diffsbdd,mean_qed,1.477,0.362,4.528,0.04223,0.0286,10,20,crop_radius_minus_1.5,"atom_shuffle,coordinate_jitter",1954,10,10
colab47_crop_subsample_subsample_n10,diffsbdd,mean_qed,2.446,0.812,6.022,0.0709,0.02898,9,18,crop_radius_minus_1.5,"atom_shuffle,coordinate_jitter",1955,10,9
colab47_crop_subsample_subsample_n10,diffsbdd,mean_qed,1.787,0.436,2.64,0.05459,0.03055,10,20,crop_radius_minus_1.5,"atom_shuffle,coordinate_jitter",1956,10,10
colab47_crop_subsample_subsample_n10,diffsbdd,mean_qed,2.358,0.841,4.438,0.0649,0.02752,10,20,crop_radius_minus_1.5,"atom_shuffle,coordinate_jitter",1957,10,10
colab47_crop_subsample_subsample_n10,diffsbdd,mean_qed,1.72,0.903,3.791,0.0534,0.03104,10,20,crop_radius_minus_1.5,"atom_shuffle,coordinate_jitter",1958,10,10
colab47_crop_subsample_subsample_n10,diffsbdd,mean_qed,2.575,0.524,6.588,0.07479,0.02904,9,18,crop_radius_minus_1.5,"atom_shuffle,coordinate_jitter",1959,10,9
colab47_crop_subsample_subsample_n10,diffsbdd,mean_qed,1.34,0.193,3.252,0.03829,0.02857,8,16,crop_radius_minus_1.5,"atom_shuffle,coordinate_jitter",1960,10,8
colab47_crop_subsample_subsample_n10,diffsbdd,mean_qed,1.53,0.936,2.645,0.05093,0.03328,10,20,crop_radius_minus_1.5,"atom_shuffle,coordinate_jitter",1961,10,10
colab47_crop_subsample_subsample_n10,diffsbdd,mean_qed,0.817,0.238,2.843,0.02504,0.03066,8,16,crop_radius_minus_1.5,"atom_shuffle,coordinate_jitter",1962,10,8
colab47_crop_subsample_subsample_n10,diffsbdd,mean_qed,2.011,1.262,2.635,0.06784,0.03374,9,18,crop_radius_minus_1.5,"atom_shuffle,coordinate_jitter",1963,10,9
colab47_crop_subsample_subsample_n10,diffsbdd,mean_qed,3.025,1.414,4.416,0.07338,0.02426,9,18,crop_radius_minus_1.5,"atom_shuffle,coordinate_jitter",1964,10,9
colab47_crop_subsample_subsample_n10,diffsbdd,mean_qed,1.269,0.303,2.347,0.03333,0.02626,10,20,crop_radius_minus_1.5,"atom_shuffle,coordinate_jitter",1965,10,10
colab47_crop_subsample_subsample_n10,diffsbdd,mean_qed,2.612,1.953,4.508,0.07479,0.02863,9,18,crop_radius_minus_1.5,"atom_shuffle,coordinate_jitter",1966,10,9
colab47_crop_subsample_subsample_n10,diffsbdd,mean_qed,2.204,1.421,5.396,0.06203,0.02815,8,16,crop_radius_minus_1.5,"atom_shuffle,coordinate_jitter",1967,10,8
colab47_crop_subsample_subsample_n10,diffsbdd,mean_qed,1.594,0.837,2.675,0.0741,0.0465,10,20,crop_radius_minus_1.5,"atom_shuffle,coordinate_jitter",1968,10,10
colab47_crop_subsample_subsample_n10,diffsbdd,mean_qed,0.909,0.416,2.395,0.03376,0.03712,9,18,crop_radius_minus_1.5,"atom_shuffle,coordinate_jitter",1969,10,9
colab47_crop_subsample_subsample_n10,diffsbdd,mean_qed,1.83,0.732,2.9,0.05609,0.03066,8,16,crop_radius_minus_1.5,"atom_shuffle,coordinate_jitter",1970,10,8
colab47_crop_subsample_subsample_n10,diffsbdd,mean_qed,2.551,1.15,5.226,0.07241,0.02838,10,20,crop_radius_minus_1.5,"atom_shuffle,coordinate_jitter",1971,10,10
colab47_crop_subsample_subsample_n10,diffsbdd,mean_qed,1.484,0.79,3.625,0.04772,0.03215,8,16,crop_radius_minus_1.5,"atom_shuffle,coordinate_jitter",1972,10,8
colab47_crop_subsample_subsample_n10,diffsbdd,mean_qed,1.646,0.602,3.456,0.04885,0.02967,8,16,crop_radius_minus_1.5,"atom_shuffle,coordinate_jitter",1973,10,8
colab47_crop_subsample_subsample_n10,diffsbdd,mean_qed,2.13,1.081,2.795,0.06203,0.02913,10,20,crop_radius_minus_1.5,"atom_shuffle,coordinate_jitter",1974,10,10
colab47_crop_subsample_subsample_n10,diffsbdd,mean_qed,2.168,0.808,5.801,0.06989,0.03224,8,16,crop_radius_minus_1.5,"atom_shuffle,coordinate_jitter",1975,10,8
colab47_crop_subsample_subsample_n10,diffsbdd,mean_qed,1.277,0.57,2.744,0.03751,0.02937,10,20,crop_radius_minus_1.5,"atom_shuffle,coordinate_jitter",1976,10,10
colab47_crop_subsample_subsample_n10,diffsbdd,mean_qed,2.437,1.11,5.935,0.06611,0.02713,8,16,crop_radius_minus_1.5,"atom_shuffle,coordinate_jitter",1977,10,8
colab47_crop_subsample_subsample_n10,diffsbdd,mean_qed,1.211,0.42,2.294,0.03903,0.03224,9,18,crop_radius_minus_1.5,"atom_shuffle,coordinate_jitter",1978,10,9
colab47_crop_subsample_subsample_n10,diffsbdd,mean_qed,1.617,0.622,4.446,0.04825,0.02985,9,18,crop_radius_minus_1.5,"atom_shuffle,coordinate_jitter",1979,10,9
colab47_crop_subsample_subsample_n10,diffsbdd,mean_qed,1.453,0.412,3.114,0.04685,0.03224,8,16,crop_radius_minus_1.5,"atom_shuffle,coordinate_jitter",1980,10,8
colab47_crop_subsample_subsample_n10,diffsbdd,mean_qed,2.135,0.399,5.584,0.04128,0.01934,9,18,crop_radius_minus_1.5,"atom_shuffle,coordinate_jitter",1981,10,9
colab47_crop_subsample_subsample_n10,diffsbdd,mean_qed,1.545,0.761,3.058,0.04581,0.02964,10,20,crop_radius_minus_1.5,"atom_shuffle,coordinate_jitter",1982,10,10
colab47_crop_subsample_subsample_n10,diffsbdd,mean_qed,1.356,0.385,2.908,0.03794,0.02797,10,20,crop_radius_minus_1.5,"atom_shuffle,coordinate_jitter",1983,10,10
colab47_crop_subsample_subsample_n10,diffsbdd,mean_qed,2.269,1.052,4.335,0.07313,0.03224,8,16,crop_radius_minus_1.5,"atom_shuffle,coordinate_jitter",1984,10,8
colab47_crop_subsample_subsample_n10,diffsbdd,mean_qed,2.148,1.249,5.428,0.05641,0.02626,9,18,crop_radius_minus_1.5,"atom_shuffle,coordinate_jitter",1985,10,9
colab47_crop_subsample_subsample_n10,diffsbdd,mean_qed,2.016,0.556,3.971,0.07527,0.03734,10,20,crop_radius_minus_1.5,"atom_shuffle,coordinate_jitter",1986,10,10
colab47_crop_subsample_subsample_n10,diffsbdd,mean_qed,1.785,0.791,3.416,0.04378,0.02453,10,20,crop_radius_minus_1.5,"atom_shuffle,coordinate_jitter",1987,10,10
colab47_crop_subsample_subsample_n10,diffsbdd,mean_qed,2.122,1.209,5.23,0.06495,0.03061,8,16,crop_radius_minus_1.5,"atom_shuffle,coordinate_jitter",1988,10,8
colab47_crop_subsample_subsample_n10,diffsbdd,mean_qed,1.924,1.117,3.233,0.05641,0.02932,9,18,crop_radius_minus_1.5,"atom_shuffle,coordinate_jitter",1989,10,9
colab47_crop_subsample_subsample_n10,diffsbdd,mean_qed,2.238,0.714,2.695,0.07288,0.03256,9,18,crop_radius_minus_1.5,"atom_shuffle,coordinate_jitter",1990,10,9
colab47_crop_subsample_subsample_n10,diffsbdd,mean_qed,2.017,0.728,2.331,0.05877,0.02913,10,20,crop_radius_minus_1.5,"atom_shuffle,coordinate_jitter",1991,10,10
colab47_crop_subsample_subsample_n10,diffsbdd,mean_qed,2.578,1.011,4.172,0.07713,0.02992,9,18,crop_radius_minus_1.5,"atom_shuffle,coordinate_jitter",1992,10,9
colab47_crop_subsample_subsample_n10,diffsbdd,mean_qed,2.645,1.85,5.519,0.07285,0.02755,10,20,crop_radius_minus_1.5,"atom_shuffle,coordinate_jitter",1993,10,10
colab47_crop_subsample_subsample_n10,diffsbdd,mean_qed,1.456,0.735,2.419,0.05641,0.03874,9,18,crop_radius_minus_1.5,"atom_shuffle,coordinate_jitter",1994,10,9
colab47_crop_subsample_subsample_n10,diffsbdd,mean_qed,2.197,0.953,3.69,0.0562,0.02558,9,18,crop_radius_minus_1.5,"atom_shuffle,coordinate_jitter",1995,10,9
colab47_crop_subsample_subsample_n10,diffsbdd,mean_qed,2.544,0.913,4.842,0.08202,0.03224,8,16,crop_radius_minus_1.5,"atom_shuffle,coordinate_jitter",1996,10,8
colab47_crop_subsample_subsample_n10,diffsbdd,mean_qed,1.914,0.585,2.664,0.06169,0.03224,8,16,crop_radius_minus_1.5,"atom_shuffle,coordinate_jitter",1997,10,8
colab47_crop_subsample_subsample_n10,diffsbdd,mean_qed,1.582,0.484,3.084,0.04544,0.02872,9,18,crop_radius_minus_1.5,"atom_shuffle,coordinate_jitter",1998,10,9
colab47_crop_subsample_subsample_n10,diffsbdd,mean_qed,0.935,0.465,2.033,0.0495,0.05295,9,18,crop_radius_minus_1.5,"atom_shuffle,coordinate_jitter",1999,10,9
colab47_crop_subsample_subsample_n20,diffsbdd,mean_qed,1.805,1.032,2.887,0.05967,0.03306,17,34,crop_radius_minus_1.5,"atom_shuffle,coordinate_jitter",0,20,17
colab47_crop_subsample_subsample_n20,diffsbdd,mean_qed,2.129,0.944,3.179,0.06668,0.03132,16,32,crop_radius_minus_1.5,"atom_shuffle,coordinate_jitter",1,20,16
colab47_crop_subsample_subsample_n20,diffsbdd,mean_qed,1.861,1.125,2.637,0.05786,0.0311,17,34,crop_radius_minus_1.5,"atom_shuffle,coordinate_jitter",2,20,17
colab47_crop_subsample_subsample_n20,diffsbdd,mean_qed,2.481,1.283,3.213,0.07188,0.02898,18,36,crop_radius_minus_1.5,"atom_shuffle,coordinate_jitter",3,20,18
colab47_crop_subsample_subsample_n20,diffsbdd,mean_qed,1.175,0.356,2.333,0.03376,0.02873,17,34,crop_radius_minus_1.5,"atom_shuffle,coordinate_jitter",4,20,17
colab47_crop_subsample_subsample_n20,diffsbdd,mean_qed,2.092,1.061,3.375,0.06552,0.03132,19,38,crop_radius_minus_1.5,"atom_shuffle,coordinate_jitter",5,20,19
colab47_crop_subsample_subsample_n20,diffsbdd,mean_qed,2.033,0.503,2.927,0.06552,0.03224,19,38,crop_radius_minus_1.5,"atom_shuffle,coordinate_jitter",6,20,19
colab47_crop_subsample_subsample_n20,diffsbdd,mean_qed,1.8,0.817,2.848,0.05223,0.02901,16,32,crop_radius_minus_1.5,"atom_shuffle,coordinate_jitter",7,20,16
colab47_crop_subsample_subsample_n20,diffsbdd,mean_qed,1.717,1.137,2.778,0.05093,0.02967,16,32,crop_radius_minus_1.5,"atom_shuffle,coordinate_jitter",8,20,16
colab47_crop_subsample_subsample_n20,diffsbdd,mean_qed,2.434,0.711,2.835,0.0709,0.02913,17,34,crop_radius_minus_1.5,"atom_shuffle,coordinate_jitter",9,20,17
colab47_crop_subsample_subsample_n20,diffsbdd,mean_qed,1.894,0.673,2.671,0.05641,0.02978,13,26,crop_radius_minus_1.5,"atom_shuffle,coordinate_jitter",10,20,13
colab47_crop_subsample_subsample_n20,diffsbdd,mean_qed,1.133,0.348,2.324,0.03376,0.0298,15,30,crop_radius_minus_1.5,"atom_shuffle,coordinate_jitter",11,20,15
colab47_crop_subsample_subsample_n20,diffsbdd,mean_qed,2.204,1.044,4.515,0.05632,0.02555,16,32,crop_radius_minus_1.5,"atom_shuffle,coordinate_jitter",12,20,16
colab47_crop_subsample_subsample_n20,diffsbdd,mean_qed,2.871,1.006,3.947,0.06784,0.02363,15,30,crop_radius_minus_1.5,"atom_shuffle,coordinate_jitter",13,20,15
colab47_crop_subsample_subsample_n20,diffsbdd,mean_qed,2.272,1.468,3.095,0.06611,0.0291,14,28,crop_radius_minus_1.5,"atom_shuffle,coordinate_jitter",14,20,14
colab47_crop_subsample_subsample_n20,diffsbdd,mean_qed,1.675,0.909,3.276,0.04544,0.02712,15,30,crop_radius_minus_1.5,"atom_shuffle,coordinate_jitter",15,20,15
colab47_crop_subsample_subsample_n20,diffsbdd,mean_qed,2.551,1.547,3.64,0.07313,0.02867,16,32,crop_radius_minus_1.5,"atom_shuffle,coordinate_jitter",16,20,16
colab47_crop_subsample_subsample_n20,diffsbdd,mean_qed,1.936,1.129,2.808,0.05641,0.02914,17,34,crop_radius_minus_1.5,"atom_shuffle,coordinate_jitter",17,20,17
colab47_crop_subsample_subsample_n20,diffsbdd,mean_qed,2.482,1.41,4.302,0.07193,0.02898,15,30,crop_radius_minus_1.5,"atom_shuffle,coordinate_jitter",18,20,15
colab47_crop_subsample_subsample_n20,diffsbdd,mean_qed,1.987,1.28,2.78,0.05786,0.02913,17,34,crop_radius_minus_1.5,"atom_shuffle,coordinate_jitter",19,20,17
colab47_crop_subsample_subsample_n20,diffsbdd,mean_qed,1.421,0.362,2.812,0.04015,0.02826,14,28,crop_radius_minus_1.5,"atom_shuffle,coordinate_jitter",20,20,14
colab47_crop_subsample_subsample_n20,diffsbdd,mean_qed,2.102,1.084,3.676,0.0626,0.02978,16,32,crop_radius_minus_1.5,"atom_shuffle,coordinate_jitter",21,20,16
colab47_crop_subsample_subsample_n20,diffsbdd,mean_qed,1.922,0.809,3.221,0.05491,0.02857,16,32,crop_radius_minus_1.5,"atom_shuffle,coordinate_jitter",22,20,16
colab47_crop_subsample_subsample_n20,diffsbdd,mean_qed,2.469,1.464,3.678,0.07188,0.02911,16,32,crop_radius_minus_1.5,"atom_shuffle,coordinate_jitter",23,20,16
colab47_crop_subsample_subsample_n20,diffsbdd,mean_qed,2.512,1.602,3.516,0.07288,0.02901,17,34,crop_radius_minus_1.5,"atom_shuffle,coordinate_jitter",24,20,17
colab47_crop_subsample_subsample_n20,diffsbdd,mean_qed,2.048,0.89,3.663,0.05786,0.02826,17,34,crop_radius_minus_1.5,"atom_shuffle,coordinate_jitter",25,20,17
colab47_crop_subsample_subsample_n20,diffsbdd,mean_qed,2.047,1.427,2.872,0.05804,0.02835,20,40,crop_radius_minus_1.5,"atom_shuffle,coordinate_jitter",26,20,20
colab47_crop_subsample_subsample_n20,diffsbdd,mean_qed,1.379,0.766,2.43,0.04016,0.02913,18,36,crop_radius_minus_1.5,"atom_shuffle,coordinate_jitter",27,20,18
colab47_crop_subsample_subsample_n20,diffsbdd,mean_qed,2.098,0.972,3.158,0.06029,0.02873,14,28,crop_radius_minus_1.5,"atom_shuffle,coordinate_jitter",28,20,14
colab47_crop_subsample_subsample_n20,diffsbdd,mean_qed,2.477,0.744,4.207,0.06764,0.02731,16,32,crop_radius_minus_1.5,"atom_shuffle,coordinate_jitter",29,20,16
colab47_crop_subsample_subsample_n20,diffsbdd,mean_qed,1.801,1.194,2.435,0.05804,0.03224,16,32,crop_radius_minus_1.5,"atom_shuffle,coordinate_jitter",30,20,16
colab47_crop_subsample_subsample_n20,diffsbdd,mean_qed,1.502,0.777,2.724,0.04378,0.02915,18,36,crop_radius_minus_1.5,"atom_shuffle,coordinate_jitter",31,20,18
colab47_crop_subsample_subsample_n20,diffsbdd,mean_qed,2.29,0.475,3.276,0.06552,0.02861,15,30,crop_radius_minus_1.5,"atom_shuffle,coordinate_jitter",32,20,15
colab47_crop_subsample_subsample_n20,diffsbdd,mean_qed,1.57,0.628,2.788,0.04477,0.02851,16,32,crop_radius_minus_1.5,"atom_shuffle,coordinate_jitter",33,20,16
colab47_crop_subsample_subsample_n20,diffsbdd,mean_qed,1.741,0.964,3.11,0.0562,0.03227,15,30,crop_radius_minus_1.5,"atom_shuffle,coordinate_jitter",34,20,15
colab47_crop_subsample_subsample_n20,diffsbdd,mean_qed,1.965,1.239,3.073,0.0562,0.02861,17,34,crop_radius_minus_1.5,"atom_shuffle,coordinate_jitter",35,20,17
colab47_crop_subsample_subsample_n20,diffsbdd,mean_qed,2.48,1.067,2.775,0.07189,0.02898,16,32,crop_radius_minus_1.5,"atom_shuffle,coordinate_jitter",36,20,16
colab47_crop_subsample_subsample_n20,diffsbdd,mean_qed,1.994,0.718,2.912,0.05786,0.02901,17,34,crop_radius_minus_1.5,"atom_shuffle,coordinate_jitter",37,20,17
colab47_crop_subsample_subsample_n20,diffsbdd,mean_qed,1.601,0.861,2.944,0.04544,0.02838,15,30,crop_radius_minus_1.5,"atom_shuffle,coordinate_jitter",38,20,15
colab47_crop_subsample_subsample_n20,diffsbdd,mean_qed,2.422,1.151,3.056,0.07286,0.03009,17,34,crop_radius_minus_1.5,"atom_shuffle,coordinate_jitter",39,20,17
colab47_crop_subsample_subsample_n20,diffsbdd,mean_qed,1.497,0.879,2.624,0.04825,0.03224,17,34,crop_radius_minus_1.5,"atom_shuffle,coordinate_jitter",40,20,17
colab47_crop_subsample_subsample_n20,diffsbdd,mean_qed,2.41,1.411,3.641,0.06784,0.02815,17,34,crop_radius_minus_1.5,"atom_shuffle,coordinate_jitter",41,20,17
colab47_crop_subsample_subsample_n20,diffsbdd,mean_qed,2.534,1.348,3.335,0.0724,0.02857,18,36,crop_radius_minus_1.5,"atom_shuffle,coordinate_jitter",42,20,18
colab47_crop_subsample_subsample_n20,diffsbdd,mean_qed,2.42,1.864,3.58,0.07339,0.03033,18,36,crop_radius_minus_1.5,"atom_shuffle,coordinate_jitter",43,20,18
colab47_crop_subsample_subsample_n20,diffsbdd,mean_qed,1.722,0.918,2.495,0.0562,0.03263,17,34,crop_radius_minus_1.5,"atom_shuffle,coordinate_jitter",44,20,17
colab47_crop_subsample_subsample_n20,diffsbdd,mean_qed,2.291,1.529,3.612,0.0658,0.02872,18,36,crop_radius_minus_1.5,"atom_shuffle,coordinate_jitter",45,20,18
colab47_crop_subsample_subsample_n20,diffsbdd,mean_qed,2.149,0.802,3.514,0.0495,0.02304,15,30,crop_radius_minus_1.5,"atom_shuffle,coordinate_jitter",46,20,15
colab47_crop_subsample_subsample_n20,diffsbdd,mean_qed,1.635,0.888,2.559,0.05804,0.03551,16,32,crop_radius_minus_1.5,"atom_shuffle,coordinate_jitter",47,20,16
colab47_crop_subsample_subsample_n20,diffsbdd,mean_qed,1.372,0.287,2.445,0.04016,0.02926,14,28,crop_radius_minus_1.5,"atom_shuffle,coordinate_jitter",48,20,14
colab47_crop_subsample_subsample_n20,diffsbdd,mean_qed,2.152,1.143,2.662,0.07312,0.03397,14,28,crop_radius_minus_1.5,"atom_shuffle,coordinate_jitter",49,20,14
colab47_crop_subsample_subsample_n20,diffsbdd,mean_qed,1.373,0.658,2.218,0.043,0.03132,17,34,crop_radius_minus_1.5,"atom_shuffle,coordinate_jitter",50,20,17
colab47_crop_subsample_subsample_n20,diffsbdd,mean_qed,2.103,1.412,2.692,0.06438,0.03061,19,38,crop_radius_minus_1.5,"atom_shuffle,coordinate_jitter",51,20,19
colab47_crop_subsample_subsample_n20,diffsbdd,mean_qed,1.685,1.111,2.606,0.04825,0.02863,17,34,crop_radius_minus_1.5,"atom_shuffle,coordinate_jitter",52,20,17
colab47_crop_subsample_subsample_n20,diffsbdd,mean_qed,1.805,0.937,2.388,0.05967,0.03306,19,38,crop_radius_minus_1.5,"atom_shuffle,coordinate_jitter",53,20,19
colab47_crop_subsample_subsample_n20,diffsbdd,mean_qed,1.889,0.988,2.685,0.05631,0.0298,16,32,crop_radius_minus_1.5,"atom_shuffle,coordinate_jitter",54,20,16
colab47_crop_subsample_subsample_n20,diffsbdd,mean_qed,2.334,1.209,3.475,0.06764,0.02898,18,36,crop_radius_minus_1.5,"atom_shuffle,coordinate_jitter",55,20,18
colab47_crop_subsample_subsample_n20,diffsbdd,mean_qed,2.139,1.254,2.627,0.06937,0.03244,16,32,crop_radius_minus_1.5,"atom_shuffle,coordinate_jitter",56,20,16
colab47_crop_subsample_subsample_n20,diffsbdd,mean_qed,2.234,0.453,3.708,0.07193,0.0322,15,30,crop_radius_minus_1.5,"atom_shuffle,coordinate_jitter",57,20,15
colab47_crop_subsample_subsample_n20,diffsbdd,mean_qed,2.052,0.628,2.77,0.06784,0.03306,15,30,crop_radius_minus_1.5,"atom_shuffle,coordinate_jitter",58,20,15
colab47_crop_subsample_subsample_n20,diffsbdd,mean_qed,1.894,0.798,2.814,0.0562,0.02967,17,34,crop_radius_minus_1.5,"atom_shuffle,coordinate_jitter",59,20,17
colab47_crop_subsample_subsample_n20,diffsbdd,mean_qed,1.85,0.376,2.968,0.05369,0.02901,18,36,crop_radius_minus_1.5,"atom_shuffle,coordinate_jitter",60,20,18
colab47_crop_subsample_subsample_n20,diffsbdd,mean_qed,1.761,1.05,2.369,0.0562,0.03192,17,34,crop_radius_minus_1.5,"atom_shuffle,coordinate_jitter",61,20,17
colab47_crop_subsample_subsample_n20,diffsbdd,mean_qed,1.405,0.396,2.553,0.04016,0.02857,16,32,crop_radius_minus_1.5,"atom_shuffle,coordinate_jitter",62,20,16
colab47_crop_subsample_subsample_n20,diffsbdd,mean_qed,1.88,0.716,4.203,0.04211,0.0224,15,30,crop_radius_minus_1.5,"atom_shuffle,coordinate_jitter",63,20,15
colab47_crop_subsample_subsample_n20,diffsbdd,mean_qed,1.654,0.353,2.365,0.0562,0.03397,17,34,crop_radius_minus_1.5,"atom_shuffle,coordinate_jitter",64,20,17
colab47_crop_subsample_subsample_n20,diffsbdd,mean_qed,2.04,1.133,3.054,0.0562,0.02755,17,34,crop_radius_minus_1.5,"atom_shuffle,coordinate_jitter",65,20,17
colab47_crop_subsample_subsample_n20,diffsbdd,mean_qed,1.364,0.611,2.141,0.04364,0.032,18,36,crop_radius_minus_1.5,"atom_shuffle,coordinate_jitter",66,20,18
colab47_crop_subsample_subsample_n20,diffsbdd,mean_qed,2.16,1.197,3.11,0.06438,0.0298,19,38,crop_radius_minus_1.5,"atom_shuffle,coordinate_jitter",67,20,19
colab47_crop_subsample_subsample_n20,diffsbdd,mean_qed,1.762,0.867,2.312,0.05967,0.03387,19,38,crop_radius_minus_1.5,"atom_shuffle,coordinate_jitter",68,20,19
colab47_crop_subsample_subsample_n20,diffsbdd,mean_qed,2.353,1.099,3.474,0.06029,0.02563,16,32,crop_radius_minus_1.5,"atom_shuffle,coordinate_jitter",69,20,16
colab47_crop_subsample_subsample_n20,diffsbdd,mean_qed,1.419,0.969,2.848,0.04211,0.02968,19,38,crop_radius_minus_1.5,"atom_shuffle,coordinate_jitter",70,20,19
colab47_crop_subsample_subsample_n20,diffsbdd,mean_qed,2.285,0.794,2.836,0.06821,0.02985,16,32,crop_radius_minus_1.5,"atom_shuffle,coordinate_jitter",71,20,16
colab47_crop_subsample_subsample_n20,diffsbdd,mean_qed,2.09,0.962,3.294,0.06029,0.02885,16,32,crop_radius_minus_1.5,"atom_shuffle,coordinate_jitter",72,20,16
colab47_crop_subsample_subsample_n20,diffsbdd,mean_qed,1.56,0.718,2.538,0.04916,0.03152,16,32,crop_radius_minus_1.5,"atom_shuffle,coordinate_jitter",73,20,16
colab47_crop_subsample_subsample_n20,diffsbdd,mean_qed,1.878,0.978,3.276,0.0562,0.02992,13,26,crop_radius_minus_1.5,"atom_shuffle,coordinate_jitter",74,20,13
colab47_crop_subsample_subsample_n20,diffsbdd,mean_qed,2.386,1.24,3.182,0.06764,0.02835,18,36,crop_radius_minus_1.5,"atom_shuffle,coordinate_jitter",75,20,18
colab47_crop_subsample_subsample_n20,diffsbdd,mean_qed,2.213,1.263,3.384,0.0649,0.02933,14,28,crop_radius_minus_1.5,"atom_shuffle,coordinate_jitter",76,20,14
colab47_crop_subsample_subsample_n20,diffsbdd,mean_qed,2.484,0.848,4.005,0.06784,0.02731,17,34,crop_radius_minus_1.5,"atom_shuffle,coordinate_jitter",77,20,17
colab47_crop_subsample_subsample_n20,diffsbdd,mean_qed,2.169,1.082,3.301,0.05703,0.02629,16,32,crop_radius_minus_1.5,"atom_shuffle,coordinate_jitter",78,20,16
colab47_crop_subsample_subsample_n20,diffsbdd,mean_qed,1.878,0.915,2.552,0.06169,0.03286,18,36,crop_radius_minus_1.5,"atom_shuffle,coordinate_jitter",79,20,18
colab47_crop_subsample_subsample_n20,diffsbdd,mean_qed,2.712,1.459,4.132,0.06937,0.02558,16,32,crop_radius_minus_1.5,"atom_shuffle,coordinate_jitter",80,20,16
colab47_crop_subsample_subsample_n20,diffsbdd,mean_qed,2.226,1.086,3.216,0.06815,0.03062,16,32,crop_radius_minus_1.5,"atom_shuffle,coordinate_jitter",81,20,16
colab47_crop_subsample_subsample_n20,diffsbdd,mean_qed,1.46,0.574,2.301,0.04825,0.03306,17,34,crop_radius_minus_1.5,"atom_shuffle,coordinate_jitter",82,20,17
colab47_crop_subsample_subsample_n20,diffsbdd,mean_qed,1.347,0.812,2.603,0.04211,0.03128,19,38,crop_radius_minus_1.5,"atom_shuffle,coordinate_jitter",83,20,19
colab47_crop_subsample_subsample_n20,diffsbdd,mean_qed,1.668,0.917,2.54,0.0495,0.02967,15,30,crop_radius_minus_1.5,"atom_shuffle,coordinate_jitter",84,20,15
colab47_crop_subsample_subsample_n20,diffsbdd,mean_qed,2.36,1.32,4.375,0.06112,0.0259,12,24,crop_radius_minus_1.5,"atom_shuffle,coordinate_jitter",85,20,12
colab47_crop_subsample_subsample_n20,diffsbdd,mean_qed,1.657,0.509,3.309,0.04426,0.02672,16,32,crop_radius_minus_1.5,"atom_shuffle,coordinate_jitter",86,20,16
colab47_crop_subsample_subsample_n20,diffsbdd,mean_qed,1.951,1.001,3.421,0.04544,0.02329,17,34,crop_radius_minus_1.5,"atom_shuffle,coordinate_jitter",87,20,17
colab47_crop_subsample_subsample_n20,diffsbdd,mean_qed,1.92,0.976,3.138,0.04422,0.02304,16,32,crop_radius_minus_1.5,"atom_shuffle,coordinate_jitter",88,20,16
colab47_crop_subsample_subsample_n20,diffsbdd,mean_qed,1.74,0.464,3.233,0.04825,0.02774,15,30,crop_radius_minus_1.5,"atom_shuffle,coordinate_jitter",89,20,15
colab47_crop_subsample_subsample_n20,diffsbdd,mean_qed,1.22,0.552,2.227,0.04544,0.03724,17,34,crop_radius_minus_1.5,"atom_shuffle,coordinate_jitter",90,20,17
colab47_crop_subsample_subsample_n20,diffsbdd,mean_qed,1.677,1.286,2.989,0.04888,0.02914,18,36,crop_radius_minus_1.5,"atom_shuffle,coordinate_jitter",91,20,18
colab47_crop_subsample_subsample_n20,diffsbdd,mean_qed,1.224,0.812,2.111,0.04825,0.03941,15,30,crop_radius_minus_1.5,"atom_shuffle,coordinate_jitter",92,20,15
colab47_crop_subsample_subsample_n20,diffsbdd,mean_qed,1.64,0.72,2.916,0.04888,0.0298,18,36,crop_radius_minus_1.5,"atom_shuffle,coordinate_jitter",93,20,18
colab47_crop_subsample_subsample_n20,diffsbdd,mean_qed,1.887,1.097,2.402,0.05786,0.03066,15,30,crop_radius_minus_1.5,"atom_shuffle,coordinate_jitter",94,20,15
colab47_crop_subsample_subsample_n20,diffsbdd,mean_qed,2.264,1.333,4.079,0.05786,0.02555,17,34,crop_radius_minus_1.5,"atom_shuffle,coordinate_jitter",95,20,17
colab47_crop_subsample_subsample_n20,diffsbdd,mean_qed,1.833,1.116,2.768,0.05459,0.02979,18,36,crop_radius_minus_1.5,"atom_shuffle,coordinate_jitter",96,20,18
colab47_crop_subsample_subsample_n20,diffsbdd,mean_qed,2.058,1.517,3.45,0.0562,0.02731,17,34,crop_radius_minus_1.5,"atom_shuffle,coordinate_jitter",97,20,17
colab47_crop_subsample_subsample_n20,diffsbdd,mean_qed,2.33,1.463,3.584,0.07241,0.03108,16,32,crop_radius_minus_1.5,"atom_shuffle,coordinate_jitter",98,20,16
colab47_crop_subsample_subsample_n20,diffsbdd,mean_qed,1.785,0.802,3.304,0.05296,0.02967,16,32,crop_radius_minus_1.5,"atom_shuffle,coordinate_jitter",99,20,16
colab47_crop_subsample_subsample_n20,diffsbdd,mean_qed,1.743,0.996,2.961,0.0562,0.03224,17,34,crop_radius_minus_1.5,"atom_shuffle,coordinate_jitter",100,20,17
colab47_crop_subsample_subsample_n20,diffsbdd,mean_qed,1.818,1.118,2.593,0.05641,0.03104,17,34,crop_radius_minus_1.5,"atom_shuffle,coordinate_jitter",101,20,17
colab47_crop_subsample_subsample_n20,diffsbdd,mean_qed,1.607,1.0,3.454,0.04427,0.02755,16,32,crop_radius_minus_1.5,"atom_shuffle,coordinate_jitter",102,20,16
colab47_crop_subsample_subsample_n20,diffsbdd,mean_qed,2.501,1.249,3.084,0.0709,0.02835,19,38,crop_radius_minus_1.5,"atom_shuffle,coordinate_jitter",103,20,19
colab47_crop_subsample_subsample_n20,diffsbdd,mean_qed,2.111,1.206,3.088,0.06552,0.03104,17,34,crop_radius_minus_1.5,"atom_shuffle,coordinate_jitter",104,20,17
colab47_crop_subsample_subsample_n20,diffsbdd,mean_qed,2.825,1.39,4.354,0.06815,0.02413,14,28,crop_radius_minus_1.5,"atom_shuffle,coordinate_jitter",105,20,14
colab47_crop_subsample_subsample_n20,diffsbdd,mean_qed,2.369,1.489,3.838,0.06784,0.02863,15,30,crop_radius_minus_1.5,"atom_shuffle,coordinate_jitter",106,20,15
colab47_crop_subsample_subsample_n20,diffsbdd,mean_qed,1.635,1.022,2.129,0.05233,0.032,18,36,crop_radius_minus_1.5,"atom_shuffle,coordinate_jitter",107,20,18
colab47_crop_subsample_subsample_n20,diffsbdd,mean_qed,2.232,1.661,3.569,0.05786,0.02593,17,34,crop_radius_minus_1.5,"atom_shuffle,coordinate_jitter",108,20,17
colab47_crop_subsample_subsample_n20,diffsbdd,mean_qed,2.132,1.061,3.612,0.06112,0.02866,16,32,crop_radius_minus_1.5,"atom_shuffle,coordinate_jitter",109,20,16
colab47_crop_subsample_subsample_n20,diffsbdd,mean_qed,1.819,0.308,4.032,0.05548,0.03051,16,32,crop_radius_minus_1.5,"atom_shuffle,coordinate_jitter",110,20,16
colab47_crop_subsample_subsample_n20,diffsbdd,mean_qed,2.612,1.471,5.09,0.07761,0.02971,14,28,crop_radius_minus_1.5,"atom_shuffle,coordinate_jitter",111,20,14
colab47_crop_subsample_subsample_n20,diffsbdd,mean_qed,1.414,0.891,2.627,0.04544,0.03215,15,30,crop_radius_minus_1.5,"atom_shuffle,coordinate_jitter",112,20,15
colab47_crop_subsample_subsample_n20,diffsbdd,mean_qed,2.204,1.447,2.731,0.07338,0.03329,17,34,crop_radius_minus_1.5,"atom_shuffle,coordinate_jitter",113,20,17
colab47_crop_subsample_subsample_n20,diffsbdd,mean_qed,1.96,1.138,2.555,0.0626,0.03194,16,32,crop_radius_minus_1.5,"atom_shuffle,coordinate_jitter",114,20,16
colab47_crop_subsample_subsample_n20,diffsbdd,mean_qed,2.129,1.266,3.069,0.06203,0.02913,16,32,crop_radius_minus_1.5,"atom_shuffle,coordinate_jitter",115,20,16
colab47_crop_subsample_subsample_n20,diffsbdd,mean_qed,2.079,1.154,3.837,0.05459,0.02626,16,32,crop_radius_minus_1.5,"atom_shuffle,coordinate_jitter",116,20,16
colab47_crop_subsample_subsample_n20,diffsbdd,mean_qed,2.349,1.248,3.566,0.07193,0.03062,17,34,crop_radius_minus_1.5,"atom_shuffle,coordinate_jitter",117,20,17
colab47_crop_subsample_subsample_n20,diffsbdd,mean_qed,1.92,1.017,3.738,0.0495,0.02579,15,30,crop_radius_minus_1.5,"atom_shuffle,coordinate_jitter",118,20,15
colab47_crop_subsample_subsample_n20,diffsbdd,mean_qed,1.561,1.025,2.123,0.05285,0.03387,16,32,crop_radius_minus_1.5,"atom_shuffle,coordinate_jitter",119,20,16
colab47_crop_subsample_subsample_n20,diffsbdd,mean_qed,1.75,0.744,2.608,0.05786,0.03306,17,34,crop_radius_minus_1.5,"atom_shuffle,coordinate_jitter",120,20,17
colab47_crop_subsample_subsample_n20,diffsbdd,mean_qed,1.897,1.023,2.551,0.05786,0.03051,17,34,crop_radius_minus_1.5,"atom_shuffle,coordinate_jitter",121,20,17
colab47_crop_subsample_subsample_n20,diffsbdd,mean_qed,2.182,1.192,3.837,0.07409,0.03395,14,28,crop_radius_minus_1.5,"atom_shuffle,coordinate_jitter",122,20,14
colab47_crop_subsample_subsample_n20,diffsbdd,mean_qed,2.453,1.168,4.053,0.06989,0.02849,16,32,crop_radius_minus_1.5,"atom_shuffle,coordinate_jitter",123,20,16
colab47_crop_subsample_subsample_n20,diffsbdd,mean_qed,1.924,0.89,3.36,0.05641,0.02932,17,34,crop_radius_minus_1.5,"atom_shuffle,coordinate_jitter",124,20,17
colab47_crop_subsample_subsample_n20,diffsbdd,mean_qed,1.445,0.378,2.54,0.04211,0.02915,17,34,crop_radius_minus_1.5,"atom_shuffle,coordinate_jitter",125,20,17
colab47_crop_subsample_subsample_n20,diffsbdd,mean_qed,2.218,0.991,3.28,0.06668,0.03007,14,28,crop_radius_minus_1.5,"atom_shuffle,coordinate_jitter",126,20,14
colab47_crop_subsample_subsample_n20,diffsbdd,mean_qed,1.576,0.763,2.414,0.04825,0.03062,17,34,crop_radius_minus_1.5,"atom_shuffle,coordinate_jitter",127,20,17
colab47_crop_subsample_subsample_n20,diffsbdd,mean_qed,2.182,0.817,3.361,0.06552,0.03003,17,34,crop_radius_minus_1.5,"atom_shuffle,coordinate_jitter",128,20,17
colab47_crop_subsample_subsample_n20,diffsbdd,mean_qed,2.008,1.11,3.492,0.04625,0.02304,18,36,crop_radius_minus_1.5,"atom_shuffle,coordinate_jitter",129,20,18
colab47_crop_subsample_subsample_n20,diffsbdd,mean_qed,1.819,1.173,2.446,0.06203,0.0341,16,32,crop_radius_minus_1.5,"atom_shuffle,coordinate_jitter",130,20,16
colab47_crop_subsample_subsample_n20,diffsbdd,mean_qed,1.403,0.761,2.751,0.043,0.03066,17,34,crop_radius_minus_1.5,"atom_shuffle,coordinate_jitter",131,20,17
colab47_crop_subsample_subsample_n20,diffsbdd,mean_qed,2.006,0.981,2.68,0.06723,0.03352,14,28,crop_radius_minus_1.5,"atom_shuffle,coordinate_jitter",132,20,14
colab47_crop_subsample_subsample_n20,diffsbdd,mean_qed,2.286,1.42,2.893,0.06784,0.02967,19,38,crop_radius_minus_1.5,"atom_shuffle,coordinate_jitter",133,20,19
colab47_crop_subsample_subsample_n20,diffsbdd,mean_qed,2.046,0.684,2.916,0.07286,0.03562,15,30,crop_radius_minus_1.5,"atom_shuffle,coordinate_jitter",134,20,15
colab47_crop_subsample_subsample_n20,diffsbdd,mean_qed,1.646,0.924,2.839,0.05233,0.0318,16,32,crop_radius_minus_1.5,"atom_shuffle,coordinate_jitter",135,20,16
colab47_crop_subsample_subsample_n20,diffsbdd,mean_qed,1.477,0.382,3.049,0.04211,0.02851,17,34,crop_radius_minus_1.5,"atom_shuffle,coordinate_jitter",136,20,17
colab47_crop_subsample_subsample_n20,diffsbdd,mean_qed,2.149,1.285,2.881,0.0626,0.02913,18,36,crop_radius_minus_1.5,"atom_shuffle,coordinate_jitter",137,20,18
colab47_crop_subsample_subsample_n20,diffsbdd,mean_qed,2.399,1.176,3.818,0.06552,0.02731,17,34,crop_radius_minus_1.5,"atom_shuffle,coordinate_jitter",138,20,17
colab47_crop_subsample_subsample_n20,diffsbdd,mean_qed,2.249,1.154,3.019,0.06376,0.02835,14,28,crop_radius_minus_1.5,"atom_shuffle,coordinate_jitter",139,20,14
colab47_crop_subsample_subsample_n20,diffsbdd,mean_qed,1.75,0.914,2.535,0.05223,0.02985,18,36,crop_radius_minus_1.5,"atom_shuffle,coordinate_jitter",140,20,18
colab47_crop_subsample_subsample_n20,diffsbdd,mean_qed,1.829,0.691,2.567,0.05967,0.03263,17,34,crop_radius_minus_1.5,"atom_shuffle,coordinate_jitter",141,20,17
colab47_crop_subsample_subsample_n20,diffsbdd,mean_qed,1.437,0.612,2.509,0.04477,0.03114,16,32,crop_radius_minus_1.5,"atom_shuffle,coordinate_jitter",142,20,16
colab47_crop_subsample_subsample_n20,diffsbdd,mean_qed,1.958,0.955,3.416,0.05641,0.0288,17,34,crop_radius_minus_1.5,"atom_shuffle,coordinate_jitter",143,20,17
colab47_crop_subsample_subsample_n20,diffsbdd,mean_qed,1.599,0.801,2.343,0.0562,0.03516,17,34,crop_radius_minus_1.5,"atom_shuffle,coordinate_jitter",144,20,17
colab47_crop_subsample_subsample_n20,diffsbdd,mean_qed,1.902,1.154,2.631,0.05967,0.03138,19,38,crop_radius_minus_1.5,"atom_shuffle,coordinate_jitter",145,20,19
colab47_crop_subsample_subsample_n20,diffsbdd,mean_qed,2.022,1.307,3.482,0.05714,0.02826,18,36,crop_radius_minus_1.5,"atom_shuffle,coordinate_jitter",146,20,18
colab47_crop_subsample_subsample_n20,diffsbdd,mean_qed,2.252,1.326,2.705,0.07288,0.03237,17,34,crop_radius_minus_1.5,"atom_shuffle,coordinate_jitter",147,20,17
colab47_crop_subsample_subsample_n20,diffsbdd,mean_qed,1.923,0.392,3.225,0.05786,0.03009,17,34,crop_radius_minus_1.5,"atom_shuffle,coordinate_jitter",148,20,17
colab47_crop_subsample_subsample_n20,diffsbdd,mean_qed,1.253,0.649,2.53,0.04544,0.03627,15,30,crop_radius_minus_1.5,"atom_shuffle,coordinate_jitter",149,20,15
colab47_crop_subsample_subsample_n20,diffsbdd,mean_qed,1.576,0.598,2.457,0.04825,0.03062,17,34,crop_radius_minus_1.5,"atom_shuffle,coordinate_jitter",150,20,17
colab47_crop_subsample_subsample_n20,diffsbdd,mean_qed,2.295,1.315,2.665,0.07188,0.03132,16,32,crop_radius_minus_1.5,"atom_shuffle,coordinate_jitter",151,20,16
colab47_crop_subsample_subsample_n20,diffsbdd,mean_qed,1.437,0.543,3.429,0.04128,0.02873,15,30,crop_radius_minus_1.5,"atom_shuffle,coordinate_jitter",152,20,15
colab47_crop_subsample_subsample_n20,diffsbdd,mean_qed,1.347,0.76,2.264,0.04016,0.0298,16,32,crop_radius_minus_1.5,"atom_shuffle,coordinate_jitter",153,20,16
colab47_crop_subsample_subsample_n20,diffsbdd,mean_qed,2.534,1.898,4.224,0.0724,0.02857,16,32,crop_radius_minus_1.5,"atom_shuffle,coordinate_jitter",154,20,16
colab47_crop_subsample_subsample_n20,diffsbdd,mean_qed,1.345,0.365,3.236,0.03903,0.02901,17,34,crop_radius_minus_1.5,"atom_shuffle,coordinate_jitter",155,20,17
colab47_crop_subsample_subsample_n20,diffsbdd,mean_qed,2.12,0.799,3.292,0.05967,0.02815,17,34,crop_radius_minus_1.5,"atom_shuffle,coordinate_jitter",156,20,17
colab47_crop_subsample_subsample_n20,diffsbdd,mean_qed,2.338,1.612,3.336,0.07338,0.03138,17,34,crop_radius_minus_1.5,"atom_shuffle,coordinate_jitter",157,20,17
colab47_crop_subsample_subsample_n20,diffsbdd,mean_qed,1.634,0.591,3.565,0.04214,0.02579,18,36,crop_radius_minus_1.5,"atom_shuffle,coordinate_jitter",158,20,18
colab47_crop_subsample_subsample_n20,diffsbdd,mean_qed,2.453,1.336,3.649,0.07142,0.02911,16,32,crop_radius_minus_1.5,"atom_shuffle,coordinate_jitter",159,20,16
colab47_crop_subsample_subsample_n20,diffsbdd,mean_qed,1.442,0.619,2.377,0.0495,0.03433,13,26,crop_radius_minus_1.5,"atom_shuffle,coordinate_jitter",160,20,13
colab47_crop_subsample_subsample_n20,diffsbdd,mean_qed,1.867,1.094,2.688,0.05714,0.03061,16,32,crop_radius_minus_1.5,"atom_shuffle,coordinate_jitter",161,20,16
colab47_crop_subsample_subsample_n20,diffsbdd,mean_qed,2.229,1.347,3.028,0.06495,0.02913,16,32,crop_radius_minus_1.5,"atom_shuffle,coordinate_jitter",162,20,16
colab47_crop_subsample_subsample_n20,diffsbdd,mean_qed,1.474,0.818,2.268,0.05233,0.03551,16,32,crop_radius_minus_1.5,"atom_shuffle,coordinate_jitter",163,20,16
colab47_crop_subsample_subsample_n20,diffsbdd,mean_qed,1.469,0.797,1.99,0.05233,0.03562,16,32,crop_radius_minus_1.5,"atom_shuffle,coordinate_jitter",164,20,16
colab47_crop_subsample_subsample_n20,diffsbdd,mean_qed,1.994,0.964,2.891,0.06112,0.03066,16,32,crop_radius_minus_1.5,"atom_shuffle,coordinate_jitter",165,20,16
colab47_crop_subsample_subsample_n20,diffsbdd,mean_qed,1.513,0.978,2.486,0.04336,0.02866,20,40,crop_radius_minus_1.5,"atom_shuffle,coordinate_jitter",166,20,20
colab47_crop_subsample_subsample_n20,diffsbdd,mean_qed,1.737,0.8,2.229,0.05082,0.02926,16,32,crop_radius_minus_1.5,"atom_shuffle,coordinate_jitter",167,20,16
colab47_crop_subsample_subsample_n20,diffsbdd,mean_qed,1.915,1.118,2.874,0.06376,0.03329,18,36,crop_radius_minus_1.5,"atom_shuffle,coordinate_jitter",168,20,18
colab47_crop_subsample_subsample_n20,diffsbdd,mean_qed,1.966,0.798,2.835,0.05631,0.02863,18,36,crop_radius_minus_1.5,"atom_shuffle,coordinate_jitter",169,20,18
colab47_crop_subsample_subsample_n20,diffsbdd,mean_qed,2.134,1.466,3.061,0.05714,0.02678,16,32,crop_radius_minus_1.5,"atom_shuffle,coordinate_jitter",170,20,16
colab47_crop_subsample_subsample_n20,diffsbdd,mean_qed,1.645,0.748,2.905,0.04888,0.02972,18,36,crop_radius_minus_1.5,"atom_shuffle,coordinate_jitter",171,20,18
colab47_crop_subsample_subsample_n20,diffsbdd,mean_qed,2.399,1.362,3.308,0.06552,0.02731,17,34,crop_radius_minus_1.5,"atom_shuffle,coordinate_jitter",172,20,17
colab47_crop_subsample_subsample_n20,diffsbdd,mean_qed,2.766,1.226,3.819,0.07501,0.02712,16,32,crop_radius_minus_1.5,"atom_shuffle,coordinate_jitter",173,20,16
colab47_crop_subsample_subsample_n20,diffsbdd,mean_qed,1.532,0.718,2.456,0.04544,0.02967,15,30,crop_radius_minus_1.5,"atom_shuffle,coordinate_jitter",174,20,15
colab47_crop_subsample_subsample_n20,diffsbdd,mean_qed,1.577,1.225,3.433,0.0495,0.03138,17,34,crop_radius_minus_1.5,"atom_shuffle,coordinate_jitter",175,20,17
colab47_crop_subsample_subsample_n20,diffsbdd,mean_qed,1.99,0.99,2.626,0.06784,0.0341,17,34,crop_radius_minus_1.5,"atom_shuffle,coordinate_jitter",176,20,17
colab47_crop_subsample_subsample_n20,diffsbdd,mean_qed,1.693,0.576,2.857,0.05165,0.03051,16,32,crop_radius_minus_1.5,"atom_shuffle,coordinate_jitter",177,20,16
colab47_crop_subsample_subsample_n20,diffsbdd,mean_qed,1.671,0.946,2.707,0.04888,0.02926,16,32,crop_radius_minus_1.5,"atom_shuffle,coordinate_jitter",178,20,16
colab47_crop_subsample_subsample_n20,diffsbdd,mean_qed,2.051,1.125,2.509,0.06552,0.03194,19,38,crop_radius_minus_1.5,"atom_shuffle,coordinate_jitter",179,20,19
colab47_crop_subsample_subsample_n20,diffsbdd,mean_qed,1.443,0.758,2.122,0.04888,0.03387,14,28,crop_radius_minus_1.5,"atom_shuffle,coordinate_jitter",180,20,14
colab47_crop_subsample_subsample_n20,diffsbdd,mean_qed,1.021,0.449,1.68,0.03376,0.03306,15,30,crop_radius_minus_1.5,"atom_shuffle,coordinate_jitter",181,20,15
colab47_crop_subsample_subsample_n20,diffsbdd,mean_qed,1.527,0.879,2.305,0.05967,0.03907,17,34,crop_radius_minus_1.5,"atom_shuffle,coordinate_jitter",182,20,17
colab47_crop_subsample_subsample_n20,diffsbdd,mean_qed,2.329,1.298,4.273,0.06815,0.02926,18,36,crop_radius_minus_1.5,"atom_shuffle,coordinate_jitter",183,20,18
colab47_crop_subsample_subsample_n20,diffsbdd,mean_qed,1.389,0.574,2.223,0.04214,0.03033,16,32,crop_radius_minus_1.5,"atom_shuffle,coordinate_jitter",184,20,16
colab47_crop_subsample_subsample_n20,diffsbdd,mean_qed,1.89,1.261,2.492,0.05786,0.03062,19,38,crop_radius_minus_1.5,"atom_shuffle,coordinate_jitter",185,20,19
colab47_crop_subsample_subsample_n20,diffsbdd,mean_qed,2.593,1.347,3.556,0.0604,0.02329,18,36,crop_radius_minus_1.5,"atom_shuffle,coordinate_jitter",186,20,18
colab47_crop_subsample_subsample_n20,diffsbdd,mean_qed,1.922,0.997,2.481,0.06112,0.0318,16,32,crop_radius_minus_1.5,"atom_shuffle,coordinate_jitter",187,20,16
colab47_crop_subsample_subsample_n20,diffsbdd,mean_qed,1.645,1.024,3.114,0.04825,0.02933,13,26,crop_radius_minus_1.5,"atom_shuffle,coordinate_jitter",188,20,13
colab47_crop_subsample_subsample_n20,diffsbdd,mean_qed,1.686,0.67,2.411,0.05233,0.03103,18,36,crop_radius_minus_1.5,"atom_shuffle,coordinate_jitter",189,20,18
colab47_crop_subsample_subsample_n20,diffsbdd,mean_qed,1.929,0.794,3.221,0.0562,0.02914,17,34,crop_radius_minus_1.5,"atom_shuffle,coordinate_jitter",190,20,17
colab47_crop_subsample_subsample_n20,diffsbdd,mean_qed,1.527,0.909,2.33,0.04885,0.032,16,32,crop_radius_minus_1.5,"atom_shuffle,coordinate_jitter",191,20,16
colab47_crop_subsample_subsample_n20,diffsbdd,mean_qed,2.589,0.955,3.511,0.07189,0.02777,14,28,crop_radius_minus_1.5,"atom_shuffle,coordinate_jitter",192,20,14
colab47_crop_subsample_subsample_n20,diffsbdd,mean_qed,2.408,1.164,3.329,0.07314,0.03038,14,28,crop_radius_minus_1.5,"atom_shuffle,coordinate_jitter",193,20,14
colab47_crop_subsample_subsample_n20,diffsbdd,mean_qed,1.42,0.55,2.605,0.04422,0.03114,18,36,crop_radius_minus_1.5,"atom_shuffle,coordinate_jitter",194,20,18
colab47_crop_subsample_subsample_n20,diffsbdd,mean_qed,1.812,1.009,2.846,0.05786,0.03194,15,30,crop_radius_minus_1.5,"atom_shuffle,coordinate_jitter",195,20,15
colab47_crop_subsample_subsample_n20,diffsbdd,mean_qed,1.876,0.701,2.605,0.05967,0.0318,17,34,crop_radius_minus_1.5,"atom_shuffle,coordinate_jitter",196,20,17
colab47_crop_subsample_subsample_n20,diffsbdd,mean_qed,1.843,0.971,3.007,0.05967,0.03238,15,30,crop_radius_minus_1.5,"atom_shuffle,coordinate_jitter",197,20,15
colab47_crop_subsample_subsample_n20,diffsbdd,mean_qed,1.22,0.551,2.218,0.03903,0.032,17,34,crop_radius_minus_1.5,"atom_shuffle,coordinate_jitter",198,20,17
colab47_crop_subsample_subsample_n20,diffsbdd,mean_qed,1.716,0.667,3.269,0.05093,0.02967,16,32,crop_radius_minus_1.5,"atom_shuffle,coordinate_jitter",199,20,16
colab47_crop_subsample_subsample_n20,diffsbdd,mean_qed,1.902,1.194,2.519,0.05967,0.03138,17,34,crop_radius_minus_1.5,"atom_shuffle,coordinate_jitter",200,20,17
colab47_crop_subsample_subsample_n20,diffsbdd,mean_qed,2.034,1.482,3.365,0.05703,0.02803,18,36,crop_radius_minus_1.5,"atom_shuffle,coordinate_jitter",201,20,18
colab47_crop_subsample_subsample_n20,diffsbdd,mean_qed,2.342,1.533,3.112,0.06552,0.02797,17,34,crop_radius_minus_1.5,"atom_shuffle,coordinate_jitter",202,20,17
colab47_crop_subsample_subsample_n20,diffsbdd,mean_qed,2.142,1.31,3.976,0.06169,0.0288,14,28,crop_radius_minus_1.5,"atom_shuffle,coordinate_jitter",203,20,14
colab47_crop_subsample_subsample_n20,diffsbdd,mean_qed,2.065,1.41,2.555,0.06784,0.03286,17,34,crop_radius_minus_1.5,"atom_shuffle,coordinate_jitter",204,20,17
colab47_crop_subsample_subsample_n20,diffsbdd,mean_qed,2.116,0.648,3.139,0.06169,0.02915,18,36,crop_radius_minus_1.5,"atom_shuffle,coordinate_jitter",205,20,18
colab47_crop_subsample_subsample_n20,diffsbdd,mean_qed,2.614,1.193,4.131,0.07193,0.02752,17,34,crop_radius_minus_1.5,"atom_shuffle,coordinate_jitter",206,20,17
colab47_crop_subsample_subsample_n20,diffsbdd,mean_qed,2.485,1.245,3.723,0.07241,0.02914,16,32,crop_radius_minus_1.5,"atom_shuffle,coordinate_jitter",207,20,16
colab47_crop_subsample_subsample_n20,diffsbdd,mean_qed,1.947,1.22,2.445,0.06438,0.03306,17,34,crop_radius_minus_1.5,"atom_shuffle,coordinate_jitter",208,20,17
colab47_crop_subsample_subsample_n20,diffsbdd,mean_qed,1.915,0.734,2.619,0.06821,0.03562,16,32,crop_radius_minus_1.5,"atom_shuffle,coordinate_jitter",209,20,16
colab47_crop_subsample_subsample_n20,diffsbdd,mean_qed,1.948,0.973,3.121,0.05916,0.03038,14,28,crop_radius_minus_1.5,"atom_shuffle,coordinate_jitter",210,20,14
colab47_crop_subsample_subsample_n20,diffsbdd,mean_qed,1.486,0.853,2.88,0.05306,0.03572,16,32,crop_radius_minus_1.5,"atom_shuffle,coordinate_jitter",211,20,16
colab47_crop_subsample_subsample_n20,diffsbdd,mean_qed,2.93,1.216,3.945,0.07288,0.02487,15,30,crop_radius_minus_1.5,"atom_shuffle,coordinate_jitter",212,20,15
colab47_crop_subsample_subsample_n20,diffsbdd,mean_qed,1.255,0.614,2.987,0.03902,0.0311,15,30,crop_radius_minus_1.5,"atom_shuffle,coordinate_jitter",213,20,15
colab47_crop_subsample_subsample_n20,diffsbdd,mean_qed,2.129,1.44,3.067,0.05967,0.02803,19,38,crop_radius_minus_1.5,"atom_shuffle,coordinate_jitter",214,20,19
colab47_crop_subsample_subsample_n20,diffsbdd,mean_qed,1.666,1.088,2.909,0.05285,0.03173,16,32,crop_radius_minus_1.5,"atom_shuffle,coordinate_jitter",215,20,16
colab47_crop_subsample_subsample_n20,diffsbdd,mean_qed,1.883,0.769,3.058,0.05664,0.03009,16,32,crop_radius_minus_1.5,"atom_shuffle,coordinate_jitter",216,20,16
colab47_crop_subsample_subsample_n20,diffsbdd,mean_qed,1.478,0.852,2.449,0.04888,0.03306,18,36,crop_radius_minus_1.5,"atom_shuffle,coordinate_jitter",217,20,18
colab47_crop_subsample_subsample_n20,diffsbdd,mean_qed,1.963,1.085,2.492,0.06989,0.03561,18,36,crop_radius_minus_1.5,"atom_shuffle,coordinate_jitter",218,20,18
colab47_crop_subsample_subsample_n20,diffsbdd,mean_qed,2.154,1.34,3.113,0.06169,0.02863,16,32,crop_radius_minus_1.5,"atom_shuffle,coordinate_jitter",219,20,16
colab47_crop_subsample_subsample_n20,diffsbdd,mean_qed,2.446,1.482,3.397,0.0709,0.02898,17,34,crop_radius_minus_1.5,"atom_shuffle,coordinate_jitter",220,20,17
colab47_crop_subsample_subsample_n20,diffsbdd,mean_qed,1.991,0.935,3.024,0.06495,0.03263,16,32,crop_radius_minus_1.5,"atom_shuffle,coordinate_jitter",221,20,16
colab47_crop_subsample_subsample_n20,diffsbdd,mean_qed,1.609,0.655,2.793,0.04685,0.02911,16,32,crop_radius_minus_1.5,"atom_shuffle,coordinate_jitter",222,20,16
colab47_crop_subsample_subsample_n20,diffsbdd,mean_qed,1.884,1.186,2.412,0.05714,0.03033,16,32,crop_radius_minus_1.5,"atom_shuffle,coordinate_jitter",223,20,16
colab47_crop_subsample_subsample_n20,diffsbdd,mean_qed,2.184,1.076,4.013,0.05786,0.02649,15,30,crop_radius_minus_1.5,"atom_shuffle,coordinate_jitter",224,20,15
colab47_crop_subsample_subsample_n20,diffsbdd,mean_qed,2.41,1.586,3.868,0.06784,0.02815,17,34,crop_radius_minus_1.5,"atom_shuffle,coordinate_jitter",225,20,17
colab47_crop_subsample_subsample_n20,diffsbdd,mean_qed,2.649,1.839,4.267,0.07288,0.02752,17,34,crop_radius_minus_1.5,"atom_shuffle,coordinate_jitter",226,20,17
colab47_crop_subsample_subsample_n20,diffsbdd,mean_qed,1.436,0.928,2.674,0.04685,0.03263,16,32,crop_radius_minus_1.5,"atom_shuffle,coordinate_jitter",227,20,16
colab47_crop_subsample_subsample_n20,diffsbdd,mean_qed,1.867,1.075,3.254,0.05223,0.02797,18,36,crop_radius_minus_1.5,"atom_shuffle,coordinate_jitter",228,20,18
colab47_crop_subsample_subsample_n20,diffsbdd,mean_qed,2.168,0.794,3.204,0.06285,0.02898,14,28,crop_radius_minus_1.5,"atom_shuffle,coordinate_jitter",229,20,14
colab47_crop_subsample_subsample_n20,diffsbdd,mean_qed,2.502,1.386,3.643,0.07288,0.02913,15,30,crop_radius_minus_1.5,"atom_shuffle,coordinate_jitter",230,20,15
colab47_crop_subsample_subsample_n20,diffsbdd,mean_qed,1.555,1.035,2.288,0.04825,0.03104,17,34,crop_radius_minus_1.5,"atom_shuffle,coordinate_jitter",231,20,17
colab47_crop_subsample_subsample_n20,diffsbdd,mean_qed,1.619,0.716,2.995,0.05233,0.03232,16,32,crop_radius_minus_1.5,"atom_shuffle,coordinate_jitter",232,20,16
colab47_crop_subsample_subsample_n20,diffsbdd,mean_qed,2.302,1.115,3.576,0.06438,0.02797,17,34,crop_radius_minus_1.5,"atom_shuffle,coordinate_jitter",233,20,17
colab47_crop_subsample_subsample_n20,diffsbdd,mean_qed,2.079,0.57,3.108,0.06203,0.02983,16,32,crop_radius_minus_1.5,"atom_shuffle,coordinate_jitter",234,20,16
colab47_crop_subsample_subsample_n20,diffsbdd,mean_qed,2.369,1.422,3.796,0.06668,0.02815,18,36,crop_radius_minus_1.5,"atom_shuffle,coordinate_jitter",235,20,18
colab47_crop_subsample_subsample_n20,diffsbdd,mean_qed,2.571,2.024,3.429,0.07193,0.02797,19,38,crop_radius_minus_1.5,"atom_shuffle,coordinate_jitter",236,20,19
colab47_crop_subsample_subsample_n20,diffsbdd,mean_qed,1.122,0.795,1.993,0.04422,0.03941,18,36,crop_radius_minus_1.5,"atom_shuffle,coordinate_jitter",237,20,18
colab47_crop_subsample_subsample_n20,diffsbdd,mean_qed,1.785,0.757,3.864,0.0495,0.02774,17,34,crop_radius_minus_1.5,"atom_shuffle,coordinate_jitter",238,20,17
colab47_crop_subsample_subsample_n20,diffsbdd,mean_qed,2.389,1.256,3.203,0.0709,0.02967,17,34,crop_radius_minus_1.5,"atom_shuffle,coordinate_jitter",239,20,17
colab47_crop_subsample_subsample_n20,diffsbdd,mean_qed,2.227,1.205,2.81,0.06764,0.03038,18,36,crop_radius_minus_1.5,"atom_shuffle,coordinate_jitter",240,20,18
colab47_crop_subsample_subsample_n20,diffsbdd,mean_qed,1.919,0.744,2.727,0.05285,0.02755,16,32,crop_radius_minus_1.5,"atom_shuffle,coordinate_jitter",241,20,16
colab47_crop_subsample_subsample_n20,diffsbdd,mean_qed,1.445,0.356,2.543,0.04211,0.02915,17,34,crop_radius_minus_1.5,"atom_shuffle,coordinate_jitter",242,20,17
colab47_crop_subsample_subsample_n20,diffsbdd,mean_qed,2.046,0.7,3.252,0.05631,0.02752,18,36,crop_radius_minus_1.5,"atom_shuffle,coordinate_jitter",243,20,18
colab47_crop_subsample_subsample_n20,diffsbdd,mean_qed,1.798,1.29,2.694,0.05641,0.03138,17,34,crop_radius_minus_1.5,"atom_shuffle,coordinate_jitter",244,20,17
colab47_crop_subsample_subsample_n20,diffsbdd,mean_qed,2.011,1.086,2.973,0.06784,0.03374,15,30,crop_radius_minus_1.5,"atom_shuffle,coordinate_jitter",245,20,15
colab47_crop_subsample_subsample_n20,diffsbdd,mean_qed,1.588,1.035,2.535,0.04825,0.03038,15,30,crop_radius_minus_1.5,"atom_shuffle,coordinate_jitter",246,20,15
colab47_crop_subsample_subsample_n20,diffsbdd,mean_qed,2.123,0.799,2.687,0.06438,0.03033,17,34,crop_radius_minus_1.5,"atom_shuffle,coordinate_jitter",247,20,17
colab47_crop_subsample_subsample_n20,diffsbdd,mean_qed,2.163,1.452,3.397,0.06112,0.02826,16,32,crop_radius_minus_1.5,"atom_shuffle,coordinate_jitter",248,20,16
colab47_crop_subsample_subsample_n20,diffsbdd,mean_qed,1.388,0.723,2.017,0.04211,0.03033,19,38,crop_radius_minus_1.5,"atom_shuffle,coordinate_jitter",249,20,19
colab47_crop_subsample_subsample_n20,diffsbdd,mean_qed,1.995,1.098,3.195,0.06438,0.03227,17,34,crop_radius_minus_1.5,"atom_shuffle,coordinate_jitter",250,20,17
colab47_crop_subsample_subsample_n20,diffsbdd,mean_qed,2.298,1.194,3.402,0.07142,0.03108,16,32,crop_radius_minus_1.5,"atom_shuffle,coordinate_jitter",251,20,16
colab47_crop_subsample_subsample_n20,diffsbdd,mean_qed,1.416,0.874,2.632,0.04422,0.03123,16,32,crop_radius_minus_1.5,"atom_shuffle,coordinate_jitter",252,20,16
colab47_crop_subsample_subsample_n20,diffsbdd,mean_qed,1.656,1.017,3.006,0.04825,0.02913,15,30,crop_radius_minus_1.5,"atom_shuffle,coordinate_jitter",253,20,15
colab47_crop_subsample_subsample_n20,diffsbdd,mean_qed,1.768,1.015,2.573,0.05967,0.03374,17,34,crop_radius_minus_1.5,"atom_shuffle,coordinate_jitter",254,20,17
colab47_crop_subsample_subsample_n20,diffsbdd,mean_qed,1.248,0.492,2.335,0.0417,0.03341,18,36,crop_radius_minus_1.5,"atom_shuffle,coordinate_jitter",255,20,18
colab47_crop_subsample_subsample_n20,diffsbdd,mean_qed,2.231,1.373,3.001,0.06989,0.03132,16,32,crop_radius_minus_1.5,"atom_shuffle,coordinate_jitter",256,20,16
colab47_crop_subsample_subsample_n20,diffsbdd,mean_qed,1.684,1.02,2.68,0.04422,0.02626,18,36,crop_radius_minus_1.5,"atom_shuffle,coordinate_jitter",257,20,18
colab47_crop_subsample_subsample_n20,diffsbdd,mean_qed,2.425,1.393,3.058,0.07188,0.02964,16,32,crop_radius_minus_1.5,"atom_shuffle,coordinate_jitter",258,20,16
colab47_crop_subsample_subsample_n20,diffsbdd,mean_qed,1.799,0.418,3.262,0.05171,0.02873,14,28,crop_radius_minus_1.5,"atom_shuffle,coordinate_jitter",259,20,14
colab47_crop_subsample_subsample_n20,diffsbdd,mean_qed,1.602,0.833,2.29,0.05689,0.03551,14,28,crop_radius_minus_1.5,"atom_shuffle,coordinate_jitter",260,20,14
colab47_crop_subsample_subsample_n20,diffsbdd,mean_qed,1.728,0.634,3.075,0.04625,0.02676,16,32,crop_radius_minus_1.5,"atom_shuffle,coordinate_jitter",261,20,16
colab47_crop_subsample_subsample_n20,diffsbdd,mean_qed,2.058,1.334,2.724,0.05714,0.02777,16,32,crop_radius_minus_1.5,"atom_shuffle,coordinate_jitter",262,20,16
colab47_crop_subsample_subsample_n20,diffsbdd,mean_qed,2.251,1.649,2.676,0.07286,0.03237,17,34,crop_radius_minus_1.5,"atom_shuffle,coordinate_jitter",263,20,17
colab47_crop_subsample_subsample_n20,diffsbdd,mean_qed,1.703,0.627,3.034,0.0496,0.02913,16,32,crop_radius_minus_1.5,"atom_shuffle,coordinate_jitter",264,20,16
colab47_crop_subsample_subsample_n20,diffsbdd,mean_qed,1.434,0.342,3.099,0.04051,0.02826,18,36,crop_radius_minus_1.5,"atom_shuffle,coordinate_jitter",265,20,18
colab47_crop_subsample_subsample_n20,diffsbdd,mean_qed,2.089,1.217,3.352,0.05794,0.02774,14,28,crop_radius_minus_1.5,"atom_shuffle,coordinate_jitter",266,20,14
colab47_crop_subsample_subsample_n20,diffsbdd,mean_qed,2.499,1.275,3.64,0.07312,0.02926,18,36,crop_radius_minus_1.5,"atom_shuffle,coordinate_jitter",267,20,18
colab47_crop_subsample_subsample_n20,diffsbdd,mean_qed,2.149,0.654,3.612,0.06438,0.02996,17,34,crop_radius_minus_1.5,"atom_shuffle,coordinate_jitter",268,20,17
colab47_crop_subsample_subsample_n20,diffsbdd,mean_qed,1.427,0.308,2.467,0.04102,0.02873,16,32,crop_radius_minus_1.5,"atom_shuffle,coordinate_jitter",269,20,16
colab47_crop_subsample_subsample_n20,diffsbdd,mean_qed,2.032,0.847,3.895,0.0495,0.02436,19,38,crop_radius_minus_1.5,"atom_shuffle,coordinate_jitter",270,20,19
colab47_crop_subsample_subsample_n20,diffsbdd,mean_qed,2.107,1.406,3.727,0.06784,0.03221,15,30,crop_radius_minus_1.5,"atom_shuffle,coordinate_jitter",271,20,15
colab47_crop_subsample_subsample_n20,diffsbdd,mean_qed,2.585,1.774,3.69,0.07193,0.02783,17,34,crop_radius_minus_1.5,"atom_shuffle,coordinate_jitter",272,20,17
colab47_crop_subsample_subsample_n20,diffsbdd,mean_qed,3.118,1.966,4.791,0.07288,0.02338,15,30,crop_radius_minus_1.5,"atom_shuffle,coordinate_jitter",273,20,15
colab47_crop_subsample_subsample_n20,diffsbdd,mean_qed,1.502,1.081,2.363,0.04563,0.03038,16,32,crop_radius_minus_1.5,"atom_shuffle,coordinate_jitter",274,20,16
colab47_crop_subsample_subsample_n20,diffsbdd,mean_qed,1.798,1.024,2.655,0.05631,0.03132,16,32,crop_radius_minus_1.5,"atom_shuffle,coordinate_jitter",275,20,16
colab47_crop_subsample_subsample_n20,diffsbdd,mean_qed,2.59,1.701,3.702,0.05967,0.02304,17,34,crop_radius_minus_1.5,"atom_shuffle,coordinate_jitter",276,20,17
colab47_crop_subsample_subsample_n20,diffsbdd,mean_qed,2.148,1.29,2.754,0.06872,0.032,20,40,crop_radius_minus_1.5,"atom_shuffle,coordinate_jitter",277,20,20
colab47_crop_subsample_subsample_n20,diffsbdd,mean_qed,1.632,0.774,2.636,0.05223,0.032,18,36,crop_radius_minus_1.5,"atom_shuffle,coordinate_jitter",278,20,18
colab47_crop_subsample_subsample_n20,diffsbdd,mean_qed,1.703,1.086,2.665,0.05296,0.0311,18,36,crop_radius_minus_1.5,"atom_shuffle,coordinate_jitter",279,20,18
colab47_crop_subsample_subsample_n20,diffsbdd,mean_qed,1.815,1.197,3.123,0.04957,0.02731,16,32,crop_radius_minus_1.5,"atom_shuffle,coordinate_jitter",280,20,16
colab47_crop_subsample_subsample_n20,diffsbdd,mean_qed,1.947,1.079,2.721,0.06097,0.03132,16,32,crop_radius_minus_1.5,"atom_shuffle,coordinate_jitter",281,20,16
colab47_crop_subsample_subsample_n20,diffsbdd,mean_qed,1.844,0.601,2.831,0.05786,0.03138,17,34,crop_radius_minus_1.5,"atom_shuffle,coordinate_jitter",282,20,17
colab47_crop_subsample_subsample_n20,diffsbdd,mean_qed,2.16,1.384,3.85,0.07288,0.03374,15,30,crop_radius_minus_1.5,"atom_shuffle,coordinate_jitter",283,20,15
colab47_crop_subsample_subsample_n20,diffsbdd,mean_qed,1.821,0.948,2.608,0.05306,0.02913,16,32,crop_radius_minus_1.5,"atom_shuffle,coordinate_jitter",284,20,16
colab47_crop_subsample_subsample_n20,diffsbdd,mean_qed,2.423,1.518,3.505,0.06937,0.02863,16,32,crop_radius_minus_1.5,"atom_shuffle,coordinate_jitter",285,20,16
colab47_crop_subsample_subsample_n20,diffsbdd,mean_qed,2.169,1.071,3.236,0.06438,0.02968,16,32,crop_radius_minus_1.5,"atom_shuffle,coordinate_jitter",286,20,16
colab47_crop_subsample_subsample_n20,diffsbdd,mean_qed,2.189,1.074,3.08,0.06989,0.03192,16,32,crop_radius_minus_1.5,"atom_shuffle,coordinate_jitter",287,20,16
colab47_crop_subsample_subsample_n20,diffsbdd,mean_qed,2.516,1.286,3.261,0.07189,0.02857,16,32,crop_radius_minus_1.5,"atom_shuffle,coordinate_jitter",288,20,16
colab47_crop_subsample_subsample_n20,diffsbdd,mean_qed,1.963,0.701,2.81,0.0562,0.02863,19,38,crop_radius_minus_1.5,"atom_shuffle,coordinate_jitter",289,20,19
colab47_crop_subsample_subsample_n20,diffsbdd,mean_qed,2.089,1.379,3.062,0.05967,0.02857,17,34,crop_radius_minus_1.5,"atom_shuffle,coordinate_jitter",290,20,17
colab47_crop_subsample_subsample_n20,diffsbdd,mean_qed,1.936,0.76,3.138,0.05641,0.02913,15,30,crop_radius_minus_1.5,"atom_shuffle,coordinate_jitter",291,20,15
colab47_crop_subsample_subsample_n20,diffsbdd,mean_qed,2.069,1.09,2.537,0.06668,0.03224,16,32,crop_radius_minus_1.5,"atom_shuffle,coordinate_jitter",292,20,16
colab47_crop_subsample_subsample_n20,diffsbdd,mean_qed,2.511,1.388,4.027,0.07479,0.02979,17,34,crop_radius_minus_1.5,"atom_shuffle,coordinate_jitter",293,20,17
colab47_crop_subsample_subsample_n20,diffsbdd,mean_qed,1.671,0.796,2.379,0.05233,0.03132,16,32,crop_radius_minus_1.5,"atom_shuffle,coordinate_jitter",294,20,16
colab47_crop_subsample_subsample_n20,diffsbdd,mean_qed,2.498,0.484,3.593,0.06872,0.02752,16,32,crop_radius_minus_1.5,"atom_shuffle,coordinate_jitter",295,20,16
colab47_crop_subsample_subsample_n20,diffsbdd,mean_qed,1.766,1.033,3.317,0.0495,0.02803,15,30,crop_radius_minus_1.5,"atom_shuffle,coordinate_jitter",296,20,15
colab47_crop_subsample_subsample_n20,diffsbdd,mean_qed,1.679,0.94,2.411,0.05093,0.03033,18,36,crop_radius_minus_1.5,"atom_shuffle,coordinate_jitter",297,20,18
colab47_crop_subsample_subsample_n20,diffsbdd,mean_qed,2.199,1.549,3.275,0.06552,0.0298,19,38,crop_radius_minus_1.5,"atom_shuffle,coordinate_jitter",298,20,19
colab47_crop_subsample_subsample_n20,diffsbdd,mean_qed,1.353,0.783,2.307,0.04016,0.02967,16,32,crop_radius_minus_1.5,"atom_shuffle,coordinate_jitter",299,20,16
colab47_crop_subsample_subsample_n20,diffsbdd,mean_qed,2.564,1.638,4.126,0.06552,0.02555,17,34,crop_radius_minus_1.5,"atom_shuffle,coordinate_jitter",300,20,17
colab47_crop_subsample_subsample_n20,diffsbdd,mean_qed,2.319,1.393,2.809,0.06784,0.02926,17,34,crop_radius_minus_1.5,"atom_shuffle,coordinate_jitter",301,20,17
colab47_crop_subsample_subsample_n20,diffsbdd,mean_qed,2.266,1.497,3.623,0.06872,0.03033,18,36,crop_radius_minus_1.5,"atom_shuffle,coordinate_jitter",302,20,18
colab47_crop_subsample_subsample_n20,diffsbdd,mean_qed,2.413,1.286,2.996,0.07188,0.02978,16,32,crop_radius_minus_1.5,"atom_shuffle,coordinate_jitter",303,20,16
colab47_crop_subsample_subsample_n20,diffsbdd,mean_qed,2.18,1.11,3.21,0.06097,0.02797,16,32,crop_radius_minus_1.5,"atom_shuffle,coordinate_jitter",304,20,16
colab47_crop_subsample_subsample_n20,diffsbdd,mean_qed,1.862,1.195,3.124,0.05285,0.02838,16,32,crop_radius_minus_1.5,"atom_shuffle,coordinate_jitter",305,20,16
colab47_crop_subsample_subsample_n20,diffsbdd,mean_qed,2.061,1.162,2.697,0.06438,0.03123,18,36,crop_radius_minus_1.5,"atom_shuffle,coordinate_jitter",306,20,18
colab47_crop_subsample_subsample_n20,diffsbdd,mean_qed,2.499,1.334,3.194,0.07313,0.02926,16,32,crop_radius_minus_1.5,"atom_shuffle,coordinate_jitter",307,20,16
colab47_crop_subsample_subsample_n20,diffsbdd,mean_qed,1.498,0.625,2.055,0.04544,0.03033,15,30,crop_radius_minus_1.5,"atom_shuffle,coordinate_jitter",308,20,15
colab47_crop_subsample_subsample_n20,diffsbdd,mean_qed,2.574,1.86,4.247,0.0709,0.02755,17,34,crop_radius_minus_1.5,"atom_shuffle,coordinate_jitter",309,20,17
colab47_crop_subsample_subsample_n20,diffsbdd,mean_qed,2.454,1.413,3.375,0.07035,0.02866,16,32,crop_radius_minus_1.5,"atom_shuffle,coordinate_jitter",310,20,16
colab47_crop_subsample_subsample_n20,diffsbdd,mean_qed,1.326,0.921,3.289,0.04544,0.03427,15,30,crop_radius_minus_1.5,"atom_shuffle,coordinate_jitter",311,20,15
colab47_crop_subsample_subsample_n20,diffsbdd,mean_qed,2.509,1.731,3.474,0.07193,0.02866,17,34,crop_radius_minus_1.5,"atom_shuffle,coordinate_jitter",312,20,17
colab47_crop_subsample_subsample_n20,diffsbdd,mean_qed,2.444,1.147,3.274,0.0709,0.02901,17,34,crop_radius_minus_1.5,"atom_shuffle,coordinate_jitter",313,20,17
colab47_crop_subsample_subsample_n20,diffsbdd,mean_qed,1.943,1.3,2.596,0.05786,0.02978,19,38,crop_radius_minus_1.5,"atom_shuffle,coordinate_jitter",314,20,19
colab47_crop_subsample_subsample_n20,diffsbdd,mean_qed,1.843,1.232,2.934,0.05368,0.02913,16,32,crop_radius_minus_1.5,"atom_shuffle,coordinate_jitter",315,20,16
colab47_crop_subsample_subsample_n20,diffsbdd,mean_qed,2.189,1.497,3.433,0.06376,0.02913,18,36,crop_radius_minus_1.5,"atom_shuffle,coordinate_jitter",316,20,18
colab47_crop_subsample_subsample_n20,diffsbdd,mean_qed,1.334,0.744,2.578,0.043,0.03224,15,30,crop_radius_minus_1.5,"atom_shuffle,coordinate_jitter",317,20,15
colab47_crop_subsample_subsample_n20,diffsbdd,mean_qed,2.301,1.133,3.049,0.06668,0.02898,18,36,crop_radius_minus_1.5,"atom_shuffle,coordinate_jitter",318,20,18
colab47_crop_subsample_subsample_n20,diffsbdd,mean_qed,1.386,1.059,2.399,0.04211,0.03038,17,34,crop_radius_minus_1.5,"atom_shuffle,coordinate_jitter",319,20,17
colab47_crop_subsample_subsample_n20,diffsbdd,mean_qed,1.759,1.001,2.875,0.0495,0.02815,15,30,crop_radius_minus_1.5,"atom_shuffle,coordinate_jitter",320,20,15
colab47_crop_subsample_subsample_n20,diffsbdd,mean_qed,1.879,1.235,3.765,0.0495,0.02635,17,34,crop_radius_minus_1.5,"atom_shuffle,coordinate_jitter",321,20,17
colab47_crop_subsample_subsample_n20,diffsbdd,mean_qed,1.886,1.164,3.362,0.0562,0.0298,15,30,crop_radius_minus_1.5,"atom_shuffle,coordinate_jitter",322,20,15
colab47_crop_subsample_subsample_n20,diffsbdd,mean_qed,2.586,1.444,3.845,0.06112,0.02363,18,36,crop_radius_minus_1.5,"atom_shuffle,coordinate_jitter",323,20,18
colab47_crop_subsample_subsample_n20,diffsbdd,mean_qed,1.592,0.986,2.611,0.0495,0.0311,15,30,crop_radius_minus_1.5,"atom_shuffle,coordinate_jitter",324,20,15
colab47_crop_subsample_subsample_n20,diffsbdd,mean_qed,1.415,0.653,2.564,0.04102,0.02898,18,36,crop_radius_minus_1.5,"atom_shuffle,coordinate_jitter",325,20,18
colab47_crop_subsample_subsample_n20,diffsbdd,mean_qed,2.043,1.24,2.612,0.06438,0.03152,18,36,crop_radius_minus_1.5,"atom_shuffle,coordinate_jitter",326,20,18
colab47_crop_subsample_subsample_n20,diffsbdd,mean_qed,1.997,1.314,3.073,0.0562,0.02815,17,34,crop_radius_minus_1.5,"atom_shuffle,coordinate_jitter",327,20,17
colab47_crop_subsample_subsample_n20,diffsbdd,mean_qed,1.563,0.796,3.246,0.04336,0.02774,18,36,crop_radius_minus_1.5,"atom_shuffle,coordinate_jitter",328,20,18
colab47_crop_subsample_subsample_n20,diffsbdd,mean_qed,1.343,0.635,2.394,0.0417,0.03104,12,24,crop_radius_minus_1.5,"atom_shuffle,coordinate_jitter",329,20,12
colab47_crop_subsample_subsample_n20,diffsbdd,mean_qed,1.711,1.275,2.695,0.04888,0.02857,16,32,crop_radius_minus_1.5,"atom_shuffle,coordinate_jitter",330,20,16
colab47_crop_subsample_subsample_n20,diffsbdd,mean_qed,1.56,0.382,2.258,0.04544,0.02913,17,34,crop_radius_minus_1.5,"atom_shuffle,coordinate_jitter",331,20,17
colab47_crop_subsample_subsample_n20,diffsbdd,mean_qed,1.86,1.154,2.502,0.05641,0.03033,17,34,crop_radius_minus_1.5,"atom_shuffle,coordinate_jitter",332,20,17
colab47_crop_subsample_subsample_n20,diffsbdd,mean_qed,1.467,0.922,2.46,0.04747,0.03237,16,32,crop_radius_minus_1.5,"atom_shuffle,coordinate_jitter",333,20,16
colab47_crop_subsample_subsample_n20,diffsbdd,mean_qed,2.146,1.417,3.446,0.05641,0.02629,17,34,crop_radius_minus_1.5,"atom_shuffle,coordinate_jitter",334,20,17
colab47_crop_subsample_subsample_n20,diffsbdd,mean_qed,1.43,0.893,2.502,0.04825,0.03374,17,34,crop_radius_minus_1.5,"atom_shuffle,coordinate_jitter",335,20,17
colab47_crop_subsample_subsample_n20,diffsbdd,mean_qed,2.56,1.908,4.168,0.0734,0.02867,17,34,crop_radius_minus_1.5,"atom_shuffle,coordinate_jitter",336,20,17
colab47_crop_subsample_subsample_n20,diffsbdd,mean_qed,1.383,0.342,2.468,0.04128,0.02985,15,30,crop_radius_minus_1.5,"atom_shuffle,coordinate_jitter",337,20,15
colab47_crop_subsample_subsample_n20,diffsbdd,mean_qed,1.736,0.736,2.788,0.05223,0.03009,16,32,crop_radius_minus_1.5,"atom_shuffle,coordinate_jitter",338,20,16
colab47_crop_subsample_subsample_n20,diffsbdd,mean_qed,1.683,0.709,2.894,0.04825,0.02866,17,34,crop_radius_minus_1.5,"atom_shuffle,coordinate_jitter",339,20,17
colab47_crop_subsample_subsample_n20,diffsbdd,mean_qed,1.767,0.649,2.375,0.0562,0.0318,17,34,crop_radius_minus_1.5,"atom_shuffle,coordinate_jitter",340,20,17
colab47_crop_subsample_subsample_n20,diffsbdd,mean_qed,2.524,1.584,3.957,0.06784,0.02688,15,30,crop_radius_minus_1.5,"atom_shuffle,coordinate_jitter",341,20,15
colab47_crop_subsample_subsample_n20,diffsbdd,mean_qed,1.736,0.983,2.526,0.05223,0.03009,16,32,crop_radius_minus_1.5,"atom_shuffle,coordinate_jitter",342,20,16
colab47_crop_subsample_subsample_n20,diffsbdd,mean_qed,1.484,0.822,2.766,0.043,0.02898,17,34,crop_radius_minus_1.5,"atom_shuffle,coordinate_jitter",343,20,17
colab47_crop_subsample_subsample_n20,diffsbdd,mean_qed,1.706,0.798,3.274,0.0495,0.02901,17,34,crop_radius_minus_1.5,"atom_shuffle,coordinate_jitter",344,20,17
colab47_crop_subsample_subsample_n20,diffsbdd,mean_qed,1.942,1.075,2.951,0.05786,0.0298,17,34,crop_radius_minus_1.5,"atom_shuffle,coordinate_jitter",345,20,17
colab47_crop_subsample_subsample_n20,diffsbdd,mean_qed,1.571,1.042,2.45,0.0495,0.03152,17,34,crop_radius_minus_1.5,"atom_shuffle,coordinate_jitter",346,20,17
colab47_crop_subsample_subsample_n20,diffsbdd,mean_qed,1.664,0.567,3.296,0.04544,0.02731,15,30,crop_radius_minus_1.5,"atom_shuffle,coordinate_jitter",347,20,15
colab47_crop_subsample_subsample_n20,diffsbdd,mean_qed,3.315,1.558,5.452,0.0658,0.01985,16,32,crop_radius_minus_1.5,"atom_shuffle,coordinate_jitter",348,20,16
colab47_crop_subsample_subsample_n20,diffsbdd,mean_qed,1.719,1.149,2.333,0.05641,0.03282,17,34,crop_radius_minus_1.5,"atom_shuffle,coordinate_jitter",349,20,17
colab47_crop_subsample_subsample_n20,diffsbdd,mean_qed,1.411,0.514,2.52,0.04128,0.02926,15,30,crop_radius_minus_1.5,"atom_shuffle,coordinate_jitter",350,20,15
colab47_crop_subsample_subsample_n20,diffsbdd,mean_qed,1.699,0.669,2.983,0.0495,0.02914,13,26,crop_radius_minus_1.5,"atom_shuffle,coordinate_jitter",351,20,13
colab47_crop_subsample_subsample_n20,diffsbdd,mean_qed,2.146,1.563,3.313,0.0604,0.02815,18,36,crop_radius_minus_1.5,"atom_shuffle,coordinate_jitter",352,20,18
colab47_crop_subsample_subsample_n20,diffsbdd,mean_qed,2.465,1.211,4.217,0.06937,0.02815,16,32,crop_radius_minus_1.5,"atom_shuffle,coordinate_jitter",353,20,16
colab47_crop_subsample_subsample_n20,diffsbdd,mean_qed,2.024,1.215,2.49,0.06438,0.0318,17,34,crop_radius_minus_1.5,"atom_shuffle,coordinate_jitter",354,20,17
colab47_crop_subsample_subsample_n20,diffsbdd,mean_qed,2.367,1.146,3.978,0.06764,0.02857,14,28,crop_radius_minus_1.5,"atom_shuffle,coordinate_jitter",355,20,14
colab47_crop_subsample_subsample_n20,diffsbdd,mean_qed,1.593,0.498,2.656,0.04747,0.0298,16,32,crop_radius_minus_1.5,"atom_shuffle,coordinate_jitter",356,20,16
colab47_crop_subsample_subsample_n20,diffsbdd,mean_qed,2.075,0.664,3.112,0.0604,0.02911,14,28,crop_radius_minus_1.5,"atom_shuffle,coordinate_jitter",357,20,14
colab47_crop_subsample_subsample_n20,diffsbdd,mean_qed,1.999,1.009,2.902,0.05967,0.02985,17,34,crop_radius_minus_1.5,"atom_shuffle,coordinate_jitter",358,20,17
colab47_crop_subsample_subsample_n20,diffsbdd,mean_qed,1.692,1.045,2.523,0.0495,0.02926,17,34,crop_radius_minus_1.5,"atom_shuffle,coordinate_jitter",359,20,17
colab47_crop_subsample_subsample_n20,diffsbdd,mean_qed,1.672,0.917,2.395,0.05641,0.03374,15,30,crop_radius_minus_1.5,"atom_shuffle,coordinate_jitter",360,20,15
colab47_crop_subsample_subsample_n20,diffsbdd,mean_qed,1.978,1.304,3.182,0.05786,0.02926,17,34,crop_radius_minus_1.5,"atom_shuffle,coordinate_jitter",361,20,17
colab47_crop_subsample_subsample_n20,diffsbdd,mean_qed,1.648,0.674,2.722,0.04211,0.02555,17,34,crop_radius_minus_1.5,"atom_shuffle,coordinate_jitter",362,20,17
colab47_crop_subsample_subsample_n20,diffsbdd,mean_qed,1.421,0.948,2.296,0.04518,0.0318,16,32,crop_radius_minus_1.5,"atom_shuffle,coordinate_jitter",363,20,16
colab47_crop_subsample_subsample_n20,diffsbdd,mean_qed,2.539,1.373,3.72,0.05714,0.0225,16,32,crop_radius_minus_1.5,"atom_shuffle,coordinate_jitter",364,20,16
colab47_crop_subsample_subsample_n20,diffsbdd,mean_qed,1.093,0.269,2.14,0.03639,0.03328,16,32,crop_radius_minus_1.5,"atom_shuffle,coordinate_jitter",365,20,16
colab47_crop_subsample_subsample_n20,diffsbdd,mean_qed,2.081,1.075,2.657,0.07241,0.0348,18,36,crop_radius_minus_1.5,"atom_shuffle,coordinate_jitter",366,20,18
colab47_crop_subsample_subsample_n20,diffsbdd,mean_qed,1.883,1.131,3.611,0.05223,0.02774,18,36,crop_radius_minus_1.5,"atom_shuffle,coordinate_jitter",367,20,18
colab47_crop_subsample_subsample_n20,diffsbdd,mean_qed,2.308,0.889,4.222,0.05916,0.02563,14,28,crop_radius_minus_1.5,"atom_shuffle,coordinate_jitter",368,20,14
colab47_crop_subsample_subsample_n20,diffsbdd,mean_qed,2.41,0.969,4.429,0.06784,0.02815,13,26,crop_radius_minus_1.5,"atom_shuffle,coordinate_jitter",369,20,13
colab47_crop_subsample_subsample_n20,diffsbdd,mean_qed,1.814,1.101,2.545,0.05641,0.0311,15,30,crop_radius_minus_1.5,"atom_shuffle,coordinate_jitter",370,20,15
colab47_crop_subsample_subsample_n20,diffsbdd,mean_qed,1.919,1.118,3.163,0.05694,0.02968,16,32,crop_radius_minus_1.5,"atom_shuffle,coordinate_jitter",371,20,16
colab47_crop_subsample_subsample_n20,diffsbdd,mean_qed,1.566,0.709,3.011,0.04544,0.02901,17,34,crop_radius_minus_1.5,"atom_shuffle,coordinate_jitter",372,20,17
colab47_crop_subsample_subsample_n20,diffsbdd,mean_qed,1.999,1.185,3.25,0.05794,0.02898,16,32,crop_radius_minus_1.5,"atom_shuffle,coordinate_jitter",373,20,16
colab47_crop_subsample_subsample_n20,diffsbdd,mean_qed,1.5,0.654,2.853,0.043,0.02866,17,34,crop_radius_minus_1.5,"atom_shuffle,coordinate_jitter",374,20,17
colab47_crop_subsample_subsample_n20,diffsbdd,mean_qed,1.625,1.283,2.927,0.04544,0.02797,15,30,crop_radius_minus_1.5,"atom_shuffle,coordinate_jitter",375,20,15
colab47_crop_subsample_subsample_n20,diffsbdd,mean_qed,2.425,1.414,4.284,0.06784,0.02797,17,34,crop_radius_minus_1.5,"atom_shuffle,coordinate_jitter",376,20,17
colab47_crop_subsample_subsample_n20,diffsbdd,mean_qed,1.591,0.902,2.398,0.05089,0.032,16,32,crop_radius_minus_1.5,"atom_shuffle,coordinate_jitter",377,20,16
colab47_crop_subsample_subsample_n20,diffsbdd,mean_qed,1.98,1.057,3.501,0.06552,0.03309,15,30,crop_radius_minus_1.5,"atom_shuffle,coordinate_jitter",378,20,15
colab47_crop_subsample_subsample_n20,diffsbdd,mean_qed,1.722,0.7,2.511,0.05694,0.03306,16,32,crop_radius_minus_1.5,"atom_shuffle,coordinate_jitter",379,20,16
colab47_crop_subsample_subsample_n20,diffsbdd,mean_qed,2.434,0.365,3.116,0.0709,0.02913,15,30,crop_radius_minus_1.5,"atom_shuffle,coordinate_jitter",380,20,15
colab47_crop_subsample_subsample_n20,diffsbdd,mean_qed,2.018,1.255,3.246,0.05703,0.02826,12,24,crop_radius_minus_1.5,"atom_shuffle,coordinate_jitter",381,20,12
colab47_crop_subsample_subsample_n20,diffsbdd,mean_qed,1.941,0.955,2.682,0.05631,0.02901,14,28,crop_radius_minus_1.5,"atom_shuffle,coordinate_jitter",382,20,14
colab47_crop_subsample_subsample_n20,diffsbdd,mean_qed,1.895,1.029,3.359,0.06495,0.03427,18,36,crop_radius_minus_1.5,"atom_shuffle,coordinate_jitter",383,20,18
colab47_crop_subsample_subsample_n20,diffsbdd,mean_qed,1.592,0.834,2.649,0.04563,0.02866,16,32,crop_radius_minus_1.5,"atom_shuffle,coordinate_jitter",384,20,16
colab47_crop_subsample_subsample_n20,diffsbdd,mean_qed,1.18,0.453,2.294,0.03902,0.03306,18,36,crop_radius_minus_1.5,"atom_shuffle,coordinate_jitter",385,20,18
colab47_crop_subsample_subsample_n20,diffsbdd,mean_qed,1.989,0.991,2.502,0.06529,0.03282,18,36,crop_radius_minus_1.5,"atom_shuffle,coordinate_jitter",386,20,18
colab47_crop_subsample_subsample_n20,diffsbdd,mean_qed,1.659,0.939,2.129,0.0562,0.03387,17,34,crop_radius_minus_1.5,"atom_shuffle,coordinate_jitter",387,20,17
colab47_crop_subsample_subsample_n20,diffsbdd,mean_qed,2.301,1.562,3.226,0.07142,0.03104,14,28,crop_radius_minus_1.5,"atom_shuffle,coordinate_jitter",388,20,14
colab47_crop_subsample_subsample_n20,diffsbdd,mean_qed,2.664,0.958,3.656,0.06438,0.02417,17,34,crop_radius_minus_1.5,"atom_shuffle,coordinate_jitter",389,20,17
colab47_crop_subsample_subsample_n20,diffsbdd,mean_qed,1.693,0.907,2.493,0.05459,0.03224,20,40,crop_radius_minus_1.5,"atom_shuffle,coordinate_jitter",390,20,20
colab47_crop_subsample_subsample_n20,diffsbdd,mean_qed,1.691,0.978,2.454,0.05165,0.03055,16,32,crop_radius_minus_1.5,"atom_shuffle,coordinate_jitter",391,20,16
colab47_crop_subsample_subsample_n20,diffsbdd,mean_qed,1.566,0.542,2.258,0.04563,0.02913,18,36,crop_radius_minus_1.5,"atom_shuffle,coordinate_jitter",392,20,18
colab47_crop_subsample_subsample_n20,diffsbdd,mean_qed,2.272,1.281,3.764,0.05967,0.02626,17,34,crop_radius_minus_1.5,"atom_shuffle,coordinate_jitter",393,20,17
colab47_crop_subsample_subsample_n20,diffsbdd,mean_qed,2.162,1.283,2.626,0.06784,0.03138,17,34,crop_radius_minus_1.5,"atom_shuffle,coordinate_jitter",394,20,17
colab47_crop_subsample_subsample_n20,diffsbdd,mean_qed,2.102,1.275,3.2,0.0626,0.02978,18,36,crop_radius_minus_1.5,"atom_shuffle,coordinate_jitter",395,20,18
colab47_crop_subsample_subsample_n20,diffsbdd,mean_qed,2.271,1.286,3.905,0.06611,0.02911,18,36,crop_radius_minus_1.5,"atom_shuffle,coordinate_jitter",396,20,18
colab47_crop_subsample_subsample_n20,diffsbdd,mean_qed,2.166,1.484,3.151,0.06203,0.02863,18,36,crop_radius_minus_1.5,"atom_shuffle,coordinate_jitter",397,20,18
colab47_crop_subsample_subsample_n20,diffsbdd,mean_qed,1.943,1.334,3.011,0.05786,0.02978,15,30,crop_radius_minus_1.5,"atom_shuffle,coordinate_jitter",398,20,15
colab47_crop_subsample_subsample_n20,diffsbdd,mean_qed,2.233,1.304,3.704,0.07286,0.03263,17,34,crop_radius_minus_1.5,"atom_shuffle,coordinate_jitter",399,20,17
colab47_crop_subsample_subsample_n20,diffsbdd,mean_qed,1.549,0.783,2.579,0.04825,0.03114,15,30,crop_radius_minus_1.5,"atom_shuffle,coordinate_jitter",400,20,15
colab47_crop_subsample_subsample_n20,diffsbdd,mean_qed,2.29,1.5,3.232,0.06821,0.02978,16,32,crop_radius_minus_1.5,"atom_shuffle,coordinate_jitter",401,20,16
colab47_crop_subsample_subsample_n20,diffsbdd,mean_qed,1.811,0.961,2.659,0.0562,0.03103,19,38,crop_radius_minus_1.5,"atom_shuffle,coordinate_jitter",402,20,19
colab47_crop_subsample_subsample_n20,diffsbdd,mean_qed,2.267,1.24,2.934,0.06821,0.03009,18,36,crop_radius_minus_1.5,"atom_shuffle,coordinate_jitter",403,20,18
colab47_crop_subsample_subsample_n20,diffsbdd,mean_qed,2.145,1.245,2.956,0.06821,0.0318,16,32,crop_radius_minus_1.5,"atom_shuffle,coordinate_jitter",404,20,16
colab47_crop_subsample_subsample_n20,diffsbdd,mean_qed,1.858,1.024,2.714,0.05786,0.03114,17,34,crop_radius_minus_1.5,"atom_shuffle,coordinate_jitter",405,20,17
colab47_crop_subsample_subsample_n20,diffsbdd,mean_qed,2.286,0.749,3.208,0.06784,0.02968,15,30,crop_radius_minus_1.5,"atom_shuffle,coordinate_jitter",406,20,15
colab47_crop_subsample_subsample_n20,diffsbdd,mean_qed,1.835,0.892,2.396,0.05703,0.03108,16,32,crop_radius_minus_1.5,"atom_shuffle,coordinate_jitter",407,20,16
colab47_crop_subsample_subsample_n20,diffsbdd,mean_qed,1.893,0.737,2.621,0.05641,0.0298,19,38,crop_radius_minus_1.5,"atom_shuffle,coordinate_jitter",408,20,19
colab47_crop_subsample_subsample_n20,diffsbdd,mean_qed,2.108,1.315,3.35,0.06552,0.03108,17,34,crop_radius_minus_1.5,"atom_shuffle,coordinate_jitter",409,20,17
colab47_crop_subsample_subsample_n20,diffsbdd,mean_qed,2.092,1.021,2.964,0.06784,0.03244,17,34,crop_radius_minus_1.5,"atom_shuffle,coordinate_jitter",410,20,17
colab47_crop_subsample_subsample_n20,diffsbdd,mean_qed,1.777,1.165,3.433,0.05296,0.0298,16,32,crop_radius_minus_1.5,"atom_shuffle,coordinate_jitter",411,20,16
colab47_crop_subsample_subsample_n20,diffsbdd,mean_qed,2.086,1.059,3.651,0.05786,0.02774,15,30,crop_radius_minus_1.5,"atom_shuffle,coordinate_jitter",412,20,15
colab47_crop_subsample_subsample_n20,diffsbdd,mean_qed,1.706,0.873,2.359,0.05641,0.03306,17,34,crop_radius_minus_1.5,"atom_shuffle,coordinate_jitter",413,20,17
colab47_crop_subsample_subsample_n20,diffsbdd,mean_qed,1.801,1.085,2.622,0.07526,0.04178,18,36,crop_radius_minus_1.5,"atom_shuffle,coordinate_jitter",414,20,18
colab47_crop_subsample_subsample_n20,diffsbdd,mean_qed,1.511,1.021,2.479,0.04825,0.03194,15,30,crop_radius_minus_1.5,"atom_shuffle,coordinate_jitter",415,20,15
colab47_crop_subsample_subsample_n20,diffsbdd,mean_qed,1.553,1.007,2.757,0.04544,0.02926,17,34,crop_radius_minus_1.5,"atom_shuffle,coordinate_jitter",416,20,17
colab47_crop_subsample_subsample_n20,diffsbdd,mean_qed,2.423,1.618,3.45,0.0709,0.02926,15,30,crop_radius_minus_1.5,"atom_shuffle,coordinate_jitter",417,20,15
colab47_crop_subsample_subsample_n20,diffsbdd,mean_qed,2.377,0.664,3.261,0.07288,0.03066,17,34,crop_radius_minus_1.5,"atom_shuffle,coordinate_jitter",418,20,17
colab47_crop_subsample_subsample_n20,diffsbdd,mean_qed,2.452,1.41,3.477,0.07288,0.02972,15,30,crop_radius_minus_1.5,"atom_shuffle,coordinate_jitter",419,20,15
colab47_crop_subsample_subsample_n20,diffsbdd,mean_qed,1.629,0.946,3.103,0.04747,0.02914,18,36,crop_radius_minus_1.5,"atom_shuffle,coordinate_jitter",420,20,18
colab47_crop_subsample_subsample_n20,diffsbdd,mean_qed,1.475,0.726,2.416,0.043,0.02915,15,30,crop_radius_minus_1.5,"atom_shuffle,coordinate_jitter",421,20,15
colab47_crop_subsample_subsample_n20,diffsbdd,mean_qed,1.943,1.097,3.028,0.05632,0.02898,16,32,crop_radius_minus_1.5,"atom_shuffle,coordinate_jitter",422,20,16
colab47_crop_subsample_subsample_n20,diffsbdd,mean_qed,2.465,1.58,3.241,0.07313,0.02967,18,36,crop_radius_minus_1.5,"atom_shuffle,coordinate_jitter",423,20,18
colab47_crop_subsample_subsample_n20,diffsbdd,mean_qed,2.174,0.854,3.28,0.07193,0.03309,17,34,crop_radius_minus_1.5,"atom_shuffle,coordinate_jitter",424,20,17
colab47_crop_subsample_subsample_n20,diffsbdd,mean_qed,2.76,1.282,4.334,0.07313,0.02649,16,32,crop_radius_minus_1.5,"atom_shuffle,coordinate_jitter",425,20,16
colab47_crop_subsample_subsample_n20,diffsbdd,mean_qed,1.502,0.391,2.834,0.043,0.02863,17,34,crop_radius_minus_1.5,"atom_shuffle,coordinate_jitter",426,20,17
colab47_crop_subsample_subsample_n20,diffsbdd,mean_qed,1.989,1.357,3.247,0.0562,0.02826,15,30,crop_radius_minus_1.5,"atom_shuffle,coordinate_jitter",427,20,15
colab47_crop_subsample_subsample_n20,diffsbdd,mean_qed,2.221,0.798,3.47,0.06438,0.02898,17,34,crop_radius_minus_1.5,"atom_shuffle,coordinate_jitter",428,20,17
colab47_crop_subsample_subsample_n20,diffsbdd,mean_qed,2.34,0.909,2.775,0.06821,0.02915,18,36,crop_radius_minus_1.5,"atom_shuffle,coordinate_jitter",429,20,18
colab47_crop_subsample_subsample_n20,diffsbdd,mean_qed,2.529,1.348,3.453,0.0709,0.02803,15,30,crop_radius_minus_1.5,"atom_shuffle,coordinate_jitter",430,20,15
colab47_crop_subsample_subsample_n20,diffsbdd,mean_qed,1.553,0.773,2.396,0.04544,0.02926,19,38,crop_radius_minus_1.5,"atom_shuffle,coordinate_jitter",431,20,19
colab47_crop_subsample_subsample_n20,diffsbdd,mean_qed,1.724,1.037,2.764,0.05877,0.0341,18,36,crop_radius_minus_1.5,"atom_shuffle,coordinate_jitter",432,20,18
colab47_crop_subsample_subsample_n20,diffsbdd,mean_qed,1.38,0.629,2.291,0.04211,0.03051,17,34,crop_radius_minus_1.5,"atom_shuffle,coordinate_jitter",433,20,17
colab47_crop_subsample_subsample_n20,diffsbdd,mean_qed,1.733,0.936,2.624,0.05694,0.03286,18,36,crop_radius_minus_1.5,"atom_shuffle,coordinate_jitter",434,20,18
colab47_crop_subsample_subsample_n20,diffsbdd,mean_qed,1.32,0.883,2.308,0.04256,0.03224,16,32,crop_radius_minus_1.5,"atom_shuffle,coordinate_jitter",435,20,16
colab47_crop_subsample_subsample_n20,diffsbdd,mean_qed,1.998,1.25,2.513,0.06203,0.03104,16,32,crop_radius_minus_1.5,"atom_shuffle,coordinate_jitter",436,20,16
colab47_crop_subsample_subsample_n20,diffsbdd,mean_qed,2.322,1.426,2.964,0.07287,0.03138,16,32,crop_radius_minus_1.5,"atom_shuffle,coordinate_jitter",437,20,16
colab47_crop_subsample_subsample_n20,diffsbdd,mean_qed,1.88,1.271,2.753,0.06213,0.03305,16,32,crop_radius_minus_1.5,"atom_shuffle,coordinate_jitter",438,20,16
colab47_crop_subsample_subsample_n20,diffsbdd,mean_qed,2.016,0.943,2.502,0.06438,0.03194,17,34,crop_radius_minus_1.5,"atom_shuffle,coordinate_jitter",439,20,17
colab47_crop_subsample_subsample_n20,diffsbdd,mean_qed,2.447,1.497,3.69,0.0709,0.02898,17,34,crop_radius_minus_1.5,"atom_shuffle,coordinate_jitter",440,20,17
colab47_crop_subsample_subsample_n20,diffsbdd,mean_qed,1.894,0.964,2.464,0.05641,0.02978,15,30,crop_radius_minus_1.5,"atom_shuffle,coordinate_jitter",441,20,15
colab47_crop_subsample_subsample_n20,diffsbdd,mean_qed,1.995,0.73,3.309,0.05714,0.02863,14,28,crop_radius_minus_1.5,"atom_shuffle,coordinate_jitter",442,20,14
colab47_crop_subsample_subsample_n20,diffsbdd,mean_qed,1.662,1.166,2.69,0.0495,0.02978,19,38,crop_radius_minus_1.5,"atom_shuffle,coordinate_jitter",443,20,19
colab47_crop_subsample_subsample_n20,diffsbdd,mean_qed,1.843,0.682,2.53,0.05641,0.03061,17,34,crop_radius_minus_1.5,"atom_shuffle,coordinate_jitter",444,20,17
colab47_crop_subsample_subsample_n20,diffsbdd,mean_qed,1.65,1.096,2.69,0.05877,0.03562,14,28,crop_radius_minus_1.5,"atom_shuffle,coordinate_jitter",445,20,14
colab47_crop_subsample_subsample_n20,diffsbdd,mean_qed,2.017,1.256,2.851,0.06438,0.03192,19,38,crop_radius_minus_1.5,"atom_shuffle,coordinate_jitter",446,20,19
colab47_crop_subsample_subsample_n20,diffsbdd,mean_qed,1.366,0.706,2.284,0.04364,0.03194,18,36,crop_radius_minus_1.5,"atom_shuffle,coordinate_jitter",447,20,18
colab47_crop_subsample_subsample_n20,diffsbdd,mean_qed,2.022,0.297,3.249,0.05714,0.02826,16,32,crop_radius_minus_1.5,"atom_shuffle,coordinate_jitter",448,20,16
colab47_crop_subsample_subsample_n20,diffsbdd,mean_qed,2.033,1.261,3.194,0.06203,0.03051,18,36,crop_radius_minus_1.5,"atom_shuffle,coordinate_jitter",449,20,18
colab47_crop_subsample_subsample_n20,diffsbdd,mean_qed,2.089,1.555,3.12,0.05967,0.02857,15,30,crop_radius_minus_1.5,"atom_shuffle,coordinate_jitter",450,20,15
colab47_crop_subsample_subsample_n20,diffsbdd,mean_qed,1.508,1.111,2.466,0.04825,0.032,17,34,crop_radius_minus_1.5,"atom_shuffle,coordinate_jitter",451,20,17
colab47_crop_subsample_subsample_n20,diffsbdd,mean_qed,1.506,0.626,2.961,0.04685,0.0311,16,32,crop_radius_minus_1.5,"atom_shuffle,coordinate_jitter",452,20,16
colab47_crop_subsample_subsample_n20,diffsbdd,mean_qed,2.138,0.969,3.361,0.0562,0.02629,15,30,crop_radius_minus_1.5,"atom_shuffle,coordinate_jitter",453,20,15
colab47_crop_subsample_subsample_n20,diffsbdd,mean_qed,1.842,1.093,3.546,0.05632,0.03057,16,32,crop_radius_minus_1.5,"atom_shuffle,coordinate_jitter",454,20,16
colab47_crop_subsample_subsample_n20,diffsbdd,mean_qed,1.81,1.024,3.581,0.04625,0.02555,14,28,crop_radius_minus_1.5,"atom_shuffle,coordinate_jitter",455,20,14
colab47_crop_subsample_subsample_n20,diffsbdd,mean_qed,1.601,0.768,3.506,0.04685,0.02926,14,28,crop_radius_minus_1.5,"atom_shuffle,coordinate_jitter",456,20,14
colab47_crop_subsample_subsample_n20,diffsbdd,mean_qed,2.248,1.359,2.888,0.06552,0.02914,17,34,crop_radius_minus_1.5,"atom_shuffle,coordinate_jitter",457,20,17
colab47_crop_subsample_subsample_n20,diffsbdd,mean_qed,2.322,1.714,3.574,0.06668,0.02872,18,36,crop_radius_minus_1.5,"atom_shuffle,coordinate_jitter",458,20,18
colab47_crop_subsample_subsample_n20,diffsbdd,mean_qed,2.125,0.646,4.659,0.0495,0.02329,15,30,crop_radius_minus_1.5,"atom_shuffle,coordinate_jitter",459,20,15
colab47_crop_subsample_subsample_n20,diffsbdd,mean_qed,3.073,0.92,4.306,0.06202,0.02018,16,32,crop_radius_minus_1.5,"atom_shuffle,coordinate_jitter",460,20,16
colab47_crop_subsample_subsample_n20,diffsbdd,mean_qed,1.675,0.56,2.847,0.04971,0.02967,18,36,crop_radius_minus_1.5,"atom_shuffle,coordinate_jitter",461,20,18
colab47_crop_subsample_subsample_n20,diffsbdd,mean_qed,1.592,1.255,2.8,0.0495,0.0311,17,34,crop_radius_minus_1.5,"atom_shuffle,coordinate_jitter",462,20,17
colab47_crop_subsample_subsample_n20,diffsbdd,mean_qed,1.894,1.134,2.976,0.05641,0.02978,19,38,crop_radius_minus_1.5,"atom_shuffle,coordinate_jitter",463,20,19
colab47_crop_subsample_subsample_n20,diffsbdd,mean_qed,2.228,1.086,2.974,0.07313,0.03282,18,36,crop_radius_minus_1.5,"atom_shuffle,coordinate_jitter",464,20,18
colab47_crop_subsample_subsample_n20,diffsbdd,mean_qed,1.487,0.282,3.381,0.04128,0.02777,17,34,crop_radius_minus_1.5,"atom_shuffle,coordinate_jitter",465,20,17
colab47_crop_subsample_subsample_n20,diffsbdd,mean_qed,1.459,0.681,3.273,0.04581,0.03139,16,32,crop_radius_minus_1.5,"atom_shuffle,coordinate_jitter",466,20,16
colab47_crop_subsample_subsample_n20,diffsbdd,mean_qed,1.46,0.556,2.935,0.04825,0.03306,15,30,crop_radius_minus_1.5,"atom_shuffle,coordinate_jitter",467,20,15
colab47_crop_subsample_subsample_n20,diffsbdd,mean_qed,2.399,1.236,2.976,0.07188,0.02996,18,36,crop_radius_minus_1.5,"atom_shuffle,coordinate_jitter",468,20,18
colab47_crop_subsample_subsample_n20,diffsbdd,mean_qed,1.727,1.235,2.901,0.0495,0.02866,17,34,crop_radius_minus_1.5,"atom_shuffle,coordinate_jitter",469,20,17
colab47_crop_subsample_subsample_n20,diffsbdd,mean_qed,1.833,1.292,3.05,0.0562,0.03066,17,34,crop_radius_minus_1.5,"atom_shuffle,coordinate_jitter",470,20,17
colab47_crop_subsample_subsample_n20,diffsbdd,mean_qed,1.903,0.292,3.261,0.05285,0.02777,14,28,crop_radius_minus_1.5,"atom_shuffle,coordinate_jitter",471,20,14
colab47_crop_subsample_subsample_n20,diffsbdd,mean_qed,1.441,0.763,2.593,0.04057,0.02815,20,40,crop_radius_minus_1.5,"atom_shuffle,coordinate_jitter",472,20,20
colab47_crop_subsample_subsample_n20,diffsbdd,mean_qed,2.118,1.227,2.92,0.06495,0.03066,16,32,crop_radius_minus_1.5,"atom_shuffle,coordinate_jitter",473,20,16
colab47_crop_subsample_subsample_n20,diffsbdd,mean_qed,2.572,1.661,3.732,0.07142,0.02777,18,36,crop_radius_minus_1.5,"atom_shuffle,coordinate_jitter",474,20,18
colab47_crop_subsample_subsample_n20,diffsbdd,mean_qed,2.281,1.256,3.261,0.0709,0.03108,17,34,crop_radius_minus_1.5,"atom_shuffle,coordinate_jitter",475,20,17
colab47_crop_subsample_subsample_n20,diffsbdd,mean_qed,1.921,1.124,2.792,0.0562,0.02926,17,34,crop_radius_minus_1.5,"atom_shuffle,coordinate_jitter",476,20,17
colab47_crop_subsample_subsample_n20,diffsbdd,mean_qed,1.953,0.532,3.235,0.05694,0.02915,18,36,crop_radius_minus_1.5,"atom_shuffle,coordinate_jitter",477,20,18
colab47_crop_subsample_subsample_n20,diffsbdd,mean_qed,2.372,1.727,3.342,0.07193,0.03033,15,30,crop_radius_minus_1.5,"atom_shuffle,coordinate_jitter",478,20,15
colab47_crop_subsample_subsample_n20,diffsbdd,mean_qed,1.334,0.798,2.565,0.03903,0.02926,15,30,crop_radius_minus_1.5,"atom_shuffle,coordinate_jitter",479,20,15
colab47_crop_subsample_subsample_n20,diffsbdd,mean_qed,1.8,1.024,3.153,0.05223,0.02901,16,32,crop_radius_minus_1.5,"atom_shuffle,coordinate_jitter",480,20,16
colab47_crop_subsample_subsample_n20,diffsbdd,mean_qed,1.857,0.61,2.816,0.05641,0.03037,19,38,crop_radius_minus_1.5,"atom_shuffle,coordinate_jitter",481,20,19
colab47_crop_subsample_subsample_n20,diffsbdd,mean_qed,3.044,1.759,7.181,0.0709,0.02329,17,34,crop_radius_minus_1.5,"atom_shuffle,coordinate_jitter",482,20,17
colab47_crop_subsample_subsample_n20,diffsbdd,mean_qed,1.891,0.998,3.475,0.0562,0.02971,15,30,crop_radius_minus_1.5,"atom_shuffle,coordinate_jitter",483,20,15
colab47_crop_subsample_subsample_n20,diffsbdd,mean_qed,1.939,0.66,2.831,0.0562,0.02898,15,30,crop_radius_minus_1.5,"atom_shuffle,coordinate_jitter",484,20,15
colab47_crop_subsample_subsample_n20,diffsbdd,mean_qed,2.255,0.373,4.119,0.05641,0.02502,15,30,crop_radius_minus_1.5,"atom_shuffle,coordinate_jitter",485,20,15
colab47_crop_subsample_subsample_n20,diffsbdd,mean_qed,2.241,0.906,3.601,0.05804,0.0259,16,32,crop_radius_minus_1.5,"atom_shuffle,coordinate_jitter",486,20,16
colab47_crop_subsample_subsample_n20,diffsbdd,mean_qed,1.41,0.639,2.169,0.04544,0.03224,17,34,crop_radius_minus_1.5,"atom_shuffle,coordinate_jitter",487,20,17
colab47_crop_subsample_subsample_n20,diffsbdd,mean_qed,1.872,1.378,2.895,0.05368,0.02867,16,32,crop_radius_minus_1.5,"atom_shuffle,coordinate_jitter",488,20,16
colab47_crop_subsample_subsample_n20,diffsbdd,mean_qed,2.163,0.392,3.343,0.06112,0.02826,18,36,crop_radius_minus_1.5,"atom_shuffle,coordinate_jitter",489,20,18
colab47_crop_subsample_subsample_n20,diffsbdd,mean_qed,2.221,1.469,3.361,0.06438,0.02898,19,38,crop_radius_minus_1.5,"atom_shuffle,coordinate_jitter",490,20,19
colab47_crop_subsample_subsample_n20,diffsbdd,mean_qed,1.891,0.779,2.481,0.0562,0.02972,19,38,crop_radius_minus_1.5,"atom_shuffle,coordinate_jitter",491,20,19
colab47_crop_subsample_subsample_n20,diffsbdd,mean_qed,1.773,0.336,2.98,0.0496,0.02797,16,32,crop_radius_minus_1.5,"atom_shuffle,coordinate_jitter",492,20,16
colab47_crop_subsample_subsample_n20,diffsbdd,mean_qed,2.637,1.587,4.661,0.0734,0.02783,15,30,crop_radius_minus_1.5,"atom_shuffle,coordinate_jitter",493,20,15
colab47_crop_subsample_subsample_n20,diffsbdd,mean_qed,1.595,1.049,2.485,0.0495,0.03104,17,34,crop_radius_minus_1.5,"atom_shuffle,coordinate_jitter",494,20,17
colab47_crop_subsample_subsample_n20,diffsbdd,mean_qed,1.75,0.873,2.507,0.05967,0.0341,17,34,crop_radius_minus_1.5,"atom_shuffle,coordinate_jitter",495,20,17
colab47_crop_subsample_subsample_n20,diffsbdd,mean_qed,1.578,0.63,3.306,0.04224,0.02676,14,28,crop_radius_minus_1.5,"atom_shuffle,coordinate_jitter",496,20,14
colab47_crop_subsample_subsample_n20,diffsbdd,mean_qed,1.576,1.093,2.53,0.04825,0.03061,17,34,crop_radius_minus_1.5,"atom_shuffle,coordinate_jitter",497,20,17
colab47_crop_subsample_subsample_n20,diffsbdd,mean_qed,2.145,1.407,2.767,0.06821,0.0318,16,32,crop_radius_minus_1.5,"atom_shuffle,coordinate_jitter",498,20,16
colab47_crop_subsample_subsample_n20,diffsbdd,mean_qed,1.357,0.727,2.237,0.04211,0.03104,19,38,crop_radius_minus_1.5,"atom_shuffle,coordinate_jitter",499,20,19
colab47_crop_subsample_subsample_n20,diffsbdd,mean_qed,1.536,0.76,3.216,0.0495,0.03224,15,30,crop_radius_minus_1.5,"atom_shuffle,coordinate_jitter",500,20,15
colab47_crop_subsample_subsample_n20,diffsbdd,mean_qed,2.239,0.872,4.043,0.06552,0.02926,17,34,crop_radius_minus_1.5,"atom_shuffle,coordinate_jitter",501,20,17
colab47_crop_subsample_subsample_n20,diffsbdd,mean_qed,2.95,1.768,4.113,0.07338,0.02487,17,34,crop_radius_minus_1.5,"atom_shuffle,coordinate_jitter",502,20,17
colab47_crop_subsample_subsample_n20,diffsbdd,mean_qed,2.052,1.199,3.18,0.06438,0.03138,17,34,crop_radius_minus_1.5,"atom_shuffle,coordinate_jitter",503,20,17
colab47_crop_subsample_subsample_n20,diffsbdd,mean_qed,1.919,0.671,3.499,0.05285,0.02755,14,28,crop_radius_minus_1.5,"atom_shuffle,coordinate_jitter",504,20,14
colab47_crop_subsample_subsample_n20,diffsbdd,mean_qed,2.475,0.763,4.088,0.06438,0.02601,15,30,crop_radius_minus_1.5,"atom_shuffle,coordinate_jitter",505,20,15
colab47_crop_subsample_subsample_n20,diffsbdd,mean_qed,3.195,1.544,5.194,0.07189,0.0225,18,36,crop_radius_minus_1.5,"atom_shuffle,coordinate_jitter",506,20,18
colab47_crop_subsample_subsample_n20,diffsbdd,mean_qed,1.249,0.405,2.299,0.03902,0.03123,14,28,crop_radius_minus_1.5,"atom_shuffle,coordinate_jitter",507,20,14
colab47_crop_subsample_subsample_n20,diffsbdd,mean_qed,1.98,1.342,3.678,0.05703,0.0288,16,32,crop_radius_minus_1.5,"atom_shuffle,coordinate_jitter",508,20,16
colab47_crop_subsample_subsample_n20,diffsbdd,mean_qed,2.04,1.185,2.651,0.05967,0.02926,13,26,crop_radius_minus_1.5,"atom_shuffle,coordinate_jitter",509,20,13
colab47_crop_subsample_subsample_n20,diffsbdd,mean_qed,2.211,1.198,3.231,0.06937,0.03138,16,32,crop_radius_minus_1.5,"atom_shuffle,coordinate_jitter",510,20,16
colab47_crop_subsample_subsample_n20,diffsbdd,mean_qed,2.121,1.234,2.548,0.06495,0.03062,16,32,crop_radius_minus_1.5,"atom_shuffle,coordinate_jitter",511,20,16
colab47_crop_subsample_subsample_n20,diffsbdd,mean_qed,1.571,0.656,3.584,0.04015,0.02555,16,32,crop_radius_minus_1.5,"atom_shuffle,coordinate_jitter",512,20,16
colab47_crop_subsample_subsample_n20,diffsbdd,mean_qed,1.315,0.393,2.552,0.03902,0.02968,16,32,crop_radius_minus_1.5,"atom_shuffle,coordinate_jitter",513,20,16
colab47_crop_subsample_subsample_n20,diffsbdd,mean_qed,1.285,0.349,2.575,0.03903,0.03037,15,30,crop_radius_minus_1.5,"atom_shuffle,coordinate_jitter",514,20,15
colab47_crop_subsample_subsample_n20,diffsbdd,mean_qed,1.738,0.657,3.51,0.04825,0.02777,17,34,crop_radius_minus_1.5,"atom_shuffle,coordinate_jitter",515,20,17
colab47_crop_subsample_subsample_n20,diffsbdd,mean_qed,1.916,1.033,2.676,0.06552,0.0342,17,34,crop_radius_minus_1.5,"atom_shuffle,coordinate_jitter",516,20,17
colab47_crop_subsample_subsample_n20,diffsbdd,mean_qed,2.351,1.565,3.585,0.07142,0.03038,16,32,crop_radius_minus_1.5,"atom_shuffle,coordinate_jitter",517,20,16
colab47_crop_subsample_subsample_n20,diffsbdd,mean_qed,3.054,1.77,4.489,0.07036,0.02304,14,28,crop_radius_minus_1.5,"atom_shuffle,coordinate_jitter",518,20,14
colab47_crop_subsample_subsample_n20,diffsbdd,mean_qed,1.743,1.099,2.529,0.0562,0.03224,19,38,crop_radius_minus_1.5,"atom_shuffle,coordinate_jitter",519,20,19
colab47_crop_subsample_subsample_n20,diffsbdd,mean_qed,2.428,1.392,3.819,0.06937,0.02857,18,36,crop_radius_minus_1.5,"atom_shuffle,coordinate_jitter",520,20,18
colab47_crop_subsample_subsample_n20,diffsbdd,mean_qed,2.0,1.163,3.277,0.05967,0.02983,15,30,crop_radius_minus_1.5,"atom_shuffle,coordinate_jitter",521,20,15
colab47_crop_subsample_subsample_n20,diffsbdd,mean_qed,1.842,0.841,2.588,0.05306,0.0288,16,32,crop_radius_minus_1.5,"atom_shuffle,coordinate_jitter",522,20,16
colab47_crop_subsample_subsample_n20,diffsbdd,mean_qed,2.61,1.337,4.045,0.0724,0.02774,18,36,crop_radius_minus_1.5,"atom_shuffle,coordinate_jitter",523,20,18
colab47_crop_subsample_subsample_n20,diffsbdd,mean_qed,1.324,0.659,2.084,0.04016,0.03033,14,28,crop_radius_minus_1.5,"atom_shuffle,coordinate_jitter",524,20,14
colab47_crop_subsample_subsample_n20,diffsbdd,mean_qed,2.28,1.622,3.555,0.07287,0.03197,16,32,crop_radius_minus_1.5,"atom_shuffle,coordinate_jitter",525,20,16
colab47_crop_subsample_subsample_n20,diffsbdd,mean_qed,1.189,0.462,2.026,0.03639,0.03062,14,28,crop_radius_minus_1.5,"atom_shuffle,coordinate_jitter",526,20,14
colab47_crop_subsample_subsample_n20,diffsbdd,mean_qed,2.368,1.215,3.019,0.07193,0.03038,19,38,crop_radius_minus_1.5,"atom_shuffle,coordinate_jitter",527,20,19
colab47_crop_subsample_subsample_n20,diffsbdd,mean_qed,2.43,0.67,4.049,0.0562,0.02313,15,30,crop_radius_minus_1.5,"atom_shuffle,coordinate_jitter",528,20,15
colab47_crop_subsample_subsample_n20,diffsbdd,mean_qed,2.319,1.367,3.584,0.05285,0.02279,16,32,crop_radius_minus_1.5,"atom_shuffle,coordinate_jitter",529,20,16
colab47_crop_subsample_subsample_n20,diffsbdd,mean_qed,2.107,1.298,2.93,0.06112,0.02901,18,36,crop_radius_minus_1.5,"atom_shuffle,coordinate_jitter",530,20,18
colab47_crop_subsample_subsample_n20,diffsbdd,mean_qed,2.048,0.731,2.797,0.05967,0.02913,17,34,crop_radius_minus_1.5,"atom_shuffle,coordinate_jitter",531,20,17
colab47_crop_subsample_subsample_n20,diffsbdd,mean_qed,2.114,1.111,2.8,0.06764,0.032,18,36,crop_radius_minus_1.5,"atom_shuffle,coordinate_jitter",532,20,18
colab47_crop_subsample_subsample_n20,diffsbdd,mean_qed,2.645,2.131,3.682,0.07287,0.02755,18,36,crop_radius_minus_1.5,"atom_shuffle,coordinate_jitter",533,20,18
colab47_crop_subsample_subsample_n20,diffsbdd,mean_qed,1.512,0.806,2.42,0.05714,0.03779,14,28,crop_radius_minus_1.5,"atom_shuffle,coordinate_jitter",534,20,14
colab47_crop_subsample_subsample_n20,diffsbdd,mean_qed,1.931,0.672,2.877,0.05786,0.02996,17,34,crop_radius_minus_1.5,"atom_shuffle,coordinate_jitter",535,20,17
colab47_crop_subsample_subsample_n20,diffsbdd,mean_qed,2.14,1.257,3.508,0.06552,0.03061,17,34,crop_radius_minus_1.5,"atom_shuffle,coordinate_jitter",536,20,17
colab47_crop_subsample_subsample_n20,diffsbdd,mean_qed,2.605,1.684,3.945,0.07286,0.02797,15,30,crop_radius_minus_1.5,"atom_shuffle,coordinate_jitter",537,20,15
colab47_crop_subsample_subsample_n20,diffsbdd,mean_qed,2.003,0.975,2.517,0.06668,0.03329,18,36,crop_radius_minus_1.5,"atom_shuffle,coordinate_jitter",538,20,18
colab47_crop_subsample_subsample_n20,diffsbdd,mean_qed,2.052,1.387,2.849,0.05877,0.02863,16,32,crop_radius_minus_1.5,"atom_shuffle,coordinate_jitter",539,20,16
colab47_crop_subsample_subsample_n20,diffsbdd,mean_qed,2.261,1.725,2.71,0.07287,0.03224,18,36,crop_radius_minus_1.5,"atom_shuffle,coordinate_jitter",540,20,18
colab47_crop_subsample_subsample_n20,diffsbdd,mean_qed,1.963,0.656,2.716,0.0562,0.02863,17,34,crop_radius_minus_1.5,"atom_shuffle,coordinate_jitter",541,20,17
colab47_crop_subsample_subsample_n20,diffsbdd,mean_qed,2.391,1.533,4.039,0.0658,0.02752,16,32,crop_radius_minus_1.5,"atom_shuffle,coordinate_jitter",542,20,16
colab47_crop_subsample_subsample_n20,diffsbdd,mean_qed,1.901,0.676,2.881,0.05641,0.02967,17,34,crop_radius_minus_1.5,"atom_shuffle,coordinate_jitter",543,20,17
colab47_crop_subsample_subsample_n20,diffsbdd,mean_qed,2.413,0.475,3.637,0.0562,0.02329,17,34,crop_radius_minus_1.5,"atom_shuffle,coordinate_jitter",544,20,17
colab47_crop_subsample_subsample_n20,diffsbdd,mean_qed,1.27,0.653,2.511,0.043,0.03387,17,34,crop_radius_minus_1.5,"atom_shuffle,coordinate_jitter",545,20,17
colab47_crop_subsample_subsample_n20,diffsbdd,mean_qed,1.43,0.929,2.122,0.04825,0.03374,17,34,crop_radius_minus_1.5,"atom_shuffle,coordinate_jitter",546,20,17
colab47_crop_subsample_subsample_n20,diffsbdd,mean_qed,1.511,1.042,2.428,0.04422,0.02926,20,40,crop_radius_minus_1.5,"atom_shuffle,coordinate_jitter",547,20,20
colab47_crop_subsample_subsample_n20,diffsbdd,mean_qed,2.219,1.153,3.608,0.06438,0.02901,17,34,crop_radius_minus_1.5,"atom_shuffle,coordinate_jitter",548,20,17
colab47_crop_subsample_subsample_n20,diffsbdd,mean_qed,2.242,1.265,2.825,0.07036,0.03138,18,36,crop_radius_minus_1.5,"atom_shuffle,coordinate_jitter",549,20,18
colab47_crop_subsample_subsample_n20,diffsbdd,mean_qed,2.567,0.877,3.588,0.05285,0.02059,18,36,crop_radius_minus_1.5,"atom_shuffle,coordinate_jitter",550,20,18
colab47_crop_subsample_subsample_n20,diffsbdd,mean_qed,1.818,0.924,2.677,0.05967,0.03282,17,34,crop_radius_minus_1.5,"atom_shuffle,coordinate_jitter",551,20,17
colab47_crop_subsample_subsample_n20,diffsbdd,mean_qed,1.994,1.107,3.058,0.06112,0.03066,20,40,crop_radius_minus_1.5,"atom_shuffle,coordinate_jitter",552,20,20
colab47_crop_subsample_subsample_n20,diffsbdd,mean_qed,2.081,1.392,2.718,0.06203,0.0298,16,32,crop_radius_minus_1.5,"atom_shuffle,coordinate_jitter",553,20,16
colab47_crop_subsample_subsample_n20,diffsbdd,mean_qed,2.122,0.42,3.264,0.06112,0.0288,16,32,crop_radius_minus_1.5,"atom_shuffle,coordinate_jitter",554,20,16
colab47_crop_subsample_subsample_n20,diffsbdd,mean_qed,1.189,0.327,2.241,0.03639,0.03062,18,36,crop_radius_minus_1.5,"atom_shuffle,coordinate_jitter",555,20,18
colab47_crop_subsample_subsample_n20,diffsbdd,mean_qed,1.81,0.928,3.125,0.06203,0.03427,16,32,crop_radius_minus_1.5,"atom_shuffle,coordinate_jitter",556,20,16
colab47_crop_subsample_subsample_n20,diffsbdd,mean_qed,1.365,0.684,2.687,0.04057,0.02972,16,32,crop_radius_minus_1.5,"atom_shuffle,coordinate_jitter",557,20,16
colab47_crop_subsample_subsample_n20,diffsbdd,mean_qed,1.751,0.936,2.289,0.05714,0.03263,16,32,crop_radius_minus_1.5,"atom_shuffle,coordinate_jitter",558,20,16
colab47_crop_subsample_subsample_n20,diffsbdd,mean_qed,2.248,1.533,3.138,0.06668,0.02967,18,36,crop_radius_minus_1.5,"atom_shuffle,coordinate_jitter",559,20,18
colab47_crop_subsample_subsample_n20,diffsbdd,mean_qed,1.424,0.939,2.374,0.04102,0.02881,16,32,crop_radius_minus_1.5,"atom_shuffle,coordinate_jitter",560,20,16
colab47_crop_subsample_subsample_n20,diffsbdd,mean_qed,2.141,1.53,3.153,0.07036,0.03286,16,32,crop_radius_minus_1.5,"atom_shuffle,coordinate_jitter",561,20,16
colab47_crop_subsample_subsample_n20,diffsbdd,mean_qed,2.225,1.352,2.666,0.06821,0.03066,16,32,crop_radius_minus_1.5,"atom_shuffle,coordinate_jitter",562,20,16
colab47_crop_subsample_subsample_n20,diffsbdd,mean_qed,1.853,0.749,3.276,0.05306,0.02863,14,28,crop_radius_minus_1.5,"atom_shuffle,coordinate_jitter",563,20,14
colab47_crop_subsample_subsample_n20,diffsbdd,mean_qed,1.843,1.048,2.97,0.05368,0.02913,14,28,crop_radius_minus_1.5,"atom_shuffle,coordinate_jitter",564,20,14
colab47_crop_subsample_subsample_n20,diffsbdd,mean_qed,1.697,0.601,2.338,0.05967,0.03516,15,30,crop_radius_minus_1.5,"atom_shuffle,coordinate_jitter",565,20,15
colab47_crop_subsample_subsample_n20,diffsbdd,mean_qed,1.92,1.257,2.669,0.05967,0.03108,15,30,crop_radius_minus_1.5,"atom_shuffle,coordinate_jitter",566,20,15
colab47_crop_subsample_subsample_n20,diffsbdd,mean_qed,1.936,1.266,3.235,0.05641,0.02914,17,34,crop_radius_minus_1.5,"atom_shuffle,coordinate_jitter",567,20,17
colab47_crop_subsample_subsample_n20,diffsbdd,mean_qed,2.116,1.203,2.608,0.06821,0.03224,16,32,crop_radius_minus_1.5,"atom_shuffle,coordinate_jitter",568,20,16
colab47_crop_subsample_subsample_n20,diffsbdd,mean_qed,2.278,1.373,3.467,0.06784,0.02978,17,34,crop_radius_minus_1.5,"atom_shuffle,coordinate_jitter",569,20,17
colab47_crop_subsample_subsample_n20,diffsbdd,mean_qed,1.509,0.622,2.26,0.05093,0.03374,14,28,crop_radius_minus_1.5,"atom_shuffle,coordinate_jitter",570,20,14
colab47_crop_subsample_subsample_n20,diffsbdd,mean_qed,1.942,1.107,2.631,0.05786,0.02979,17,34,crop_radius_minus_1.5,"atom_shuffle,coordinate_jitter",571,20,17
colab47_crop_subsample_subsample_n20,diffsbdd,mean_qed,1.86,1.224,2.811,0.05703,0.03066,18,36,crop_radius_minus_1.5,"atom_shuffle,coordinate_jitter",572,20,18
colab47_crop_subsample_subsample_n20,diffsbdd,mean_qed,1.699,0.679,3.006,0.04539,0.02672,20,40,crop_radius_minus_1.5,"atom_shuffle,coordinate_jitter",573,20,20
colab47_crop_subsample_subsample_n20,diffsbdd,mean_qed,3.217,2.024,3.909,0.0724,0.0225,16,32,crop_radius_minus_1.5,"atom_shuffle,coordinate_jitter",574,20,16
colab47_crop_subsample_subsample_n20,diffsbdd,mean_qed,1.62,1.032,2.606,0.05786,0.03572,19,38,crop_radius_minus_1.5,"atom_shuffle,coordinate_jitter",575,20,19
colab47_crop_subsample_subsample_n20,diffsbdd,mean_qed,1.795,1.038,2.547,0.05786,0.03224,15,30,crop_radius_minus_1.5,"atom_shuffle,coordinate_jitter",576,20,15
colab47_crop_subsample_subsample_n20,diffsbdd,mean_qed,1.312,0.742,2.565,0.03639,0.02774,16,32,crop_radius_minus_1.5,"atom_shuffle,coordinate_jitter",577,20,16
colab47_crop_subsample_subsample_n20,diffsbdd,mean_qed,1.565,0.979,2.726,0.04581,0.02926,14,28,crop_radius_minus_1.5,"atom_shuffle,coordinate_jitter",578,20,14
colab47_crop_subsample_subsample_n20,diffsbdd,mean_qed,2.222,0.755,3.187,0.06438,0.02898,18,36,crop_radius_minus_1.5,"atom_shuffle,coordinate_jitter",579,20,18
colab47_crop_subsample_subsample_n20,diffsbdd,mean_qed,2.631,1.93,3.99,0.07241,0.02752,16,32,crop_radius_minus_1.5,"atom_shuffle,coordinate_jitter",580,20,16
colab47_crop_subsample_subsample_n20,diffsbdd,mean_qed,2.026,1.282,3.312,0.0562,0.02774,17,34,crop_radius_minus_1.5,"atom_shuffle,coordinate_jitter",581,20,17
colab47_crop_subsample_subsample_n20,diffsbdd,mean_qed,1.843,1.134,2.884,0.0562,0.03049,17,34,crop_radius_minus_1.5,"atom_shuffle,coordinate_jitter",582,20,17
colab47_crop_subsample_subsample_n20,diffsbdd,mean_qed,2.089,1.525,3.716,0.05967,0.02857,17,34,crop_radius_minus_1.5,"atom_shuffle,coordinate_jitter",583,20,17
colab47_crop_subsample_subsample_n20,diffsbdd,mean_qed,2.082,1.287,2.661,0.06203,0.02978,16,32,crop_radius_minus_1.5,"atom_shuffle,coordinate_jitter",584,20,16
colab47_crop_subsample_subsample_n20,diffsbdd,mean_qed,1.708,1.036,2.712,0.0495,0.02898,19,38,crop_radius_minus_1.5,"atom_shuffle,coordinate_jitter",585,20,19
colab47_crop_subsample_subsample_n20,diffsbdd,mean_qed,2.059,1.394,3.349,0.05967,0.02898,17,34,crop_radius_minus_1.5,"atom_shuffle,coordinate_jitter",586,20,17
colab47_crop_subsample_subsample_n20,diffsbdd,mean_qed,2.042,1.213,3.972,0.0562,0.02752,17,34,crop_radius_minus_1.5,"atom_shuffle,coordinate_jitter",587,20,17
colab47_crop_subsample_subsample_n20,diffsbdd,mean_qed,1.385,0.356,2.361,0.043,0.03104,17,34,crop_radius_minus_1.5,"atom_shuffle,coordinate_jitter",588,20,17
colab47_crop_subsample_subsample_n20,diffsbdd,mean_qed,1.887,0.401,2.785,0.043,0.02279,15,30,crop_radius_minus_1.5,"atom_shuffle,coordinate_jitter",589,20,15
colab47_crop_subsample_subsample_n20,diffsbdd,mean_qed,1.687,1.063,2.93,0.04825,0.0286,19,38,crop_radius_minus_1.5,"atom_shuffle,coordinate_jitter",590,20,19
colab47_crop_subsample_subsample_n20,diffsbdd,mean_qed,2.352,1.315,4.768,0.06145,0.02613,14,28,crop_radius_minus_1.5,"atom_shuffle,coordinate_jitter",591,20,14
colab47_crop_subsample_subsample_n20,diffsbdd,mean_qed,0.898,0.234,1.788,0.03903,0.04347,15,30,crop_radius_minus_1.5,"atom_shuffle,coordinate_jitter",592,20,15
colab47_crop_subsample_subsample_n20,diffsbdd,mean_qed,1.995,0.909,2.843,0.05714,0.02863,18,36,crop_radius_minus_1.5,"atom_shuffle,coordinate_jitter",593,20,18
colab47_crop_subsample_subsample_n20,diffsbdd,mean_qed,2.25,1.228,2.997,0.06668,0.02964,14,28,crop_radius_minus_1.5,"atom_shuffle,coordinate_jitter",594,20,14
colab47_crop_subsample_subsample_n20,diffsbdd,mean_qed,1.727,1.287,3.011,0.0495,0.02866,19,38,crop_radius_minus_1.5,"atom_shuffle,coordinate_jitter",595,20,19
colab47_crop_subsample_subsample_n20,diffsbdd,mean_qed,2.399,1.212,3.094,0.07286,0.03038,17,34,crop_radius_minus_1.5,"atom_shuffle,coordinate_jitter",596,20,17
colab47_crop_subsample_subsample_n20,diffsbdd,mean_qed,1.83,0.553,2.904,0.05459,0.02983,16,32,crop_radius_minus_1.5,"atom_shuffle,coordinate_jitter",597,20,16
colab47_crop_subsample_subsample_n20,diffsbdd,mean_qed,2.228,1.071,3.196,0.06611,0.02967,18,36,crop_radius_minus_1.5,"atom_shuffle,coordinate_jitter",598,20,18
colab47_crop_subsample_subsample_n20,diffsbdd,mean_qed,1.905,0.762,2.894,0.05786,0.03038,17,34,crop_radius_minus_1.5,"atom_shuffle,coordinate_jitter",599,20,17
colab47_crop_subsample_subsample_n20,diffsbdd,mean_qed,3.075,1.616,4.487,0.0692,0.0225,14,28,crop_radius_minus_1.5,"atom_shuffle,coordinate_jitter",600,20,14
colab47_crop_subsample_subsample_n20,diffsbdd,mean_qed,1.712,1.076,2.703,0.05396,0.03152,18,36,crop_radius_minus_1.5,"atom_shuffle,coordinate_jitter",601,20,18
colab47_crop_subsample_subsample_n20,diffsbdd,mean_qed,1.355,0.685,2.576,0.04214,0.0311,16,32,crop_radius_minus_1.5,"atom_shuffle,coordinate_jitter",602,20,16
colab47_crop_subsample_subsample_n20,diffsbdd,mean_qed,1.473,1.012,2.292,0.04685,0.0318,18,36,crop_radius_minus_1.5,"atom_shuffle,coordinate_jitter",603,20,18
colab47_crop_subsample_subsample_n20,diffsbdd,mean_qed,1.961,0.369,2.304,0.05714,0.02913,16,32,crop_radius_minus_1.5,"atom_shuffle,coordinate_jitter",604,20,16
colab47_crop_subsample_subsample_n20,diffsbdd,mean_qed,1.413,0.681,2.713,0.04101,0.02901,18,36,crop_radius_minus_1.5,"atom_shuffle,coordinate_jitter",605,20,18
colab47_crop_subsample_subsample_n20,diffsbdd,mean_qed,2.384,1.773,3.403,0.07241,0.03038,18,36,crop_radius_minus_1.5,"atom_shuffle,coordinate_jitter",606,20,18
colab47_crop_subsample_subsample_n20,diffsbdd,mean_qed,2.011,1.059,2.942,0.06784,0.03374,15,30,crop_radius_minus_1.5,"atom_shuffle,coordinate_jitter",607,20,15
colab47_crop_subsample_subsample_n20,diffsbdd,mean_qed,2.222,1.243,3.88,0.06438,0.02898,15,30,crop_radius_minus_1.5,"atom_shuffle,coordinate_jitter",608,20,15
colab47_crop_subsample_subsample_n20,diffsbdd,mean_qed,1.676,0.658,2.579,0.04885,0.02914,18,36,crop_radius_minus_1.5,"atom_shuffle,coordinate_jitter",609,20,18
colab47_crop_subsample_subsample_n20,diffsbdd,mean_qed,2.483,1.549,3.397,0.06438,0.02593,15,30,crop_radius_minus_1.5,"atom_shuffle,coordinate_jitter",610,20,15
colab47_crop_subsample_subsample_n20,diffsbdd,mean_qed,1.795,1.155,3.244,0.05786,0.03224,15,30,crop_radius_minus_1.5,"atom_shuffle,coordinate_jitter",611,20,15
colab47_crop_subsample_subsample_n20,diffsbdd,mean_qed,1.451,0.697,2.22,0.04211,0.02901,17,34,crop_radius_minus_1.5,"atom_shuffle,coordinate_jitter",612,20,17
colab47_crop_subsample_subsample_n20,diffsbdd,mean_qed,2.074,1.327,2.579,0.06495,0.03132,16,32,crop_radius_minus_1.5,"atom_shuffle,coordinate_jitter",613,20,16
colab47_crop_subsample_subsample_n20,diffsbdd,mean_qed,2.337,1.827,3.963,0.06552,0.02803,17,34,crop_radius_minus_1.5,"atom_shuffle,coordinate_jitter",614,20,17
colab47_crop_subsample_subsample_n20,diffsbdd,mean_qed,3.05,1.515,4.305,0.07313,0.02398,16,32,crop_radius_minus_1.5,"atom_shuffle,coordinate_jitter",615,20,16
colab47_crop_subsample_subsample_n20,diffsbdd,mean_qed,2.195,1.333,3.442,0.06285,0.02863,14,28,crop_radius_minus_1.5,"atom_shuffle,coordinate_jitter",616,20,14
colab47_crop_subsample_subsample_n20,diffsbdd,mean_qed,2.042,0.938,3.12,0.05877,0.02878,18,36,crop_radius_minus_1.5,"atom_shuffle,coordinate_jitter",617,20,18
colab47_crop_subsample_subsample_n20,diffsbdd,mean_qed,1.95,1.162,3.375,0.05786,0.02968,17,34,crop_radius_minus_1.5,"atom_shuffle,coordinate_jitter",618,20,17
colab47_crop_subsample_subsample_n20,diffsbdd,mean_qed,2.14,1.137,3.107,0.06552,0.03062,15,30,crop_radius_minus_1.5,"atom_shuffle,coordinate_jitter",619,20,15
colab47_crop_subsample_subsample_n20,diffsbdd,mean_qed,1.714,0.856,2.492,0.05256,0.03066,18,36,crop_radius_minus_1.5,"atom_shuffle,coordinate_jitter",620,20,18
colab47_crop_subsample_subsample_n20,diffsbdd,mean_qed,2.524,1.588,3.974,0.06784,0.02688,15,30,crop_radius_minus_1.5,"atom_shuffle,coordinate_jitter",621,20,15
colab47_crop_subsample_subsample_n20,diffsbdd,mean_qed,1.923,0.742,2.824,0.05967,0.03104,19,38,crop_radius_minus_1.5,"atom_shuffle,coordinate_jitter",622,20,19
colab47_crop_subsample_subsample_n20,diffsbdd,mean_qed,2.528,1.704,3.755,0.0724,0.02863,14,28,crop_radius_minus_1.5,"atom_shuffle,coordinate_jitter",623,20,14
colab47_crop_subsample_subsample_n20,diffsbdd,mean_qed,2.145,1.313,3.637,0.07287,0.03397,14,28,crop_radius_minus_1.5,"atom_shuffle,coordinate_jitter",624,20,14
colab47_crop_subsample_subsample_n20,diffsbdd,mean_qed,1.989,1.098,3.221,0.05794,0.02913,16,32,crop_radius_minus_1.5,"atom_shuffle,coordinate_jitter",625,20,16
colab47_crop_subsample_subsample_n20,diffsbdd,mean_qed,2.352,1.632,3.092,0.06668,0.02835,16,32,crop_radius_minus_1.5,"atom_shuffle,coordinate_jitter",626,20,16
colab47_crop_subsample_subsample_n20,diffsbdd,mean_qed,2.04,0.917,2.75,0.05967,0.02926,15,30,crop_radius_minus_1.5,"atom_shuffle,coordinate_jitter",627,20,15
colab47_crop_subsample_subsample_n20,diffsbdd,mean_qed,3.195,1.824,4.132,0.07188,0.0225,16,32,crop_radius_minus_1.5,"atom_shuffle,coordinate_jitter",628,20,16
colab47_crop_subsample_subsample_n20,diffsbdd,mean_qed,2.376,1.275,3.729,0.07035,0.02961,16,32,crop_radius_minus_1.5,"atom_shuffle,coordinate_jitter",629,20,16
colab47_crop_subsample_subsample_n20,diffsbdd,mean_qed,1.651,0.397,3.736,0.04581,0.02774,18,36,crop_radius_minus_1.5,"atom_shuffle,coordinate_jitter",630,20,18
colab47_crop_subsample_subsample_n20,diffsbdd,mean_qed,2.192,1.266,3.16,0.06438,0.02937,17,34,crop_radius_minus_1.5,"atom_shuffle,coordinate_jitter",631,20,17
colab47_crop_subsample_subsample_n20,diffsbdd,mean_qed,1.827,0.817,3.566,0.04544,0.02487,17,34,crop_radius_minus_1.5,"atom_shuffle,coordinate_jitter",632,20,17
colab47_crop_subsample_subsample_n20,diffsbdd,mean_qed,2.145,1.284,2.555,0.07142,0.03329,14,28,crop_radius_minus_1.5,"atom_shuffle,coordinate_jitter",633,20,14
colab47_crop_subsample_subsample_n20,diffsbdd,mean_qed,1.342,0.652,2.425,0.04825,0.03596,15,30,crop_radius_minus_1.5,"atom_shuffle,coordinate_jitter",634,20,15
colab47_crop_subsample_subsample_n20,diffsbdd,mean_qed,2.379,1.619,3.616,0.06784,0.02851,13,26,crop_radius_minus_1.5,"atom_shuffle,coordinate_jitter",635,20,13
colab47_crop_subsample_subsample_n20,diffsbdd,mean_qed,3.01,1.772,5.387,0.05967,0.01983,15,30,crop_radius_minus_1.5,"atom_shuffle,coordinate_jitter",636,20,15
colab47_crop_subsample_subsample_n20,diffsbdd,mean_qed,1.743,0.789,2.641,0.0562,0.03224,15,30,crop_radius_minus_1.5,"atom_shuffle,coordinate_jitter",637,20,15
colab47_crop_subsample_subsample_n20,diffsbdd,mean_qed,2.381,1.853,3.462,0.0709,0.02978,17,34,crop_radius_minus_1.5,"atom_shuffle,coordinate_jitter",638,20,17
colab47_crop_subsample_subsample_n20,diffsbdd,mean_qed,1.641,0.798,2.524,0.05632,0.03433,18,36,crop_radius_minus_1.5,"atom_shuffle,coordinate_jitter",639,20,18
colab47_crop_subsample_subsample_n20,diffsbdd,mean_qed,1.57,1.002,2.683,0.04685,0.02985,18,36,crop_radius_minus_1.5,"atom_shuffle,coordinate_jitter",640,20,18
colab47_crop_subsample_subsample_n20,diffsbdd,mean_qed,2.21,1.134,2.961,0.06438,0.02913,17,34,crop_radius_minus_1.5,"atom_shuffle,coordinate_jitter",641,20,17
colab47_crop_subsample_subsample_n20,diffsbdd,mean_qed,3.297,1.557,5.449,0.07336,0.02225,14,28,crop_radius_minus_1.5,"atom_shuffle,coordinate_jitter",642,20,14
colab47_crop_subsample_subsample_n20,diffsbdd,mean_qed,1.773,1.15,2.333,0.05714,0.03224,18,36,crop_radius_minus_1.5,"atom_shuffle,coordinate_jitter",643,20,18
colab47_crop_subsample_subsample_n20,diffsbdd,mean_qed,2.328,1.236,3.012,0.06937,0.0298,16,32,crop_radius_minus_1.5,"atom_shuffle,coordinate_jitter",644,20,16
colab47_crop_subsample_subsample_n20,diffsbdd,mean_qed,2.422,1.128,2.992,0.07286,0.03009,17,34,crop_radius_minus_1.5,"atom_shuffle,coordinate_jitter",645,20,17
colab47_crop_subsample_subsample_n20,diffsbdd,mean_qed,2.252,1.368,3.433,0.0626,0.0278,18,36,crop_radius_minus_1.5,"atom_shuffle,coordinate_jitter",646,20,18
colab47_crop_subsample_subsample_n20,diffsbdd,mean_qed,2.22,1.332,2.773,0.06495,0.02926,18,36,crop_radius_minus_1.5,"atom_shuffle,coordinate_jitter",647,20,18
colab47_crop_subsample_subsample_n20,diffsbdd,mean_qed,1.806,1.223,2.972,0.05296,0.02932,16,32,crop_radius_minus_1.5,"atom_shuffle,coordinate_jitter",648,20,16
colab47_crop_subsample_subsample_n20,diffsbdd,mean_qed,2.54,1.76,3.839,0.06989,0.02752,18,36,crop_radius_minus_1.5,"atom_shuffle,coordinate_jitter",649,20,18
colab47_crop_subsample_subsample_n20,diffsbdd,mean_qed,1.844,0.857,2.939,0.05285,0.02866,14,28,crop_radius_minus_1.5,"atom_shuffle,coordinate_jitter",650,20,14
colab47_crop_subsample_subsample_n20,diffsbdd,mean_qed,1.261,0.804,2.191,0.0417,0.03306,18,36,crop_radius_minus_1.5,"atom_shuffle,coordinate_jitter",651,20,18
colab47_crop_subsample_subsample_n20,diffsbdd,mean_qed,1.531,1.005,2.53,0.04825,0.03152,17,34,crop_radius_minus_1.5,"atom_shuffle,coordinate_jitter",652,20,17
colab47_crop_subsample_subsample_n20,diffsbdd,mean_qed,2.831,1.854,3.738,0.0709,0.02505,15,30,crop_radius_minus_1.5,"atom_shuffle,coordinate_jitter",653,20,15
colab47_crop_subsample_subsample_n20,diffsbdd,mean_qed,1.967,1.216,2.945,0.0562,0.02857,17,34,crop_radius_minus_1.5,"atom_shuffle,coordinate_jitter",654,20,17
colab47_crop_subsample_subsample_n20,diffsbdd,mean_qed,1.869,1.154,3.354,0.0562,0.03007,17,34,crop_radius_minus_1.5,"atom_shuffle,coordinate_jitter",655,20,17
colab47_crop_subsample_subsample_n20,diffsbdd,mean_qed,1.95,1.195,2.945,0.05786,0.02967,19,38,crop_radius_minus_1.5,"atom_shuffle,coordinate_jitter",656,20,19
colab47_crop_subsample_subsample_n20,diffsbdd,mean_qed,1.896,1.229,2.983,0.0562,0.02964,15,30,crop_radius_minus_1.5,"atom_shuffle,coordinate_jitter",657,20,15
colab47_crop_subsample_subsample_n20,diffsbdd,mean_qed,1.942,1.322,2.519,0.06552,0.03374,17,34,crop_radius_minus_1.5,"atom_shuffle,coordinate_jitter",658,20,17
colab47_crop_subsample_subsample_n20,diffsbdd,mean_qed,2.779,1.803,3.881,0.06112,0.022,18,36,crop_radius_minus_1.5,"atom_shuffle,coordinate_jitter",659,20,18
colab47_crop_subsample_subsample_n20,diffsbdd,mean_qed,1.936,0.798,2.748,0.05641,0.02913,17,34,crop_radius_minus_1.5,"atom_shuffle,coordinate_jitter",660,20,17
colab47_crop_subsample_subsample_n20,diffsbdd,mean_qed,1.961,1.018,2.42,0.06438,0.03282,15,30,crop_radius_minus_1.5,"atom_shuffle,coordinate_jitter",661,20,15
colab47_crop_subsample_subsample_n20,diffsbdd,mean_qed,2.519,1.43,3.352,0.0709,0.02815,19,38,crop_radius_minus_1.5,"atom_shuffle,coordinate_jitter",662,20,19
colab47_crop_subsample_subsample_n20,diffsbdd,mean_qed,1.737,0.834,3.042,0.04563,0.02626,16,32,crop_radius_minus_1.5,"atom_shuffle,coordinate_jitter",663,20,16
colab47_crop_subsample_subsample_n20,diffsbdd,mean_qed,1.862,1.166,3.328,0.05285,0.02839,18,36,crop_radius_minus_1.5,"atom_shuffle,coordinate_jitter",664,20,18
colab47_crop_subsample_subsample_n20,diffsbdd,mean_qed,1.962,0.751,3.527,0.04214,0.02148,12,24,crop_radius_minus_1.5,"atom_shuffle,coordinate_jitter",665,20,12
colab47_crop_subsample_subsample_n20,diffsbdd,mean_qed,2.815,1.458,3.918,0.0658,0.02338,16,32,crop_radius_minus_1.5,"atom_shuffle,coordinate_jitter",666,20,16
colab47_crop_subsample_subsample_n20,diffsbdd,mean_qed,1.935,0.797,3.044,0.05285,0.02731,18,36,crop_radius_minus_1.5,"atom_shuffle,coordinate_jitter",667,20,18
colab47_crop_subsample_subsample_n20,diffsbdd,mean_qed,1.892,1.015,2.467,0.0626,0.03309,16,32,crop_radius_minus_1.5,"atom_shuffle,coordinate_jitter",668,20,16
colab47_crop_subsample_subsample_n20,diffsbdd,mean_qed,1.685,0.869,3.071,0.04888,0.02901,14,28,crop_radius_minus_1.5,"atom_shuffle,coordinate_jitter",669,20,14
colab47_crop_subsample_subsample_n20,diffsbdd,mean_qed,1.955,0.986,3.821,0.05631,0.0288,18,36,crop_radius_minus_1.5,"atom_shuffle,coordinate_jitter",670,20,18
colab47_crop_subsample_subsample_n20,diffsbdd,mean_qed,1.455,1.057,2.352,0.04544,0.03123,17,34,crop_radius_minus_1.5,"atom_shuffle,coordinate_jitter",671,20,17
colab47_crop_subsample_subsample_n20,diffsbdd,mean_qed,2.149,1.326,3.308,0.06438,0.02996,17,34,crop_radius_minus_1.5,"atom_shuffle,coordinate_jitter",672,20,17
colab47_crop_subsample_subsample_n20,diffsbdd,mean_qed,2.16,1.554,3.366,0.06552,0.03033,17,34,crop_radius_minus_1.5,"atom_shuffle,coordinate_jitter",673,20,17
colab47_crop_subsample_subsample_n20,diffsbdd,mean_qed,1.63,0.442,2.601,0.0495,0.03038,15,30,crop_radius_minus_1.5,"atom_shuffle,coordinate_jitter",674,20,15
colab47_crop_subsample_subsample_n20,diffsbdd,mean_qed,2.169,1.498,4.117,0.05967,0.02752,15,30,crop_radius_minus_1.5,"atom_shuffle,coordinate_jitter",675,20,15
colab47_crop_subsample_subsample_n20,diffsbdd,mean_qed,1.714,0.96,2.886,0.05368,0.03132,14,28,crop_radius_minus_1.5,"atom_shuffle,coordinate_jitter",676,20,14
colab47_crop_subsample_subsample_n20,diffsbdd,mean_qed,2.622,2.011,4.554,0.07288,0.0278,15,30,crop_radius_minus_1.5,"atom_shuffle,coordinate_jitter",677,20,15
colab47_crop_subsample_subsample_n20,diffsbdd,mean_qed,1.949,0.658,2.574,0.05967,0.03062,17,34,crop_radius_minus_1.5,"atom_shuffle,coordinate_jitter",678,20,17
colab47_crop_subsample_subsample_n20,diffsbdd,mean_qed,1.652,0.334,3.482,0.04544,0.02752,15,30,crop_radius_minus_1.5,"atom_shuffle,coordinate_jitter",679,20,15
colab47_crop_subsample_subsample_n20,diffsbdd,mean_qed,1.893,1.178,2.462,0.05877,0.03104,16,32,crop_radius_minus_1.5,"atom_shuffle,coordinate_jitter",680,20,16
colab47_crop_subsample_subsample_n20,diffsbdd,mean_qed,1.53,0.856,2.375,0.04477,0.02926,16,32,crop_radius_minus_1.5,"atom_shuffle,coordinate_jitter",681,20,16
colab47_crop_subsample_subsample_n20,diffsbdd,mean_qed,1.087,0.601,2.512,0.04057,0.03732,14,28,crop_radius_minus_1.5,"atom_shuffle,coordinate_jitter",682,20,14
colab47_crop_subsample_subsample_n20,diffsbdd,mean_qed,1.935,1.011,2.988,0.05082,0.02626,16,32,crop_radius_minus_1.5,"atom_shuffle,coordinate_jitter",683,20,16
colab47_crop_subsample_subsample_n20,diffsbdd,mean_qed,1.759,1.139,3.5,0.0495,0.02815,15,30,crop_radius_minus_1.5,"atom_shuffle,coordinate_jitter",684,20,15
colab47_crop_subsample_subsample_n20,diffsbdd,mean_qed,1.884,1.035,2.509,0.0562,0.02983,17,34,crop_radius_minus_1.5,"atom_shuffle,coordinate_jitter",685,20,17
colab47_crop_subsample_subsample_n20,diffsbdd,mean_qed,1.866,0.664,2.798,0.05714,0.03062,16,32,crop_radius_minus_1.5,"atom_shuffle,coordinate_jitter",686,20,16
colab47_crop_subsample_subsample_n20,diffsbdd,mean_qed,1.857,0.701,2.706,0.05641,0.03037,17,34,crop_radius_minus_1.5,"atom_shuffle,coordinate_jitter",687,20,17
colab47_crop_subsample_subsample_n20,diffsbdd,mean_qed,2.596,0.905,3.793,0.0709,0.02731,19,38,crop_radius_minus_1.5,"atom_shuffle,coordinate_jitter",688,20,19
colab47_crop_subsample_subsample_n20,diffsbdd,mean_qed,1.426,0.951,2.387,0.04563,0.032,18,36,crop_radius_minus_1.5,"atom_shuffle,coordinate_jitter",689,20,18
colab47_crop_subsample_subsample_n20,diffsbdd,mean_qed,1.423,0.321,2.045,0.04128,0.02901,17,34,crop_radius_minus_1.5,"atom_shuffle,coordinate_jitter",690,20,17
colab47_crop_subsample_subsample_n20,diffsbdd,mean_qed,2.727,1.483,3.42,0.07286,0.02672,15,30,crop_radius_minus_1.5,"atom_shuffle,coordinate_jitter",691,20,15
colab47_crop_subsample_subsample_n20,diffsbdd,mean_qed,2.019,0.777,3.485,0.05786,0.02866,15,30,crop_radius_minus_1.5,"atom_shuffle,coordinate_jitter",692,20,15
colab47_crop_subsample_subsample_n20,diffsbdd,mean_qed,1.827,1.069,2.753,0.05296,0.02898,16,32,crop_radius_minus_1.5,"atom_shuffle,coordinate_jitter",693,20,16
colab47_crop_subsample_subsample_n20,diffsbdd,mean_qed,1.857,0.963,2.945,0.05641,0.03037,19,38,crop_radius_minus_1.5,"atom_shuffle,coordinate_jitter",694,20,19
colab47_crop_subsample_subsample_n20,diffsbdd,mean_qed,2.222,1.279,2.933,0.06438,0.02898,18,36,crop_radius_minus_1.5,"atom_shuffle,coordinate_jitter",695,20,18
colab47_crop_subsample_subsample_n20,diffsbdd,mean_qed,2.078,0.399,3.313,0.05967,0.02872,17,34,crop_radius_minus_1.5,"atom_shuffle,coordinate_jitter",696,20,17
colab47_crop_subsample_subsample_n20,diffsbdd,mean_qed,2.17,1.578,2.74,0.06438,0.02967,17,34,crop_radius_minus_1.5,"atom_shuffle,coordinate_jitter",697,20,17
colab47_crop_subsample_subsample_n20,diffsbdd,mean_qed,2.969,1.654,4.106,0.06764,0.02279,16,32,crop_radius_minus_1.5,"atom_shuffle,coordinate_jitter",698,20,16
colab47_crop_subsample_subsample_n20,diffsbdd,mean_qed,1.89,1.145,3.381,0.05786,0.03061,17,34,crop_radius_minus_1.5,"atom_shuffle,coordinate_jitter",699,20,17
colab47_crop_subsample_subsample_n20,diffsbdd,mean_qed,1.905,1.328,2.826,0.05786,0.03037,19,38,crop_radius_minus_1.5,"atom_shuffle,coordinate_jitter",700,20,19
colab47_crop_subsample_subsample_n20,diffsbdd,mean_qed,2.614,0.659,3.731,0.07193,0.02752,19,38,crop_radius_minus_1.5,"atom_shuffle,coordinate_jitter",701,20,19
colab47_crop_subsample_subsample_n20,diffsbdd,mean_qed,2.632,1.286,4.539,0.07189,0.02731,14,28,crop_radius_minus_1.5,"atom_shuffle,coordinate_jitter",702,20,14
colab47_crop_subsample_subsample_n20,diffsbdd,mean_qed,1.753,0.99,2.36,0.05223,0.02979,16,32,crop_radius_minus_1.5,"atom_shuffle,coordinate_jitter",703,20,16
colab47_crop_subsample_subsample_n20,diffsbdd,mean_qed,2.132,1.616,3.018,0.06203,0.0291,14,28,crop_radius_minus_1.5,"atom_shuffle,coordinate_jitter",704,20,14
colab47_crop_subsample_subsample_n20,diffsbdd,mean_qed,1.546,0.657,3.134,0.04422,0.0286,14,28,crop_radius_minus_1.5,"atom_shuffle,coordinate_jitter",705,20,14
colab47_crop_subsample_subsample_n20,diffsbdd,mean_qed,2.548,0.882,3.506,0.0709,0.02783,15,30,crop_radius_minus_1.5,"atom_shuffle,coordinate_jitter",706,20,15
colab47_crop_subsample_subsample_n20,diffsbdd,mean_qed,1.731,1.114,3.477,0.04422,0.02555,18,36,crop_radius_minus_1.5,"atom_shuffle,coordinate_jitter",707,20,18
colab47_crop_subsample_subsample_n20,diffsbdd,mean_qed,2.328,1.311,3.636,0.06784,0.02914,17,34,crop_radius_minus_1.5,"atom_shuffle,coordinate_jitter",708,20,17
colab47_crop_subsample_subsample_n20,diffsbdd,mean_qed,2.119,0.594,3.855,0.05786,0.02731,15,30,crop_radius_minus_1.5,"atom_shuffle,coordinate_jitter",709,20,15
colab47_crop_subsample_subsample_n20,diffsbdd,mean_qed,2.634,1.117,4.433,0.06821,0.0259,14,28,crop_radius_minus_1.5,"atom_shuffle,coordinate_jitter",710,20,14
colab47_crop_subsample_subsample_n20,diffsbdd,mean_qed,2.235,1.777,3.475,0.06668,0.02983,18,36,crop_radius_minus_1.5,"atom_shuffle,coordinate_jitter",711,20,18
colab47_crop_subsample_subsample_n20,diffsbdd,mean_qed,1.972,0.399,3.203,0.05641,0.0286,19,38,crop_radius_minus_1.5,"atom_shuffle,coordinate_jitter",712,20,19
colab47_crop_subsample_subsample_n20,diffsbdd,mean_qed,2.049,1.154,2.593,0.05967,0.02913,19,38,crop_radius_minus_1.5,"atom_shuffle,coordinate_jitter",713,20,19
colab47_crop_subsample_subsample_n20,diffsbdd,mean_qed,1.88,0.986,3.064,0.06454,0.03433,16,32,crop_radius_minus_1.5,"atom_shuffle,coordinate_jitter",714,20,16
colab47_crop_subsample_subsample_n20,diffsbdd,mean_qed,2.328,0.81,3.151,0.06552,0.02815,17,34,crop_radius_minus_1.5,"atom_shuffle,coordinate_jitter",715,20,17
colab47_crop_subsample_subsample_n20,diffsbdd,mean_qed,2.374,1.031,4.079,0.06919,0.02914,18,36,crop_radius_minus_1.5,"atom_shuffle,coordinate_jitter",716,20,18
colab47_crop_subsample_subsample_n20,diffsbdd,mean_qed,2.813,1.187,4.196,0.06552,0.02329,17,34,crop_radius_minus_1.5,"atom_shuffle,coordinate_jitter",717,20,17
colab47_crop_subsample_subsample_n20,diffsbdd,mean_qed,2.926,0.866,4.73,0.07453,0.02548,14,28,crop_radius_minus_1.5,"atom_shuffle,coordinate_jitter",718,20,14
colab47_crop_subsample_subsample_n20,diffsbdd,mean_qed,1.908,1.285,2.686,0.05786,0.03033,19,38,crop_radius_minus_1.5,"atom_shuffle,coordinate_jitter",719,20,19
colab47_crop_subsample_subsample_n20,diffsbdd,mean_qed,2.05,1.349,3.213,0.06376,0.0311,18,36,crop_radius_minus_1.5,"atom_shuffle,coordinate_jitter",720,20,18
colab47_crop_subsample_subsample_n20,diffsbdd,mean_qed,2.827,1.797,3.635,0.06784,0.024,15,30,crop_radius_minus_1.5,"atom_shuffle,coordinate_jitter",721,20,15
colab47_crop_subsample_subsample_n20,diffsbdd,mean_qed,1.484,0.349,2.75,0.043,0.02898,15,30,crop_radius_minus_1.5,"atom_shuffle,coordinate_jitter",722,20,15
colab47_crop_subsample_subsample_n20,diffsbdd,mean_qed,2.019,0.648,3.723,0.05786,0.02866,17,34,crop_radius_minus_1.5,"atom_shuffle,coordinate_jitter",723,20,17
colab47_crop_subsample_subsample_n20,diffsbdd,mean_qed,2.667,1.409,4.303,0.07338,0.02752,17,34,crop_radius_minus_1.5,"atom_shuffle,coordinate_jitter",724,20,17
colab47_crop_subsample_subsample_n20,diffsbdd,mean_qed,2.125,0.432,3.56,0.0495,0.02329,17,34,crop_radius_minus_1.5,"atom_shuffle,coordinate_jitter",725,20,17
colab47_crop_subsample_subsample_n20,diffsbdd,mean_qed,2.092,1.082,3.159,0.06552,0.03132,17,34,crop_radius_minus_1.5,"atom_shuffle,coordinate_jitter",726,20,17
colab47_crop_subsample_subsample_n20,diffsbdd,mean_qed,2.301,1.334,3.752,0.04825,0.02097,15,30,crop_radius_minus_1.5,"atom_shuffle,coordinate_jitter",727,20,15
colab47_crop_subsample_subsample_n20,diffsbdd,mean_qed,2.138,1.199,3.566,0.06495,0.03038,16,32,crop_radius_minus_1.5,"atom_shuffle,coordinate_jitter",728,20,16
colab47_crop_subsample_subsample_n20,diffsbdd,mean_qed,2.351,1.331,3.03,0.07142,0.03037,16,32,crop_radius_minus_1.5,"atom_shuffle,coordinate_jitter",729,20,16
colab47_crop_subsample_subsample_n20,diffsbdd,mean_qed,2.26,1.457,3.013,0.06552,0.02898,19,38,crop_radius_minus_1.5,"atom_shuffle,coordinate_jitter",730,20,19
colab47_crop_subsample_subsample_n20,diffsbdd,mean_qed,1.637,0.416,3.244,0.04544,0.02777,17,34,crop_radius_minus_1.5,"atom_shuffle,coordinate_jitter",731,20,17
colab47_crop_subsample_subsample_n20,diffsbdd,mean_qed,1.808,1.284,2.623,0.05786,0.032,17,34,crop_radius_minus_1.5,"atom_shuffle,coordinate_jitter",732,20,17
colab47_crop_subsample_subsample_n20,diffsbdd,mean_qed,2.352,1.556,3.308,0.06668,0.02835,16,32,crop_radius_minus_1.5,"atom_shuffle,coordinate_jitter",733,20,16
colab47_crop_subsample_subsample_n20,diffsbdd,mean_qed,1.843,1.194,3.433,0.05641,0.03061,17,34,crop_radius_minus_1.5,"atom_shuffle,coordinate_jitter",734,20,17
colab47_crop_subsample_subsample_n20,diffsbdd,mean_qed,1.497,0.808,2.496,0.04825,0.03224,15,30,crop_radius_minus_1.5,"atom_shuffle,coordinate_jitter",735,20,15
colab47_crop_subsample_subsample_n20,diffsbdd,mean_qed,1.649,0.63,3.211,0.04102,0.02487,14,28,crop_radius_minus_1.5,"atom_shuffle,coordinate_jitter",736,20,14
colab47_crop_subsample_subsample_n20,diffsbdd,mean_qed,2.722,1.577,3.969,0.06202,0.02279,16,32,crop_radius_minus_1.5,"atom_shuffle,coordinate_jitter",737,20,16
colab47_crop_subsample_subsample_n20,diffsbdd,mean_qed,2.111,0.626,3.704,0.06552,0.03104,15,30,crop_radius_minus_1.5,"atom_shuffle,coordinate_jitter",738,20,15
colab47_crop_subsample_subsample_n20,diffsbdd,mean_qed,2.204,1.309,3.698,0.06112,0.02774,18,36,crop_radius_minus_1.5,"atom_shuffle,coordinate_jitter",739,20,18
colab47_crop_subsample_subsample_n20,diffsbdd,mean_qed,2.205,1.308,3.275,0.07193,0.03263,17,34,crop_radius_minus_1.5,"atom_shuffle,coordinate_jitter",740,20,17
colab47_crop_subsample_subsample_n20,diffsbdd,mean_qed,1.73,0.826,2.547,0.05296,0.03062,16,32,crop_radius_minus_1.5,"atom_shuffle,coordinate_jitter",741,20,16
colab47_crop_subsample_subsample_n20,diffsbdd,mean_qed,2.465,1.383,3.627,0.06937,0.02815,12,24,crop_radius_minus_1.5,"atom_shuffle,coordinate_jitter",742,20,12
colab47_crop_subsample_subsample_n20,diffsbdd,mean_qed,1.522,0.817,2.378,0.043,0.02826,19,38,crop_radius_minus_1.5,"atom_shuffle,coordinate_jitter",743,20,19
colab47_crop_subsample_subsample_n20,diffsbdd,mean_qed,1.997,0.428,2.738,0.06438,0.03224,15,30,crop_radius_minus_1.5,"atom_shuffle,coordinate_jitter",744,20,15
colab47_crop_subsample_subsample_n20,diffsbdd,mean_qed,2.049,1.349,3.238,0.05967,0.02913,19,38,crop_radius_minus_1.5,"atom_shuffle,coordinate_jitter",745,20,19
colab47_crop_subsample_subsample_n20,diffsbdd,mean_qed,2.063,1.322,3.362,0.0495,0.024,17,34,crop_radius_minus_1.5,"atom_shuffle,coordinate_jitter",746,20,17
colab47_crop_subsample_subsample_n20,diffsbdd,mean_qed,1.416,0.937,2.446,0.043,0.03038,15,30,crop_radius_minus_1.5,"atom_shuffle,coordinate_jitter",747,20,15
colab47_crop_subsample_subsample_n20,diffsbdd,mean_qed,2.588,2.034,3.628,0.07336,0.02835,14,28,crop_radius_minus_1.5,"atom_shuffle,coordinate_jitter",748,20,14
colab47_crop_subsample_subsample_n20,diffsbdd,mean_qed,2.191,1.159,3.569,0.05967,0.02724,15,30,crop_radius_minus_1.5,"atom_shuffle,coordinate_jitter",749,20,15
colab47_crop_subsample_subsample_n20,diffsbdd,mean_qed,2.248,1.424,3.238,0.06438,0.02863,17,34,crop_radius_minus_1.5,"atom_shuffle,coordinate_jitter",750,20,17
colab47_crop_subsample_subsample_n20,diffsbdd,mean_qed,1.94,0.998,2.399,0.06438,0.03318,19,38,crop_radius_minus_1.5,"atom_shuffle,coordinate_jitter",751,20,19
colab47_crop_subsample_subsample_n20,diffsbdd,mean_qed,2.329,0.38,3.235,0.06784,0.02913,17,34,crop_radius_minus_1.5,"atom_shuffle,coordinate_jitter",752,20,17
colab47_crop_subsample_subsample_n20,diffsbdd,mean_qed,2.074,1.228,3.216,0.06438,0.03103,17,34,crop_radius_minus_1.5,"atom_shuffle,coordinate_jitter",753,20,17
colab47_crop_subsample_subsample_n20,diffsbdd,mean_qed,2.432,1.096,3.474,0.07286,0.02996,17,34,crop_radius_minus_1.5,"atom_shuffle,coordinate_jitter",754,20,17
colab47_crop_subsample_subsample_n20,diffsbdd,mean_qed,1.9,1.286,3.56,0.05368,0.02826,18,36,crop_radius_minus_1.5,"atom_shuffle,coordinate_jitter",755,20,18
colab47_crop_subsample_subsample_n20,diffsbdd,mean_qed,2.252,1.365,3.69,0.06552,0.0291,17,34,crop_radius_minus_1.5,"atom_shuffle,coordinate_jitter",756,20,17
colab47_crop_subsample_subsample_n20,diffsbdd,mean_qed,2.093,1.124,3.252,0.06495,0.03103,14,28,crop_radius_minus_1.5,"atom_shuffle,coordinate_jitter",757,20,14
colab47_crop_subsample_subsample_n20,diffsbdd,mean_qed,1.493,0.816,2.91,0.043,0.02881,17,34,crop_radius_minus_1.5,"atom_shuffle,coordinate_jitter",758,20,17
colab47_crop_subsample_subsample_n20,diffsbdd,mean_qed,2.175,1.412,3.222,0.0626,0.02878,16,32,crop_radius_minus_1.5,"atom_shuffle,coordinate_jitter",759,20,16
colab47_crop_subsample_subsample_n20,diffsbdd,mean_qed,1.708,0.744,2.761,0.04747,0.0278,16,32,crop_radius_minus_1.5,"atom_shuffle,coordinate_jitter",760,20,16
colab47_crop_subsample_subsample_n20,diffsbdd,mean_qed,1.986,0.404,3.233,0.05786,0.02913,15,30,crop_radius_minus_1.5,"atom_shuffle,coordinate_jitter",761,20,15
colab47_crop_subsample_subsample_n20,diffsbdd,mean_qed,1.425,0.903,2.35,0.05256,0.03687,18,36,crop_radius_minus_1.5,"atom_shuffle,coordinate_jitter",762,20,18
colab47_crop_subsample_subsample_n20,diffsbdd,mean_qed,1.818,1.138,3.434,0.05694,0.03132,16,32,crop_radius_minus_1.5,"atom_shuffle,coordinate_jitter",763,20,16
colab47_crop_subsample_subsample_n20,diffsbdd,mean_qed,1.708,0.609,3.474,0.04825,0.02826,13,26,crop_radius_minus_1.5,"atom_shuffle,coordinate_jitter",764,20,13
colab47_crop_subsample_subsample_n20,diffsbdd,mean_qed,1.874,0.634,3.205,0.05456,0.02911,16,32,crop_radius_minus_1.5,"atom_shuffle,coordinate_jitter",765,20,16
colab47_crop_subsample_subsample_n20,diffsbdd,mean_qed,2.197,1.455,3.832,0.06376,0.02901,16,32,crop_radius_minus_1.5,"atom_shuffle,coordinate_jitter",766,20,16
colab47_crop_subsample_subsample_n20,diffsbdd,mean_qed,2.357,0.541,2.915,0.07035,0.02985,12,24,crop_radius_minus_1.5,"atom_shuffle,coordinate_jitter",767,20,12
colab47_crop_subsample_subsample_n20,diffsbdd,mean_qed,2.062,1.433,4.068,0.05804,0.02815,16,32,crop_radius_minus_1.5,"atom_shuffle,coordinate_jitter",768,20,16
colab47_crop_subsample_subsample_n20,diffsbdd,mean_qed,1.929,1.008,3.731,0.05368,0.02783,18,36,crop_radius_minus_1.5,"atom_shuffle,coordinate_jitter",769,20,18
colab47_crop_subsample_subsample_n20,diffsbdd,mean_qed,1.348,0.826,2.47,0.04211,0.03123,15,30,crop_radius_minus_1.5,"atom_shuffle,coordinate_jitter",770,20,15
colab47_crop_subsample_subsample_n20,diffsbdd,mean_qed,2.139,1.45,2.593,0.0626,0.02926,18,36,crop_radius_minus_1.5,"atom_shuffle,coordinate_jitter",771,20,18
colab47_crop_subsample_subsample_n20,diffsbdd,mean_qed,2.114,1.189,2.523,0.06937,0.03282,18,36,crop_radius_minus_1.5,"atom_shuffle,coordinate_jitter",772,20,18
colab47_crop_subsample_subsample_n20,diffsbdd,mean_qed,2.318,1.127,3.287,0.06919,0.02985,16,32,crop_radius_minus_1.5,"atom_shuffle,coordinate_jitter",773,20,16
colab47_crop_subsample_subsample_n20,diffsbdd,mean_qed,2.357,0.757,4.126,0.06438,0.02731,15,30,crop_radius_minus_1.5,"atom_shuffle,coordinate_jitter",774,20,15
colab47_crop_subsample_subsample_n20,diffsbdd,mean_qed,2.299,1.275,3.165,0.07214,0.03138,18,36,crop_radius_minus_1.5,"atom_shuffle,coordinate_jitter",775,20,18
colab47_crop_subsample_subsample_n20,diffsbdd,mean_qed,1.538,0.969,2.712,0.0495,0.0322,15,30,crop_radius_minus_1.5,"atom_shuffle,coordinate_jitter",776,20,15
colab47_crop_subsample_subsample_n20,diffsbdd,mean_qed,2.399,1.429,3.394,0.06668,0.0278,16,32,crop_radius_minus_1.5,"atom_shuffle,coordinate_jitter",777,20,16
colab47_crop_subsample_subsample_n20,diffsbdd,mean_qed,2.807,1.561,4.927,0.06784,0.02417,19,38,crop_radius_minus_1.5,"atom_shuffle,coordinate_jitter",778,20,19
colab47_crop_subsample_subsample_n20,diffsbdd,mean_qed,2.492,1.63,3.429,0.06552,0.02629,17,34,crop_radius_minus_1.5,"atom_shuffle,coordinate_jitter",779,20,17
colab47_crop_subsample_subsample_n20,diffsbdd,mean_qed,1.675,0.874,2.79,0.05967,0.03562,17,34,crop_radius_minus_1.5,"atom_shuffle,coordinate_jitter",780,20,17
colab47_crop_subsample_subsample_n20,diffsbdd,mean_qed,2.547,1.608,4.118,0.07338,0.02881,17,34,crop_radius_minus_1.5,"atom_shuffle,coordinate_jitter",781,20,17
colab47_crop_subsample_subsample_n20,diffsbdd,mean_qed,2.268,1.401,3.299,0.06438,0.02839,15,30,crop_radius_minus_1.5,"atom_shuffle,coordinate_jitter",782,20,15
colab47_crop_subsample_subsample_n20,diffsbdd,mean_qed,2.434,1.684,3.197,0.0709,0.02913,19,38,crop_radius_minus_1.5,"atom_shuffle,coordinate_jitter",783,20,19
colab47_crop_subsample_subsample_n20,diffsbdd,mean_qed,2.276,1.153,3.312,0.06784,0.0298,17,34,crop_radius_minus_1.5,"atom_shuffle,coordinate_jitter",784,20,17
colab47_crop_subsample_subsample_n20,diffsbdd,mean_qed,1.75,1.018,2.403,0.05786,0.03306,17,34,crop_radius_minus_1.5,"atom_shuffle,coordinate_jitter",785,20,17
colab47_crop_subsample_subsample_n20,diffsbdd,mean_qed,1.965,0.809,3.238,0.0562,0.02861,19,38,crop_radius_minus_1.5,"atom_shuffle,coordinate_jitter",786,20,19
colab47_crop_subsample_subsample_n20,diffsbdd,mean_qed,1.542,0.826,2.85,0.04685,0.03038,16,32,crop_radius_minus_1.5,"atom_shuffle,coordinate_jitter",787,20,16
colab47_crop_subsample_subsample_n20,diffsbdd,mean_qed,2.339,1.501,3.978,0.06495,0.02777,18,36,crop_radius_minus_1.5,"atom_shuffle,coordinate_jitter",788,20,18
colab47_crop_subsample_subsample_n20,diffsbdd,mean_qed,2.555,1.464,3.773,0.0562,0.022,17,34,crop_radius_minus_1.5,"atom_shuffle,coordinate_jitter",789,20,17
colab47_crop_subsample_subsample_n20,diffsbdd,mean_qed,1.905,1.283,3.313,0.05786,0.03038,17,34,crop_radius_minus_1.5,"atom_shuffle,coordinate_jitter",790,20,17
colab47_crop_subsample_subsample_n20,diffsbdd,mean_qed,2.785,1.653,4.005,0.0562,0.02018,15,30,crop_radius_minus_1.5,"atom_shuffle,coordinate_jitter",791,20,15
colab47_crop_subsample_subsample_n20,diffsbdd,mean_qed,2.26,1.093,3.764,0.06464,0.0286,18,36,crop_radius_minus_1.5,"atom_shuffle,coordinate_jitter",792,20,18
colab47_crop_subsample_subsample_n20,diffsbdd,mean_qed,2.233,0.668,4.146,0.06784,0.03038,17,34,crop_radius_minus_1.5,"atom_shuffle,coordinate_jitter",793,20,17
colab47_crop_subsample_subsample_n20,diffsbdd,mean_qed,2.228,1.291,3.407,0.05794,0.026,20,40,crop_radius_minus_1.5,"atom_shuffle,coordinate_jitter",794,20,20
colab47_crop_subsample_subsample_n20,diffsbdd,mean_qed,2.429,1.508,2.847,0.0724,0.0298,16,32,crop_radius_minus_1.5,"atom_shuffle,coordinate_jitter",795,20,16
colab47_crop_subsample_subsample_n20,diffsbdd,mean_qed,1.697,0.33,2.514,0.05786,0.0341,17,34,crop_radius_minus_1.5,"atom_shuffle,coordinate_jitter",796,20,17
colab47_crop_subsample_subsample_n20,diffsbdd,mean_qed,1.574,0.365,2.585,0.04563,0.02898,18,36,crop_radius_minus_1.5,"atom_shuffle,coordinate_jitter",797,20,18
colab47_crop_subsample_subsample_n20,diffsbdd,mean_qed,1.585,0.297,2.682,0.04544,0.02866,17,34,crop_radius_minus_1.5,"atom_shuffle,coordinate_jitter",798,20,17
colab47_crop_subsample_subsample_n20,diffsbdd,mean_qed,1.709,0.907,2.344,0.06438,0.03766,15,30,crop_radius_minus_1.5,"atom_shuffle,coordinate_jitter",799,20,15
colab47_crop_subsample_subsample_n20,diffsbdd,mean_qed,2.198,0.366,3.091,0.06552,0.0298,17,34,crop_radius_minus_1.5,"atom_shuffle,coordinate_jitter",800,20,17
colab47_crop_subsample_subsample_n20,diffsbdd,mean_qed,1.567,0.778,2.75,0.04563,0.02913,16,32,crop_radius_minus_1.5,"atom_shuffle,coordinate_jitter",801,20,16
colab47_crop_subsample_subsample_n20,diffsbdd,mean_qed,2.079,1.024,3.453,0.05786,0.02783,15,30,crop_radius_minus_1.5,"atom_shuffle,coordinate_jitter",802,20,15
colab47_crop_subsample_subsample_n20,diffsbdd,mean_qed,1.866,1.052,2.55,0.06627,0.03551,14,28,crop_radius_minus_1.5,"atom_shuffle,coordinate_jitter",803,20,14
colab47_crop_subsample_subsample_n20,diffsbdd,mean_qed,1.776,0.54,3.095,0.0508,0.0286,16,32,crop_radius_minus_1.5,"atom_shuffle,coordinate_jitter",804,20,16
colab47_crop_subsample_subsample_n20,diffsbdd,mean_qed,1.871,1.003,2.871,0.0562,0.03003,15,30,crop_radius_minus_1.5,"atom_shuffle,coordinate_jitter",805,20,15
colab47_crop_subsample_subsample_n20,diffsbdd,mean_qed,1.715,1.018,2.355,0.05786,0.03374,17,34,crop_radius_minus_1.5,"atom_shuffle,coordinate_jitter",806,20,17
colab47_crop_subsample_subsample_n20,diffsbdd,mean_qed,1.386,0.34,3.643,0.03902,0.02815,15,30,crop_radius_minus_1.5,"atom_shuffle,coordinate_jitter",807,20,15
colab47_crop_subsample_subsample_n20,diffsbdd,mean_qed,1.793,1.14,2.653,0.05223,0.02913,16,32,crop_radius_minus_1.5,"atom_shuffle,coordinate_jitter",808,20,16
colab47_crop_subsample_subsample_n20,diffsbdd,mean_qed,1.47,0.711,2.979,0.04015,0.02731,16,32,crop_radius_minus_1.5,"atom_shuffle,coordinate_jitter",809,20,16
colab47_crop_subsample_subsample_n20,diffsbdd,mean_qed,2.069,1.309,2.593,0.06029,0.02914,18,36,crop_radius_minus_1.5,"atom_shuffle,coordinate_jitter",810,20,18
colab47_crop_subsample_subsample_n20,diffsbdd,mean_qed,2.375,1.125,3.321,0.0692,0.02913,16,32,crop_radius_minus_1.5,"atom_shuffle,coordinate_jitter",811,20,16
colab47_crop_subsample_subsample_n20,diffsbdd,mean_qed,1.905,0.656,2.847,0.05786,0.03038,15,30,crop_radius_minus_1.5,"atom_shuffle,coordinate_jitter",812,20,15
colab47_crop_subsample_subsample_n20,diffsbdd,mean_qed,1.843,1.306,3.128,0.05641,0.03061,17,34,crop_radius_minus_1.5,"atom_shuffle,coordinate_jitter",813,20,17
colab47_crop_subsample_subsample_n20,diffsbdd,mean_qed,1.301,0.356,2.218,0.04211,0.03237,17,34,crop_radius_minus_1.5,"atom_shuffle,coordinate_jitter",814,20,17
colab47_crop_subsample_subsample_n20,diffsbdd,mean_qed,2.053,1.316,3.845,0.05714,0.02783,18,36,crop_radius_minus_1.5,"atom_shuffle,coordinate_jitter",815,20,18
colab47_crop_subsample_subsample_n20,diffsbdd,mean_qed,2.248,1.629,3.324,0.06438,0.02863,17,34,crop_radius_minus_1.5,"atom_shuffle,coordinate_jitter",816,20,17
colab47_crop_subsample_subsample_n20,diffsbdd,mean_qed,2.194,1.197,2.844,0.06872,0.03132,16,32,crop_radius_minus_1.5,"atom_shuffle,coordinate_jitter",817,20,16
colab47_crop_subsample_subsample_n20,diffsbdd,mean_qed,2.615,1.367,3.927,0.06112,0.02338,16,32,crop_radius_minus_1.5,"atom_shuffle,coordinate_jitter",818,20,16
colab47_crop_subsample_subsample_n20,diffsbdd,mean_qed,1.85,0.763,2.44,0.0562,0.03038,17,34,crop_radius_minus_1.5,"atom_shuffle,coordinate_jitter",819,20,17
colab47_crop_subsample_subsample_n20,diffsbdd,mean_qed,2.443,1.075,3.528,0.07479,0.03062,17,34,crop_radius_minus_1.5,"atom_shuffle,coordinate_jitter",820,20,17
colab47_crop_subsample_subsample_n20,diffsbdd,mean_qed,2.018,0.839,3.269,0.05703,0.02826,20,40,crop_radius_minus_1.5,"atom_shuffle,coordinate_jitter",821,20,20
colab47_crop_subsample_subsample_n20,diffsbdd,mean_qed,1.158,0.305,2.544,0.03376,0.02915,15,30,crop_radius_minus_1.5,"atom_shuffle,coordinate_jitter",822,20,15
colab47_crop_subsample_subsample_n20,diffsbdd,mean_qed,2.581,1.447,4.029,0.06784,0.02629,15,30,crop_radius_minus_1.5,"atom_shuffle,coordinate_jitter",823,20,15
colab47_crop_subsample_subsample_n20,diffsbdd,mean_qed,1.4,0.912,2.97,0.04211,0.03009,15,30,crop_radius_minus_1.5,"atom_shuffle,coordinate_jitter",824,20,15
colab47_crop_subsample_subsample_n20,diffsbdd,mean_qed,2.36,1.59,3.715,0.06552,0.02777,17,34,crop_radius_minus_1.5,"atom_shuffle,coordinate_jitter",825,20,17
colab47_crop_subsample_subsample_n20,diffsbdd,mean_qed,2.406,1.162,3.758,0.06438,0.02676,15,30,crop_radius_minus_1.5,"atom_shuffle,coordinate_jitter",826,20,15
colab47_crop_subsample_subsample_n20,diffsbdd,mean_qed,2.259,1.44,2.684,0.0709,0.03138,19,38,crop_radius_minus_1.5,"atom_shuffle,coordinate_jitter",827,20,19
colab47_crop_subsample_subsample_n20,diffsbdd,mean_qed,1.92,0.681,2.538,0.05967,0.03108,17,34,crop_radius_minus_1.5,"atom_shuffle,coordinate_jitter",828,20,17
colab47_crop_subsample_subsample_n20,diffsbdd,mean_qed,1.32,0.802,2.295,0.04256,0.03224,16,32,crop_radius_minus_1.5,"atom_shuffle,coordinate_jitter",829,20,16
colab47_crop_subsample_subsample_n20,diffsbdd,mean_qed,2.007,1.204,2.78,0.06888,0.03433,18,36,crop_radius_minus_1.5,"atom_shuffle,coordinate_jitter",830,20,18
colab47_crop_subsample_subsample_n20,diffsbdd,mean_qed,1.986,1.248,2.608,0.05786,0.02913,15,30,crop_radius_minus_1.5,"atom_shuffle,coordinate_jitter",831,20,15
colab47_crop_subsample_subsample_n20,diffsbdd,mean_qed,1.464,0.282,2.792,0.04544,0.03103,15,30,crop_radius_minus_1.5,"atom_shuffle,coordinate_jitter",832,20,15
colab47_crop_subsample_subsample_n20,diffsbdd,mean_qed,1.946,0.536,3.847,0.04256,0.02187,16,32,crop_radius_minus_1.5,"atom_shuffle,coordinate_jitter",833,20,16
colab47_crop_subsample_subsample_n20,diffsbdd,mean_qed,2.161,1.451,3.243,0.06438,0.02979,17,34,crop_radius_minus_1.5,"atom_shuffle,coordinate_jitter",834,20,17
colab47_crop_subsample_subsample_n20,diffsbdd,mean_qed,1.811,0.586,2.611,0.05641,0.03114,15,30,crop_radius_minus_1.5,"atom_shuffle,coordinate_jitter",835,20,15
colab47_crop_subsample_subsample_n20,diffsbdd,mean_qed,1.642,1.133,2.467,0.05223,0.0318,18,36,crop_radius_minus_1.5,"atom_shuffle,coordinate_jitter",836,20,18
colab47_crop_subsample_subsample_n20,diffsbdd,mean_qed,1.661,1.038,2.804,0.06203,0.03734,18,36,crop_radius_minus_1.5,"atom_shuffle,coordinate_jitter",837,20,18
colab47_crop_subsample_subsample_n20,diffsbdd,mean_qed,1.596,1.004,3.114,0.04888,0.03062,12,24,crop_radius_minus_1.5,"atom_shuffle,coordinate_jitter",838,20,12
colab47_crop_subsample_subsample_n20,diffsbdd,mean_qed,1.697,1.003,3.112,0.05325,0.03138,16,32,crop_radius_minus_1.5,"atom_shuffle,coordinate_jitter",839,20,16
colab47_crop_subsample_subsample_n20,diffsbdd,mean_qed,1.227,0.261,2.457,0.03902,0.0318,17,34,crop_radius_minus_1.5,"atom_shuffle,coordinate_jitter",840,20,17
colab47_crop_subsample_subsample_n20,diffsbdd,mean_qed,1.96,0.669,2.585,0.0562,0.02867,17,34,crop_radius_minus_1.5,"atom_shuffle,coordinate_jitter",841,20,17
colab47_crop_subsample_subsample_n20,diffsbdd,mean_qed,1.554,0.865,3.063,0.0495,0.03185,15,30,crop_radius_minus_1.5,"atom_shuffle,coordinate_jitter",842,20,15
colab47_crop_subsample_subsample_n20,diffsbdd,mean_qed,1.953,0.376,3.924,0.043,0.02201,17,34,crop_radius_minus_1.5,"atom_shuffle,coordinate_jitter",843,20,17
colab47_crop_subsample_subsample_n20,diffsbdd,mean_qed,2.202,1.322,3.32,0.05285,0.024,16,32,crop_radius_minus_1.5,"atom_shuffle,coordinate_jitter",844,20,16
colab47_crop_subsample_subsample_n20,diffsbdd,mean_qed,1.56,1.001,2.948,0.04544,0.02913,17,34,crop_radius_minus_1.5,"atom_shuffle,coordinate_jitter",845,20,17
colab47_crop_subsample_subsample_n20,diffsbdd,mean_qed,2.239,1.154,3.676,0.06552,0.02926,17,34,crop_radius_minus_1.5,"atom_shuffle,coordinate_jitter",846,20,17
colab47_crop_subsample_subsample_n20,diffsbdd,mean_qed,1.413,0.355,2.458,0.04211,0.0298,17,34,crop_radius_minus_1.5,"atom_shuffle,coordinate_jitter",847,20,17
colab47_crop_subsample_subsample_n20,diffsbdd,mean_qed,2.06,0.585,2.443,0.06552,0.0318,17,34,crop_radius_minus_1.5,"atom_shuffle,coordinate_jitter",848,20,17
colab47_crop_subsample_subsample_n20,diffsbdd,mean_qed,2.282,0.945,2.774,0.07193,0.03152,17,34,crop_radius_minus_1.5,"atom_shuffle,coordinate_jitter",849,20,17
colab47_crop_subsample_subsample_n20,diffsbdd,mean_qed,2.002,1.309,2.935,0.05967,0.0298,19,38,crop_radius_minus_1.5,"atom_shuffle,coordinate_jitter",850,20,19
colab47_crop_subsample_subsample_n20,diffsbdd,mean_qed,2.362,1.402,3.244,0.07035,0.02978,18,36,crop_radius_minus_1.5,"atom_shuffle,coordinate_jitter",851,20,18
colab47_crop_subsample_subsample_n20,diffsbdd,mean_qed,2.014,1.169,3.332,0.0626,0.03108,16,32,crop_radius_minus_1.5,"atom_shuffle,coordinate_jitter",852,20,16
colab47_crop_subsample_subsample_n20,diffsbdd,mean_qed,1.911,1.184,2.888,0.05804,0.03038,16,32,crop_radius_minus_1.5,"atom_shuffle,coordinate_jitter",853,20,16
colab47_crop_subsample_subsample_n20,diffsbdd,mean_qed,2.74,1.266,4.415,0.06611,0.02413,18,36,crop_radius_minus_1.5,"atom_shuffle,coordinate_jitter",854,20,18
colab47_crop_subsample_subsample_n20,diffsbdd,mean_qed,2.026,0.932,2.59,0.06203,0.03062,18,36,crop_radius_minus_1.5,"atom_shuffle,coordinate_jitter",855,20,18
colab47_crop_subsample_subsample_n20,diffsbdd,mean_qed,1.882,0.7,3.351,0.05296,0.02815,18,36,crop_radius_minus_1.5,"atom_shuffle,coordinate_jitter",856,20,18
colab47_crop_subsample_subsample_n20,diffsbdd,mean_qed,1.819,1.374,2.622,0.05296,0.02911,18,36,crop_radius_minus_1.5,"atom_shuffle,coordinate_jitter",857,20,18
colab47_crop_subsample_subsample_n20,diffsbdd,mean_qed,2.596,0.512,4.125,0.0709,0.02731,15,30,crop_radius_minus_1.5,"atom_shuffle,coordinate_jitter",858,20,15
colab47_crop_subsample_subsample_n20,diffsbdd,mean_qed,2.334,1.491,3.429,0.06495,0.02783,16,32,crop_radius_minus_1.5,"atom_shuffle,coordinate_jitter",859,20,16
colab47_crop_subsample_subsample_n20,diffsbdd,mean_qed,2.383,0.727,3.589,0.06815,0.0286,16,32,crop_radius_minus_1.5,"atom_shuffle,coordinate_jitter",860,20,16
colab47_crop_subsample_subsample_n20,diffsbdd,mean_qed,1.306,0.596,2.441,0.04211,0.03224,17,34,crop_radius_minus_1.5,"atom_shuffle,coordinate_jitter",861,20,17
colab47_crop_subsample_subsample_n20,diffsbdd,mean_qed,1.837,0.909,2.868,0.05631,0.03066,14,28,crop_radius_minus_1.5,"atom_shuffle,coordinate_jitter",862,20,14
colab47_crop_subsample_subsample_n20,diffsbdd,mean_qed,1.688,0.796,2.504,0.05296,0.03138,18,36,crop_radius_minus_1.5,"atom_shuffle,coordinate_jitter",863,20,18
colab47_crop_subsample_subsample_n20,diffsbdd,mean_qed,1.857,1.168,2.641,0.05641,0.03037,17,34,crop_radius_minus_1.5,"atom_shuffle,coordinate_jitter",864,20,17
colab47_crop_subsample_subsample_n20,diffsbdd,mean_qed,2.21,1.165,3.129,0.06438,0.02913,15,30,crop_radius_minus_1.5,"atom_shuffle,coordinate_jitter",865,20,15
colab47_crop_subsample_subsample_n20,diffsbdd,mean_qed,2.195,1.331,3.262,0.06668,0.03037,18,36,crop_radius_minus_1.5,"atom_shuffle,coordinate_jitter",866,20,18
colab47_crop_subsample_subsample_n20,diffsbdd,mean_qed,2.277,0.989,2.908,0.07286,0.032,19,38,crop_radius_minus_1.5,"atom_shuffle,coordinate_jitter",867,20,19
colab47_crop_subsample_subsample_n20,diffsbdd,mean_qed,1.788,0.685,2.982,0.05306,0.02968,16,32,crop_radius_minus_1.5,"atom_shuffle,coordinate_jitter",868,20,16
colab47_crop_subsample_subsample_n20,diffsbdd,mean_qed,1.267,0.465,2.554,0.03639,0.02873,14,28,crop_radius_minus_1.5,"atom_shuffle,coordinate_jitter",869,20,14
colab47_crop_subsample_subsample_n20,diffsbdd,mean_qed,1.783,0.86,2.83,0.05459,0.03062,18,36,crop_radius_minus_1.5,"atom_shuffle,coordinate_jitter",870,20,18
colab47_crop_subsample_subsample_n20,diffsbdd,mean_qed,2.005,1.213,2.759,0.0562,0.02803,17,34,crop_radius_minus_1.5,"atom_shuffle,coordinate_jitter",871,20,17
colab47_crop_subsample_subsample_n20,diffsbdd,mean_qed,1.546,0.72,2.579,0.0604,0.03907,14,28,crop_radius_minus_1.5,"atom_shuffle,coordinate_jitter",872,20,14
colab47_crop_subsample_subsample_n20,diffsbdd,mean_qed,2.466,1.262,2.782,0.07189,0.02915,16,32,crop_radius_minus_1.5,"atom_shuffle,coordinate_jitter",873,20,16
colab47_crop_subsample_subsample_n20,diffsbdd,mean_qed,1.565,0.94,2.219,0.04888,0.03123,18,36,crop_radius_minus_1.5,"atom_shuffle,coordinate_jitter",874,20,18
colab47_crop_subsample_subsample_n20,diffsbdd,mean_qed,3.29,0.78,4.334,0.07193,0.02187,17,34,crop_radius_minus_1.5,"atom_shuffle,coordinate_jitter",875,20,17
colab47_crop_subsample_subsample_n20,diffsbdd,mean_qed,2.062,1.353,3.825,0.05804,0.02815,16,32,crop_radius_minus_1.5,"atom_shuffle,coordinate_jitter",876,20,16
colab47_crop_subsample_subsample_n20,diffsbdd,mean_qed,2.084,1.206,3.512,0.06112,0.02933,14,28,crop_radius_minus_1.5,"atom_shuffle,coordinate_jitter",877,20,14
colab47_crop_subsample_subsample_n20,diffsbdd,mean_qed,2.048,1.344,2.888,0.05967,0.02913,17,34,crop_radius_minus_1.5,"atom_shuffle,coordinate_jitter",878,20,17
colab47_crop_subsample_subsample_n20,diffsbdd,mean_qed,1.443,0.711,2.668,0.04128,0.0286,17,34,crop_radius_minus_1.5,"atom_shuffle,coordinate_jitter",879,20,17
colab47_crop_subsample_subsample_n20,diffsbdd,mean_qed,2.146,1.455,3.936,0.0604,0.02815,18,36,crop_radius_minus_1.5,"atom_shuffle,coordinate_jitter",880,20,18
colab47_crop_subsample_subsample_n20,diffsbdd,mean_qed,1.476,0.84,2.747,0.04685,0.03173,16,32,crop_radius_minus_1.5,"atom_shuffle,coordinate_jitter",881,20,16
colab47_crop_subsample_subsample_n20,diffsbdd,mean_qed,1.476,0.695,2.479,0.043,0.02913,17,34,crop_radius_minus_1.5,"atom_shuffle,coordinate_jitter",882,20,17
colab47_crop_subsample_subsample_n20,diffsbdd,mean_qed,1.43,0.257,2.707,0.05325,0.03724,14,28,crop_radius_minus_1.5,"atom_shuffle,coordinate_jitter",883,20,14
colab47_crop_subsample_subsample_n20,diffsbdd,mean_qed,1.636,0.447,2.495,0.05396,0.03298,14,28,crop_radius_minus_1.5,"atom_shuffle,coordinate_jitter",884,20,14
colab47_crop_subsample_subsample_n20,diffsbdd,mean_qed,1.484,0.196,2.446,0.043,0.02898,15,30,crop_radius_minus_1.5,"atom_shuffle,coordinate_jitter",885,20,15
colab47_crop_subsample_subsample_n20,diffsbdd,mean_qed,1.893,0.622,2.493,0.05641,0.0298,17,34,crop_radius_minus_1.5,"atom_shuffle,coordinate_jitter",886,20,17
colab47_crop_subsample_subsample_n20,diffsbdd,mean_qed,1.997,1.138,2.803,0.06438,0.03224,17,34,crop_radius_minus_1.5,"atom_shuffle,coordinate_jitter",887,20,17
colab47_crop_subsample_subsample_n20,diffsbdd,mean_qed,2.013,0.528,3.366,0.0649,0.03224,16,32,crop_radius_minus_1.5,"atom_shuffle,coordinate_jitter",888,20,16
colab47_crop_subsample_subsample_n20,diffsbdd,mean_qed,2.161,1.234,3.344,0.05786,0.02678,15,30,crop_radius_minus_1.5,"atom_shuffle,coordinate_jitter",889,20,15
colab47_crop_subsample_subsample_n20,diffsbdd,mean_qed,1.391,0.59,2.521,0.04128,0.02967,17,34,crop_radius_minus_1.5,"atom_shuffle,coordinate_jitter",890,20,17
colab47_crop_subsample_subsample_n20,diffsbdd,mean_qed,2.735,1.637,3.979,0.0709,0.02593,17,34,crop_radius_minus_1.5,"atom_shuffle,coordinate_jitter",891,20,17
colab47_crop_subsample_subsample_n20,diffsbdd,mean_qed,2.143,1.121,2.67,0.0709,0.03309,15,30,crop_radius_minus_1.5,"atom_shuffle,coordinate_jitter",892,20,15
colab47_crop_subsample_subsample_n20,diffsbdd,mean_qed,1.484,0.966,2.389,0.04422,0.0298,18,36,crop_radius_minus_1.5,"atom_shuffle,coordinate_jitter",893,20,18
colab47_crop_subsample_subsample_n20,diffsbdd,mean_qed,2.423,1.733,3.232,0.06937,0.02863,18,36,crop_radius_minus_1.5,"atom_shuffle,coordinate_jitter",894,20,18
colab47_crop_subsample_subsample_n20,diffsbdd,mean_qed,2.193,1.141,3.042,0.07142,0.03256,16,32,crop_radius_minus_1.5,"atom_shuffle,coordinate_jitter",895,20,16
colab47_crop_subsample_subsample_n20,diffsbdd,mean_qed,2.028,0.732,2.952,0.06438,0.03175,15,30,crop_radius_minus_1.5,"atom_shuffle,coordinate_jitter",896,20,15
colab47_crop_subsample_subsample_n20,diffsbdd,mean_qed,1.984,1.208,3.678,0.06202,0.03126,14,28,crop_radius_minus_1.5,"atom_shuffle,coordinate_jitter",897,20,14
colab47_crop_subsample_subsample_n20,diffsbdd,mean_qed,1.738,1.029,2.626,0.05967,0.03433,17,34,crop_radius_minus_1.5,"atom_shuffle,coordinate_jitter",898,20,17
colab47_crop_subsample_subsample_n20,diffsbdd,mean_qed,2.048,1.117,3.5,0.05786,0.02826,17,34,crop_radius_minus_1.5,"atom_shuffle,coordinate_jitter",899,20,17
colab47_crop_subsample_subsample_n20,diffsbdd,mean_qed,2.191,1.276,3.073,0.07193,0.03282,17,34,crop_radius_minus_1.5,"atom_shuffle,coordinate_jitter",900,20,17
colab47_crop_subsample_subsample_n20,diffsbdd,mean_qed,2.251,1.356,3.964,0.06438,0.0286,17,34,crop_radius_minus_1.5,"atom_shuffle,coordinate_jitter",901,20,17
colab47_crop_subsample_subsample_n20,diffsbdd,mean_qed,2.484,1.04,3.351,0.05786,0.02329,17,34,crop_radius_minus_1.5,"atom_shuffle,coordinate_jitter",902,20,17
colab47_crop_subsample_subsample_n20,diffsbdd,mean_qed,2.261,1.09,3.221,0.06552,0.02898,15,30,crop_radius_minus_1.5,"atom_shuffle,coordinate_jitter",903,20,15
colab47_crop_subsample_subsample_n20,diffsbdd,mean_qed,2.262,1.334,3.092,0.07286,0.03221,17,34,crop_radius_minus_1.5,"atom_shuffle,coordinate_jitter",904,20,17
colab47_crop_subsample_subsample_n20,diffsbdd,mean_qed,1.95,1.283,2.631,0.05786,0.02967,17,34,crop_radius_minus_1.5,"atom_shuffle,coordinate_jitter",905,20,17
colab47_crop_subsample_subsample_n20,diffsbdd,mean_qed,1.917,1.003,2.852,0.05714,0.0298,16,32,crop_radius_minus_1.5,"atom_shuffle,coordinate_jitter",906,20,16
colab47_crop_subsample_subsample_n20,diffsbdd,mean_qed,1.648,1.113,3.014,0.06495,0.03941,16,32,crop_radius_minus_1.5,"atom_shuffle,coordinate_jitter",907,20,16
colab47_crop_subsample_subsample_n20,diffsbdd,mean_qed,1.753,0.476,2.912,0.043,0.02453,17,34,crop_radius_minus_1.5,"atom_shuffle,coordinate_jitter",908,20,17
colab47_crop_subsample_subsample_n20,diffsbdd,mean_qed,2.25,1.08,2.857,0.0709,0.03152,15,30,crop_radius_minus_1.5,"atom_shuffle,coordinate_jitter",909,20,15
colab47_crop_subsample_subsample_n20,diffsbdd,mean_qed,1.801,1.274,2.425,0.05804,0.03224,18,36,crop_radius_minus_1.5,"atom_shuffle,coordinate_jitter",910,20,18
colab47_crop_subsample_subsample_n20,diffsbdd,mean_qed,1.454,1.042,2.927,0.04214,0.02898,18,36,crop_radius_minus_1.5,"atom_shuffle,coordinate_jitter",911,20,18
colab47_crop_subsample_subsample_n20,diffsbdd,mean_qed,1.517,0.584,2.375,0.04825,0.0318,17,34,crop_radius_minus_1.5,"atom_shuffle,coordinate_jitter",912,20,17
colab47_crop_subsample_subsample_n20,diffsbdd,mean_qed,2.146,1.284,3.39,0.05641,0.02629,17,34,crop_radius_minus_1.5,"atom_shuffle,coordinate_jitter",913,20,17
colab47_crop_subsample_subsample_n20,diffsbdd,mean_qed,2.003,1.092,2.973,0.06285,0.03138,18,36,crop_radius_minus_1.5,"atom_shuffle,coordinate_jitter",914,20,18
colab47_crop_subsample_subsample_n20,diffsbdd,mean_qed,1.703,0.973,2.204,0.05631,0.03306,18,36,crop_radius_minus_1.5,"atom_shuffle,coordinate_jitter",915,20,18
colab47_crop_subsample_subsample_n20,diffsbdd,mean_qed,2.536,0.9,3.432,0.07288,0.02873,17,34,crop_radius_minus_1.5,"atom_shuffle,coordinate_jitter",916,20,17
colab47_crop_subsample_subsample_n20,diffsbdd,mean_qed,2.149,1.329,3.433,0.06552,0.03049,15,30,crop_radius_minus_1.5,"atom_shuffle,coordinate_jitter",917,20,15
colab47_crop_subsample_subsample_n20,diffsbdd,mean_qed,2.553,1.592,4.036,0.0709,0.02777,17,34,crop_radius_minus_1.5,"atom_shuffle,coordinate_jitter",918,20,17
colab47_crop_subsample_subsample_n20,diffsbdd,mean_qed,2.516,1.48,3.503,0.07241,0.02878,18,36,crop_radius_minus_1.5,"atom_shuffle,coordinate_jitter",919,20,18
colab47_crop_subsample_subsample_n20,diffsbdd,mean_qed,1.731,1.058,2.905,0.0495,0.0286,15,30,crop_radius_minus_1.5,"atom_shuffle,coordinate_jitter",920,20,15
colab47_crop_subsample_subsample_n20,diffsbdd,mean_qed,1.367,0.61,2.457,0.04057,0.02968,16,32,crop_radius_minus_1.5,"atom_shuffle,coordinate_jitter",921,20,16
colab47_crop_subsample_subsample_n20,diffsbdd,mean_qed,1.502,0.986,3.023,0.04378,0.02914,16,32,crop_radius_minus_1.5,"atom_shuffle,coordinate_jitter",922,20,16
colab47_crop_subsample_subsample_n20,diffsbdd,mean_qed,2.034,1.253,3.358,0.05703,0.02803,16,32,crop_radius_minus_1.5,"atom_shuffle,coordinate_jitter",923,20,16
colab47_crop_subsample_subsample_n20,diffsbdd,mean_qed,2.946,1.361,4.317,0.06862,0.02329,14,28,crop_radius_minus_1.5,"atom_shuffle,coordinate_jitter",924,20,14
colab47_crop_subsample_subsample_n20,diffsbdd,mean_qed,1.885,0.969,3.654,0.0495,0.02626,15,30,crop_radius_minus_1.5,"atom_shuffle,coordinate_jitter",925,20,15
colab47_crop_subsample_subsample_n20,diffsbdd,mean_qed,1.969,0.942,3.028,0.05714,0.02901,18,36,crop_radius_minus_1.5,"atom_shuffle,coordinate_jitter",926,20,18
colab47_crop_subsample_subsample_n20,diffsbdd,mean_qed,2.093,1.484,4.102,0.05804,0.02774,14,28,crop_radius_minus_1.5,"atom_shuffle,coordinate_jitter",927,20,14
colab47_crop_subsample_subsample_n20,diffsbdd,mean_qed,3.099,1.699,4.027,0.07062,0.02279,18,36,crop_radius_minus_1.5,"atom_shuffle,coordinate_jitter",928,20,18
colab47_crop_subsample_subsample_n20,diffsbdd,mean_qed,1.365,0.859,2.128,0.04563,0.03341,14,28,crop_radius_minus_1.5,"atom_shuffle,coordinate_jitter",929,20,14
colab47_crop_subsample_subsample_n20,diffsbdd,mean_qed,1.85,0.701,2.487,0.0562,0.03038,17,34,crop_radius_minus_1.5,"atom_shuffle,coordinate_jitter",930,20,17
colab47_crop_subsample_subsample_n20,diffsbdd,mean_qed,2.446,1.199,3.818,0.0709,0.02898,13,26,crop_radius_minus_1.5,"atom_shuffle,coordinate_jitter",931,20,13
colab47_crop_subsample_subsample_n20,diffsbdd,mean_qed,2.17,1.348,3.233,0.06438,0.02967,17,34,crop_radius_minus_1.5,"atom_shuffle,coordinate_jitter",932,20,17
colab47_crop_subsample_subsample_n20,diffsbdd,mean_qed,2.416,1.363,3.434,0.07035,0.02913,16,32,crop_radius_minus_1.5,"atom_shuffle,coordinate_jitter",933,20,16
colab47_crop_subsample_subsample_n20,diffsbdd,mean_qed,1.706,0.729,2.841,0.04971,0.02913,14,28,crop_radius_minus_1.5,"atom_shuffle,coordinate_jitter",934,20,14
colab47_crop_subsample_subsample_n20,diffsbdd,mean_qed,2.293,0.65,3.608,0.06552,0.02857,17,34,crop_radius_minus_1.5,"atom_shuffle,coordinate_jitter",935,20,17
colab47_crop_subsample_subsample_n20,diffsbdd,mean_qed,1.737,0.892,3.584,0.05093,0.02932,14,28,crop_radius_minus_1.5,"atom_shuffle,coordinate_jitter",936,20,14
colab47_crop_subsample_subsample_n20,diffsbdd,mean_qed,1.893,1.215,2.764,0.05641,0.0298,17,34,crop_radius_minus_1.5,"atom_shuffle,coordinate_jitter",937,20,17
colab47_crop_subsample_subsample_n20,diffsbdd,mean_qed,2.913,1.691,4.852,0.06784,0.02329,15,30,crop_radius_minus_1.5,"atom_shuffle,coordinate_jitter",938,20,15
colab47_crop_subsample_subsample_n20,diffsbdd,mean_qed,1.334,0.736,2.166,0.04518,0.03387,16,32,crop_radius_minus_1.5,"atom_shuffle,coordinate_jitter",939,20,16
colab47_crop_subsample_subsample_n20,diffsbdd,mean_qed,2.137,1.6,3.202,0.06552,0.03066,17,34,crop_radius_minus_1.5,"atom_shuffle,coordinate_jitter",940,20,17
colab47_crop_subsample_subsample_n20,diffsbdd,mean_qed,2.06,0.623,2.981,0.06552,0.0318,19,38,crop_radius_minus_1.5,"atom_shuffle,coordinate_jitter",941,20,19
colab47_crop_subsample_subsample_n20,diffsbdd,mean_qed,2.04,1.079,3.187,0.05967,0.02926,17,34,crop_radius_minus_1.5,"atom_shuffle,coordinate_jitter",942,20,17
colab47_crop_subsample_subsample_n20,diffsbdd,mean_qed,2.534,1.319,3.973,0.06784,0.02678,15,30,crop_radius_minus_1.5,"atom_shuffle,coordinate_jitter",943,20,15
colab47_crop_subsample_subsample_n20,diffsbdd,mean_qed,1.334,0.826,2.715,0.043,0.03224,17,34,crop_radius_minus_1.5,"atom_shuffle,coordinate_jitter",944,20,17
colab47_crop_subsample_subsample_n20,diffsbdd,mean_qed,2.01,1.25,2.934,0.05786,0.02878,17,34,crop_radius_minus_1.5,"atom_shuffle,coordinate_jitter",945,20,17
colab47_crop_subsample_subsample_n20,diffsbdd,mean_qed,1.774,0.988,2.409,0.05641,0.0318,17,34,crop_radius_minus_1.5,"atom_shuffle,coordinate_jitter",946,20,17
colab47_crop_subsample_subsample_n20,diffsbdd,mean_qed,2.052,0.998,3.974,0.05491,0.02676,16,32,crop_radius_minus_1.5,"atom_shuffle,coordinate_jitter",947,20,16
colab47_crop_subsample_subsample_n20,diffsbdd,mean_qed,2.289,1.344,3.378,0.06784,0.02964,15,30,crop_radius_minus_1.5,"atom_shuffle,coordinate_jitter",948,20,15
colab47_crop_subsample_subsample_n20,diffsbdd,mean_qed,2.613,1.59,3.56,0.06203,0.02374,18,36,crop_radius_minus_1.5,"atom_shuffle,coordinate_jitter",949,20,18
colab47_crop_subsample_subsample_n20,diffsbdd,mean_qed,2.069,1.197,2.512,0.06668,0.03224,18,36,crop_radius_minus_1.5,"atom_shuffle,coordinate_jitter",950,20,18
colab47_crop_subsample_subsample_n20,diffsbdd,mean_qed,1.932,0.49,2.665,0.05632,0.02915,14,28,crop_radius_minus_1.5,"atom_shuffle,coordinate_jitter",951,20,14
colab47_crop_subsample_subsample_n20,diffsbdd,mean_qed,2.2,1.306,2.857,0.06376,0.02898,18,36,crop_radius_minus_1.5,"atom_shuffle,coordinate_jitter",952,20,18
colab47_crop_subsample_subsample_n20,diffsbdd,mean_qed,2.042,1.269,2.766,0.0626,0.03066,18,36,crop_radius_minus_1.5,"atom_shuffle,coordinate_jitter",953,20,18
colab47_crop_subsample_subsample_n20,diffsbdd,mean_qed,2.302,0.4,3.65,0.06438,0.02797,15,30,crop_radius_minus_1.5,"atom_shuffle,coordinate_jitter",954,20,15
colab47_crop_subsample_subsample_n20,diffsbdd,mean_qed,1.985,1.281,3.206,0.05714,0.02878,16,32,crop_radius_minus_1.5,"atom_shuffle,coordinate_jitter",955,20,16
colab47_crop_subsample_subsample_n20,diffsbdd,mean_qed,1.708,0.42,3.116,0.0495,0.02898,15,30,crop_radius_minus_1.5,"atom_shuffle,coordinate_jitter",956,20,15
colab47_crop_subsample_subsample_n20,diffsbdd,mean_qed,2.346,1.361,3.163,0.07193,0.03066,15,30,crop_radius_minus_1.5,"atom_shuffle,coordinate_jitter",957,20,15
colab47_crop_subsample_subsample_n20,diffsbdd,mean_qed,2.25,1.343,3.329,0.06529,0.02901,18,36,crop_radius_minus_1.5,"atom_shuffle,coordinate_jitter",958,20,18
colab47_crop_subsample_subsample_n20,diffsbdd,mean_qed,1.73,0.451,2.74,0.04761,0.02752,16,32,crop_radius_minus_1.5,"atom_shuffle,coordinate_jitter",959,20,16
colab47_crop_subsample_subsample_n20,diffsbdd,mean_qed,2.301,0.816,3.889,0.05877,0.02554,18,36,crop_radius_minus_1.5,"atom_shuffle,coordinate_jitter",960,20,18
colab47_crop_subsample_subsample_n20,diffsbdd,mean_qed,1.928,0.288,2.627,0.05641,0.02926,17,34,crop_radius_minus_1.5,"atom_shuffle,coordinate_jitter",961,20,17
colab47_crop_subsample_subsample_n20,diffsbdd,mean_qed,1.403,0.468,2.864,0.0417,0.02972,14,28,crop_radius_minus_1.5,"atom_shuffle,coordinate_jitter",962,20,14
colab47_crop_subsample_subsample_n20,diffsbdd,mean_qed,2.437,1.602,3.27,0.0709,0.0291,15,30,crop_radius_minus_1.5,"atom_shuffle,coordinate_jitter",963,20,15
colab47_crop_subsample_subsample_n20,diffsbdd,mean_qed,3.405,1.65,4.656,0.07193,0.02113,17,34,crop_radius_minus_1.5,"atom_shuffle,coordinate_jitter",964,20,17
colab47_crop_subsample_subsample_n20,diffsbdd,mean_qed,2.244,1.392,2.953,0.06529,0.0291,18,36,crop_radius_minus_1.5,"atom_shuffle,coordinate_jitter",965,20,18
colab47_crop_subsample_subsample_n20,diffsbdd,mean_qed,1.893,0.956,3.105,0.05641,0.0298,15,30,crop_radius_minus_1.5,"atom_shuffle,coordinate_jitter",966,20,15
colab47_crop_subsample_subsample_n20,diffsbdd,mean_qed,1.992,1.037,2.897,0.05703,0.02863,16,32,crop_radius_minus_1.5,"atom_shuffle,coordinate_jitter",967,20,16
colab47_crop_subsample_subsample_n20,diffsbdd,mean_qed,1.853,1.345,2.535,0.05804,0.03132,18,36,crop_radius_minus_1.5,"atom_shuffle,coordinate_jitter",968,20,18
colab47_crop_subsample_subsample_n20,diffsbdd,mean_qed,0.932,0.337,2.61,0.02704,0.02901,18,36,crop_radius_minus_1.5,"atom_shuffle,coordinate_jitter",969,20,18
colab47_crop_subsample_subsample_n20,diffsbdd,mean_qed,2.781,1.713,3.997,0.07266,0.02613,18,36,crop_radius_minus_1.5,"atom_shuffle,coordinate_jitter",970,20,18
colab47_crop_subsample_subsample_n20,diffsbdd,mean_qed,2.571,0.7,3.738,0.07193,0.02797,19,38,crop_radius_minus_1.5,"atom_shuffle,coordinate_jitter",971,20,19
colab47_crop_subsample_subsample_n20,diffsbdd,mean_qed,2.014,1.173,2.623,0.0626,0.03108,14,28,crop_radius_minus_1.5,"atom_shuffle,coordinate_jitter",972,20,14
colab47_crop_subsample_subsample_n20,diffsbdd,mean_qed,1.818,1.076,2.994,0.05641,0.03103,17,34,crop_radius_minus_1.5,"atom_shuffle,coordinate_jitter",973,20,17
colab47_crop_subsample_subsample_n20,diffsbdd,mean_qed,2.443,1.366,3.422,0.06784,0.02777,19,38,crop_radius_minus_1.5,"atom_shuffle,coordinate_jitter",974,20,19
colab47_crop_subsample_subsample_n20,diffsbdd,mean_qed,1.391,0.626,2.885,0.04128,0.02968,15,30,crop_radius_minus_1.5,"atom_shuffle,coordinate_jitter",975,20,15
colab47_crop_subsample_subsample_n20,diffsbdd,mean_qed,2.443,1.264,3.978,0.06784,0.02777,15,30,crop_radius_minus_1.5,"atom_shuffle,coordinate_jitter",976,20,15
colab47_crop_subsample_subsample_n20,diffsbdd,mean_qed,2.209,1.287,2.912,0.06438,0.02915,19,38,crop_radius_minus_1.5,"atom_shuffle,coordinate_jitter",977,20,19
colab47_crop_subsample_subsample_n20,diffsbdd,mean_qed,2.329,1.935,3.187,0.06668,0.02863,18,36,crop_radius_minus_1.5,"atom_shuffle,coordinate_jitter",978,20,18
colab47_crop_subsample_subsample_n20,diffsbdd,mean_qed,1.401,0.298,2.07,0.04015,0.02866,16,32,crop_radius_minus_1.5,"atom_shuffle,coordinate_jitter",979,20,16
colab47_crop_subsample_subsample_n20,diffsbdd,mean_qed,1.737,1.033,3.172,0.05306,0.03055,18,36,crop_radius_minus_1.5,"atom_shuffle,coordinate_jitter",980,20,18
colab47_crop_subsample_subsample_n20,diffsbdd,mean_qed,1.993,1.014,3.546,0.05804,0.02913,16,32,crop_radius_minus_1.5,"atom_shuffle,coordinate_jitter",981,20,16
colab47_crop_subsample_subsample_n20,diffsbdd,mean_qed,1.878,0.363,2.849,0.05306,0.02826,18,36,crop_radius_minus_1.5,"atom_shuffle,coordinate_jitter",982,20,18
colab47_crop_subsample_subsample_n20,diffsbdd,mean_qed,2.036,0.486,3.648,0.04581,0.0225,16,32,crop_radius_minus_1.5,"atom_shuffle,coordinate_jitter",983,20,16
colab47_crop_subsample_subsample_n20,diffsbdd,mean_qed,1.429,0.695,2.965,0.04544,0.0318,15,30,crop_radius_minus_1.5,"atom_shuffle,coordinate_jitter",984,20,15
colab47_crop_subsample_subsample_n20,diffsbdd,mean_qed,1.659,0.99,2.312,0.0562,0.03387,17,34,crop_radius_minus_1.5,"atom_shuffle,coordinate_jitter",985,20,17
colab47_crop_subsample_subsample_n20,diffsbdd,mean_qed,1.706,1.018,2.466,0.05641,0.03306,15,30,crop_radius_minus_1.5,"atom_shuffle,coordinate_jitter",986,20,15
colab47_crop_subsample_subsample_n20,diffsbdd,mean_qed,2.233,1.203,2.905,0.07193,0.03221,15,30,crop_radius_minus_1.5,"atom_shuffle,coordinate_jitter",987,20,15
colab47_crop_subsample_subsample_n20,diffsbdd,mean_qed,1.227,0.715,2.36,0.05093,0.0415,16,32,crop_radius_minus_1.5,"atom_shuffle,coordinate_jitter",988,20,16
colab47_crop_subsample_subsample_n20,diffsbdd,mean_qed,1.272,0.588,2.785,0.04102,0.03224,16,32,crop_radius_minus_1.5,"atom_shuffle,coordinate_jitter",989,20,16
colab47_crop_subsample_subsample_n20,diffsbdd,mean_qed,1.021,0.358,1.959,0.03376,0.03306,15,30,crop_radius_minus_1.5,"atom_shuffle,coordinate_jitter",990,20,15
colab47_crop_subsample_subsample_n20,diffsbdd,mean_qed,2.4,1.752,3.72,0.07288,0.03037,19,38,crop_radius_minus_1.5,"atom_shuffle,coordinate_jitter",991,20,19
colab47_crop_subsample_subsample_n20,diffsbdd,mean_qed,2.338,1.585,2.665,0.0709,0.03033,19,38,crop_radius_minus_1.5,"atom_shuffle,coordinate_jitter",992,20,19
colab47_crop_subsample_subsample_n20,diffsbdd,mean_qed,1.856,1.133,2.88,0.05631,0.03033,18,36,crop_radius_minus_1.5,"atom_shuffle,coordinate_jitter",993,20,18
colab47_crop_subsample_subsample_n20,diffsbdd,mean_qed,2.038,0.592,3.48,0.06784,0.03329,15,30,crop_radius_minus_1.5,"atom_shuffle,coordinate_jitter",994,20,15
colab47_crop_subsample_subsample_n20,diffsbdd,mean_qed,2.423,1.043,3.251,0.07193,0.02968,13,26,crop_radius_minus_1.5,"atom_shuffle,coordinate_jitter",995,20,13
colab47_crop_subsample_subsample_n20,diffsbdd,mean_qed,2.468,1.383,3.478,0.07193,0.02915,17,34,crop_radius_minus_1.5,"atom_shuffle,coordinate_jitter",996,20,17
colab47_crop_subsample_subsample_n20,diffsbdd,mean_qed,2.518,0.581,4.444,0.0734,0.02915,15,30,crop_radius_minus_1.5,"atom_shuffle,coordinate_jitter",997,20,15
colab47_crop_subsample_subsample_n20,diffsbdd,mean_qed,1.565,0.735,3.408,0.0495,0.03162,15,30,crop_radius_minus_1.5,"atom_shuffle,coordinate_jitter",998,20,15
colab47_crop_subsample_subsample_n20,diffsbdd,mean_qed,1.637,0.913,3.237,0.0562,0.03433,19,38,crop_radius_minus_1.5,"atom_shuffle,coordinate_jitter",999,20,19
colab47_crop_subsample_subsample_n20,diffsbdd,mean_qed,1.839,0.379,3.213,0.05631,0.03061,14,28,crop_radius_minus_1.5,"atom_shuffle,coordinate_jitter",1000,20,14
colab47_crop_subsample_subsample_n20,diffsbdd,mean_qed,2.089,1.153,3.299,0.05794,0.02774,18,36,crop_radius_minus_1.5,"atom_shuffle,coordinate_jitter",1001,20,18
colab47_crop_subsample_subsample_n20,diffsbdd,mean_qed,1.767,0.378,2.348,0.0562,0.0318,17,34,crop_radius_minus_1.5,"atom_shuffle,coordinate_jitter",1002,20,17
colab47_crop_subsample_subsample_n20,diffsbdd,mean_qed,1.561,0.944,3.316,0.0417,0.02672,14,28,crop_radius_minus_1.5,"atom_shuffle,coordinate_jitter",1003,20,14
colab47_crop_subsample_subsample_n20,diffsbdd,mean_qed,1.619,1.15,2.682,0.04825,0.0298,19,38,crop_radius_minus_1.5,"atom_shuffle,coordinate_jitter",1004,20,19
colab47_crop_subsample_subsample_n20,diffsbdd,mean_qed,1.901,1.181,3.29,0.05641,0.02967,19,38,crop_radius_minus_1.5,"atom_shuffle,coordinate_jitter",1005,20,19
colab47_crop_subsample_subsample_n20,diffsbdd,mean_qed,1.81,1.091,3.415,0.05786,0.03197,13,26,crop_radius_minus_1.5,"atom_shuffle,coordinate_jitter",1006,20,13
colab47_crop_subsample_subsample_n20,diffsbdd,mean_qed,2.327,1.276,3.203,0.07288,0.03132,17,34,crop_radius_minus_1.5,"atom_shuffle,coordinate_jitter",1007,20,17
colab47_crop_subsample_subsample_n20,diffsbdd,mean_qed,1.145,0.613,2.182,0.04102,0.03583,16,32,crop_radius_minus_1.5,"atom_shuffle,coordinate_jitter",1008,20,16
colab47_crop_subsample_subsample_n20,diffsbdd,mean_qed,1.634,0.891,2.507,0.06366,0.03897,16,32,crop_radius_minus_1.5,"atom_shuffle,coordinate_jitter",1009,20,16
colab47_crop_subsample_subsample_n20,diffsbdd,mean_qed,2.145,1.394,2.789,0.06821,0.0318,14,28,crop_radius_minus_1.5,"atom_shuffle,coordinate_jitter",1010,20,14
colab47_crop_subsample_subsample_n20,diffsbdd,mean_qed,3.368,1.563,5.048,0.06112,0.01815,16,32,crop_radius_minus_1.5,"atom_shuffle,coordinate_jitter",1011,20,16
colab47_crop_subsample_subsample_n20,diffsbdd,mean_qed,2.246,1.403,3.35,0.06438,0.02867,17,34,crop_radius_minus_1.5,"atom_shuffle,coordinate_jitter",1012,20,17
colab47_crop_subsample_subsample_n20,diffsbdd,mean_qed,2.306,0.663,3.434,0.04544,0.01971,15,30,crop_radius_minus_1.5,"atom_shuffle,coordinate_jitter",1013,20,15
colab47_crop_subsample_subsample_n20,diffsbdd,mean_qed,1.375,0.576,2.278,0.04544,0.03306,17,34,crop_radius_minus_1.5,"atom_shuffle,coordinate_jitter",1014,20,17
colab47_crop_subsample_subsample_n20,diffsbdd,mean_qed,2.35,1.361,3.542,0.06086,0.0259,18,36,crop_radius_minus_1.5,"atom_shuffle,coordinate_jitter",1015,20,18
colab47_crop_subsample_subsample_n20,diffsbdd,mean_qed,1.482,0.311,2.294,0.04888,0.03298,18,36,crop_radius_minus_1.5,"atom_shuffle,coordinate_jitter",1016,20,18
colab47_crop_subsample_subsample_n20,diffsbdd,mean_qed,1.905,0.584,2.53,0.05967,0.03132,15,30,crop_radius_minus_1.5,"atom_shuffle,coordinate_jitter",1017,20,15
colab47_crop_subsample_subsample_n20,diffsbdd,mean_qed,2.397,1.407,3.768,0.06872,0.02867,18,36,crop_radius_minus_1.5,"atom_shuffle,coordinate_jitter",1018,20,18
colab47_crop_subsample_subsample_n20,diffsbdd,mean_qed,1.385,0.912,2.342,0.04544,0.03282,17,34,crop_radius_minus_1.5,"atom_shuffle,coordinate_jitter",1019,20,17
colab47_crop_subsample_subsample_n20,diffsbdd,mean_qed,1.714,1.038,2.347,0.05804,0.03387,18,36,crop_radius_minus_1.5,"atom_shuffle,coordinate_jitter",1020,20,18
colab47_crop_subsample_subsample_n20,diffsbdd,mean_qed,1.574,0.378,2.551,0.04825,0.03066,17,34,crop_radius_minus_1.5,"atom_shuffle,coordinate_jitter",1021,20,17
colab47_crop_subsample_subsample_n20,diffsbdd,mean_qed,2.023,1.172,3.084,0.06029,0.0298,18,36,crop_radius_minus_1.5,"atom_shuffle,coordinate_jitter",1022,20,18
colab47_crop_subsample_subsample_n20,diffsbdd,mean_qed,1.825,1.192,2.485,0.05877,0.03221,14,28,crop_radius_minus_1.5,"atom_shuffle,coordinate_jitter",1023,20,14
colab47_crop_subsample_subsample_n20,diffsbdd,mean_qed,2.099,1.196,3.19,0.0562,0.02678,17,34,crop_radius_minus_1.5,"atom_shuffle,coordinate_jitter",1024,20,17
colab47_crop_subsample_subsample_n20,diffsbdd,mean_qed,2.046,1.287,3.702,0.05296,0.02588,16,32,crop_radius_minus_1.5,"atom_shuffle,coordinate_jitter",1025,20,16
colab47_crop_subsample_subsample_n20,diffsbdd,mean_qed,2.634,1.349,4.259,0.07036,0.02672,14,28,crop_radius_minus_1.5,"atom_shuffle,coordinate_jitter",1026,20,14
colab47_crop_subsample_subsample_n20,diffsbdd,mean_qed,2.029,1.238,2.59,0.06213,0.03062,16,32,crop_radius_minus_1.5,"atom_shuffle,coordinate_jitter",1027,20,16
colab47_crop_subsample_subsample_n20,diffsbdd,mean_qed,2.393,1.088,4.381,0.07713,0.03224,15,30,crop_radius_minus_1.5,"atom_shuffle,coordinate_jitter",1028,20,15
colab47_crop_subsample_subsample_n20,diffsbdd,mean_qed,2.479,1.42,3.357,0.07193,0.02901,17,34,crop_radius_minus_1.5,"atom_shuffle,coordinate_jitter",1029,20,17
colab47_crop_subsample_subsample_n20,diffsbdd,mean_qed,1.345,0.697,2.362,0.03903,0.02901,17,34,crop_radius_minus_1.5,"atom_shuffle,coordinate_jitter",1030,20,17
colab47_crop_subsample_subsample_n20,diffsbdd,mean_qed,1.68,0.542,3.627,0.04825,0.02872,15,30,crop_radius_minus_1.5,"atom_shuffle,coordinate_jitter",1031,20,15
colab47_crop_subsample_subsample_n20,diffsbdd,mean_qed,2.62,0.894,3.493,0.06784,0.0259,17,34,crop_radius_minus_1.5,"atom_shuffle,coordinate_jitter",1032,20,17
colab47_crop_subsample_subsample_n20,diffsbdd,mean_qed,1.774,0.574,2.402,0.05641,0.0318,19,38,crop_radius_minus_1.5,"atom_shuffle,coordinate_jitter",1033,20,19
colab47_crop_subsample_subsample_n20,diffsbdd,mean_qed,2.354,0.706,3.589,0.06821,0.02898,16,32,crop_radius_minus_1.5,"atom_shuffle,coordinate_jitter",1034,20,16
colab47_crop_subsample_subsample_n20,diffsbdd,mean_qed,1.454,0.711,2.386,0.04625,0.0318,16,32,crop_radius_minus_1.5,"atom_shuffle,coordinate_jitter",1035,20,16
colab47_crop_subsample_subsample_n20,diffsbdd,mean_qed,2.466,1.11,3.54,0.06784,0.02752,17,34,crop_radius_minus_1.5,"atom_shuffle,coordinate_jitter",1036,20,17
colab47_crop_subsample_subsample_n20,diffsbdd,mean_qed,2.342,1.165,3.641,0.0562,0.024,17,34,crop_radius_minus_1.5,"atom_shuffle,coordinate_jitter",1037,20,17
colab47_crop_subsample_subsample_n20,diffsbdd,mean_qed,2.479,0.607,3.648,0.07193,0.02901,17,34,crop_radius_minus_1.5,"atom_shuffle,coordinate_jitter",1038,20,17
colab47_crop_subsample_subsample_n20,diffsbdd,mean_qed,2.463,1.677,3.502,0.07713,0.03132,17,34,crop_radius_minus_1.5,"atom_shuffle,coordinate_jitter",1039,20,17
colab47_crop_subsample_subsample_n20,diffsbdd,mean_qed,1.662,1.017,2.536,0.05089,0.03062,16,32,crop_radius_minus_1.5,"atom_shuffle,coordinate_jitter",1040,20,16
colab47_crop_subsample_subsample_n20,diffsbdd,mean_qed,2.169,0.633,4.367,0.04825,0.02225,15,30,crop_radius_minus_1.5,"atom_shuffle,coordinate_jitter",1041,20,15
colab47_crop_subsample_subsample_n20,diffsbdd,mean_qed,1.843,1.085,2.83,0.05641,0.03062,15,30,crop_radius_minus_1.5,"atom_shuffle,coordinate_jitter",1042,20,15
colab47_crop_subsample_subsample_n20,diffsbdd,mean_qed,2.306,1.313,3.601,0.06872,0.0298,16,32,crop_radius_minus_1.5,"atom_shuffle,coordinate_jitter",1043,20,16
colab47_crop_subsample_subsample_n20,diffsbdd,mean_qed,2.152,1.256,3.554,0.06169,0.02866,14,28,crop_radius_minus_1.5,"atom_shuffle,coordinate_jitter",1044,20,14
colab47_crop_subsample_subsample_n20,diffsbdd,mean_qed,1.407,0.253,2.446,0.03903,0.02774,15,30,crop_radius_minus_1.5,"atom_shuffle,coordinate_jitter",1045,20,15
colab47_crop_subsample_subsample_n20,diffsbdd,mean_qed,1.33,0.522,2.574,0.04256,0.032,16,32,crop_radius_minus_1.5,"atom_shuffle,coordinate_jitter",1046,20,16
colab47_crop_subsample_subsample_n20,diffsbdd,mean_qed,2.464,1.232,3.754,0.07142,0.02898,18,36,crop_radius_minus_1.5,"atom_shuffle,coordinate_jitter",1047,20,18
colab47_crop_subsample_subsample_n20,diffsbdd,mean_qed,2.162,1.301,3.152,0.06784,0.03138,15,30,crop_radius_minus_1.5,"atom_shuffle,coordinate_jitter",1048,20,15
colab47_crop_subsample_subsample_n20,diffsbdd,mean_qed,2.312,1.256,3.375,0.07286,0.03152,15,30,crop_radius_minus_1.5,"atom_shuffle,coordinate_jitter",1049,20,15
colab47_crop_subsample_subsample_n20,diffsbdd,mean_qed,1.818,0.7,2.673,0.05641,0.03104,15,30,crop_radius_minus_1.5,"atom_shuffle,coordinate_jitter",1050,20,15
colab47_crop_subsample_subsample_n20,diffsbdd,mean_qed,1.857,0.61,2.463,0.05641,0.03037,17,34,crop_radius_minus_1.5,"atom_shuffle,coordinate_jitter",1051,20,17
colab47_crop_subsample_subsample_n20,diffsbdd,mean_qed,2.189,1.364,3.079,0.07193,0.03286,19,38,crop_radius_minus_1.5,"atom_shuffle,coordinate_jitter",1052,20,19
colab47_crop_subsample_subsample_n20,diffsbdd,mean_qed,2.073,1.319,3.884,0.05967,0.02878,17,34,crop_radius_minus_1.5,"atom_shuffle,coordinate_jitter",1053,20,17
colab47_crop_subsample_subsample_n20,diffsbdd,mean_qed,1.722,1.172,3.432,0.04888,0.02839,18,36,crop_radius_minus_1.5,"atom_shuffle,coordinate_jitter",1054,20,18
colab47_crop_subsample_subsample_n20,diffsbdd,mean_qed,1.96,1.065,2.691,0.0626,0.03194,16,32,crop_radius_minus_1.5,"atom_shuffle,coordinate_jitter",1055,20,16
colab47_crop_subsample_subsample_n20,diffsbdd,mean_qed,2.291,1.194,3.318,0.0562,0.02453,19,38,crop_radius_minus_1.5,"atom_shuffle,coordinate_jitter",1056,20,19
colab47_crop_subsample_subsample_n20,diffsbdd,mean_qed,2.361,1.531,3.525,0.0724,0.03066,16,32,crop_radius_minus_1.5,"atom_shuffle,coordinate_jitter",1057,20,16
colab47_crop_subsample_subsample_n20,diffsbdd,mean_qed,1.566,0.701,2.624,0.04544,0.02901,19,38,crop_radius_minus_1.5,"atom_shuffle,coordinate_jitter",1058,20,19
colab47_crop_subsample_subsample_n20,diffsbdd,mean_qed,1.624,1.07,2.567,0.05165,0.0318,18,36,crop_radius_minus_1.5,"atom_shuffle,coordinate_jitter",1059,20,18
colab47_crop_subsample_subsample_n20,diffsbdd,mean_qed,2.312,1.431,3.059,0.06764,0.02926,18,36,crop_radius_minus_1.5,"atom_shuffle,coordinate_jitter",1060,20,18
colab47_crop_subsample_subsample_n20,diffsbdd,mean_qed,2.342,1.407,3.477,0.0562,0.024,17,34,crop_radius_minus_1.5,"atom_shuffle,coordinate_jitter",1061,20,17
colab47_crop_subsample_subsample_n20,diffsbdd,mean_qed,1.619,1.045,2.447,0.04825,0.0298,19,38,crop_radius_minus_1.5,"atom_shuffle,coordinate_jitter",1062,20,19
colab47_crop_subsample_subsample_n20,diffsbdd,mean_qed,2.281,1.349,2.942,0.0709,0.03108,17,34,crop_radius_minus_1.5,"atom_shuffle,coordinate_jitter",1063,20,17
colab47_crop_subsample_subsample_n20,diffsbdd,mean_qed,2.237,1.42,3.276,0.06784,0.03033,17,34,crop_radius_minus_1.5,"atom_shuffle,coordinate_jitter",1064,20,17
colab47_crop_subsample_subsample_n20,diffsbdd,mean_qed,1.871,0.735,3.117,0.0604,0.03227,12,24,crop_radius_minus_1.5,"atom_shuffle,coordinate_jitter",1065,20,12
colab47_crop_subsample_subsample_n20,diffsbdd,mean_qed,1.651,0.76,2.518,0.05426,0.03286,16,32,crop_radius_minus_1.5,"atom_shuffle,coordinate_jitter",1066,20,16
colab47_crop_subsample_subsample_n20,diffsbdd,mean_qed,2.21,1.668,3.35,0.06438,0.02913,19,38,crop_radius_minus_1.5,"atom_shuffle,coordinate_jitter",1067,20,19
colab47_crop_subsample_subsample_n20,diffsbdd,mean_qed,1.736,0.934,2.484,0.0626,0.03606,18,36,crop_radius_minus_1.5,"atom_shuffle,coordinate_jitter",1068,20,18
colab47_crop_subsample_subsample_n20,diffsbdd,mean_qed,2.152,1.258,3.574,0.06169,0.02866,16,32,crop_radius_minus_1.5,"atom_shuffle,coordinate_jitter",1069,20,16
colab47_crop_subsample_subsample_n20,diffsbdd,mean_qed,2.692,1.346,4.212,0.05714,0.02122,16,32,crop_radius_minus_1.5,"atom_shuffle,coordinate_jitter",1070,20,16
colab47_crop_subsample_subsample_n20,diffsbdd,mean_qed,1.922,1.056,2.795,0.06552,0.0341,15,30,crop_radius_minus_1.5,"atom_shuffle,coordinate_jitter",1071,20,15
colab47_crop_subsample_subsample_n20,diffsbdd,mean_qed,1.767,1.175,2.405,0.0562,0.0318,19,38,crop_radius_minus_1.5,"atom_shuffle,coordinate_jitter",1072,20,19
colab47_crop_subsample_subsample_n20,diffsbdd,mean_qed,1.61,1.159,2.954,0.043,0.02672,17,34,crop_radius_minus_1.5,"atom_shuffle,coordinate_jitter",1073,20,17
colab47_crop_subsample_subsample_n20,diffsbdd,mean_qed,1.603,0.755,2.395,0.06056,0.03779,16,32,crop_radius_minus_1.5,"atom_shuffle,coordinate_jitter",1074,20,16
colab47_crop_subsample_subsample_n20,diffsbdd,mean_qed,2.385,1.259,3.186,0.07313,0.03066,16,32,crop_radius_minus_1.5,"atom_shuffle,coordinate_jitter",1075,20,16
colab47_crop_subsample_subsample_n20,diffsbdd,mean_qed,2.574,1.498,3.831,0.0709,0.02755,17,34,crop_radius_minus_1.5,"atom_shuffle,coordinate_jitter",1076,20,17
colab47_crop_subsample_subsample_n20,diffsbdd,mean_qed,2.781,1.623,4.342,0.085,0.03057,14,28,crop_radius_minus_1.5,"atom_shuffle,coordinate_jitter",1077,20,14
colab47_crop_subsample_subsample_n20,diffsbdd,mean_qed,2.447,1.417,3.161,0.0709,0.02898,19,38,crop_radius_minus_1.5,"atom_shuffle,coordinate_jitter",1078,20,19
colab47_crop_subsample_subsample_n20,diffsbdd,mean_qed,2.153,1.311,2.704,0.06529,0.03033,18,36,crop_radius_minus_1.5,"atom_shuffle,coordinate_jitter",1079,20,18
colab47_crop_subsample_subsample_n20,diffsbdd,mean_qed,1.97,0.749,3.368,0.04539,0.02304,16,32,crop_radius_minus_1.5,"atom_shuffle,coordinate_jitter",1080,20,16
colab47_crop_subsample_subsample_n20,diffsbdd,mean_qed,2.203,1.119,3.008,0.06627,0.03009,16,32,crop_radius_minus_1.5,"atom_shuffle,coordinate_jitter",1081,20,16
colab47_crop_subsample_subsample_n20,diffsbdd,mean_qed,1.138,0.761,2.263,0.043,0.03779,15,30,crop_radius_minus_1.5,"atom_shuffle,coordinate_jitter",1082,20,15
colab47_crop_subsample_subsample_n20,diffsbdd,mean_qed,1.812,1.348,3.702,0.0495,0.02731,17,34,crop_radius_minus_1.5,"atom_shuffle,coordinate_jitter",1083,20,17
colab47_crop_subsample_subsample_n20,diffsbdd,mean_qed,1.724,1.058,3.157,0.0495,0.02872,17,34,crop_radius_minus_1.5,"atom_shuffle,coordinate_jitter",1084,20,17
colab47_crop_subsample_subsample_n20,diffsbdd,mean_qed,2.13,1.24,2.935,0.07313,0.03433,16,32,crop_radius_minus_1.5,"atom_shuffle,coordinate_jitter",1085,20,16
colab47_crop_subsample_subsample_n20,diffsbdd,mean_qed,1.863,1.288,3.234,0.05703,0.03062,16,32,crop_radius_minus_1.5,"atom_shuffle,coordinate_jitter",1086,20,16
colab47_crop_subsample_subsample_n20,diffsbdd,mean_qed,2.293,0.64,3.614,0.0562,0.02451,17,34,crop_radius_minus_1.5,"atom_shuffle,coordinate_jitter",1087,20,17
colab47_crop_subsample_subsample_n20,diffsbdd,mean_qed,1.83,1.324,3.317,0.05082,0.02777,18,36,crop_radius_minus_1.5,"atom_shuffle,coordinate_jitter",1088,20,18
colab47_crop_subsample_subsample_n20,diffsbdd,mean_qed,1.443,1.011,3.174,0.043,0.0298,17,34,crop_radius_minus_1.5,"atom_shuffle,coordinate_jitter",1089,20,17
colab47_crop_subsample_subsample_n20,diffsbdd,mean_qed,1.875,1.078,3.552,0.05368,0.02863,16,32,crop_radius_minus_1.5,"atom_shuffle,coordinate_jitter",1090,20,16
colab47_crop_subsample_subsample_n20,diffsbdd,mean_qed,1.935,1.273,2.733,0.05877,0.03038,18,36,crop_radius_minus_1.5,"atom_shuffle,coordinate_jitter",1091,20,18
colab47_crop_subsample_subsample_n20,diffsbdd,mean_qed,2.291,0.746,2.591,0.07286,0.0318,15,30,crop_radius_minus_1.5,"atom_shuffle,coordinate_jitter",1092,20,15
colab47_crop_subsample_subsample_n20,diffsbdd,mean_qed,2.246,1.665,3.39,0.06438,0.02867,19,38,crop_radius_minus_1.5,"atom_shuffle,coordinate_jitter",1093,20,19
colab47_crop_subsample_subsample_n20,diffsbdd,mean_qed,2.757,1.674,3.58,0.06764,0.02453,14,28,crop_radius_minus_1.5,"atom_shuffle,coordinate_jitter",1094,20,14
colab47_crop_subsample_subsample_n20,diffsbdd,mean_qed,2.002,0.943,3.278,0.05967,0.0298,19,38,crop_radius_minus_1.5,"atom_shuffle,coordinate_jitter",1095,20,19
colab47_crop_subsample_subsample_n20,diffsbdd,mean_qed,1.85,1.327,2.708,0.0562,0.03038,15,30,crop_radius_minus_1.5,"atom_shuffle,coordinate_jitter",1096,20,15
colab47_crop_subsample_subsample_n20,diffsbdd,mean_qed,2.534,1.801,3.287,0.06784,0.02678,17,34,crop_radius_minus_1.5,"atom_shuffle,coordinate_jitter",1097,20,17
colab47_crop_subsample_subsample_n20,diffsbdd,mean_qed,1.893,0.791,3.39,0.05641,0.0298,17,34,crop_radius_minus_1.5,"atom_shuffle,coordinate_jitter",1098,20,17
colab47_crop_subsample_subsample_n20,diffsbdd,mean_qed,2.166,1.295,3.436,0.06097,0.02815,18,36,crop_radius_minus_1.5,"atom_shuffle,coordinate_jitter",1099,20,18
colab47_crop_subsample_subsample_n20,diffsbdd,mean_qed,1.33,1.011,2.32,0.04256,0.032,18,36,crop_radius_minus_1.5,"atom_shuffle,coordinate_jitter",1100,20,18
colab47_crop_subsample_subsample_n20,diffsbdd,mean_qed,2.079,0.761,2.976,0.06355,0.03057,16,32,crop_radius_minus_1.5,"atom_shuffle,coordinate_jitter",1101,20,16
colab47_crop_subsample_subsample_n20,diffsbdd,mean_qed,1.818,0.946,2.879,0.05967,0.03282,15,30,crop_radius_minus_1.5,"atom_shuffle,coordinate_jitter",1102,20,15
colab47_crop_subsample_subsample_n20,diffsbdd,mean_qed,2.442,1.586,3.738,0.07288,0.02985,19,38,crop_radius_minus_1.5,"atom_shuffle,coordinate_jitter",1103,20,19
colab47_crop_subsample_subsample_n20,diffsbdd,mean_qed,2.924,1.168,3.85,0.0658,0.0225,16,32,crop_radius_minus_1.5,"atom_shuffle,coordinate_jitter",1104,20,16
colab47_crop_subsample_subsample_n20,diffsbdd,mean_qed,2.219,1.318,3.466,0.0724,0.03263,14,28,crop_radius_minus_1.5,"atom_shuffle,coordinate_jitter",1105,20,14
colab47_crop_subsample_subsample_n20,diffsbdd,mean_qed,1.577,0.933,2.331,0.05082,0.03224,16,32,crop_radius_minus_1.5,"atom_shuffle,coordinate_jitter",1106,20,16
colab47_crop_subsample_subsample_n20,diffsbdd,mean_qed,2.004,1.355,2.806,0.05967,0.02978,15,30,crop_radius_minus_1.5,"atom_shuffle,coordinate_jitter",1107,20,15
colab47_crop_subsample_subsample_n20,diffsbdd,mean_qed,2.204,1.049,3.688,0.0602,0.02731,14,28,crop_radius_minus_1.5,"atom_shuffle,coordinate_jitter",1108,20,14
colab47_crop_subsample_subsample_n20,diffsbdd,mean_qed,2.447,1.166,3.299,0.0709,0.02898,15,30,crop_radius_minus_1.5,"atom_shuffle,coordinate_jitter",1109,20,15
colab47_crop_subsample_subsample_n20,diffsbdd,mean_qed,2.516,1.63,3.627,0.07188,0.02857,16,32,crop_radius_minus_1.5,"atom_shuffle,coordinate_jitter",1110,20,16
colab47_crop_subsample_subsample_n20,diffsbdd,mean_qed,2.073,1.355,4.032,0.05967,0.02878,19,38,crop_radius_minus_1.5,"atom_shuffle,coordinate_jitter",1111,20,19
colab47_crop_subsample_subsample_n20,diffsbdd,mean_qed,2.2,1.32,3.337,0.05877,0.02672,18,36,crop_radius_minus_1.5,"atom_shuffle,coordinate_jitter",1112,20,18
colab47_crop_subsample_subsample_n20,diffsbdd,mean_qed,2.036,1.072,3.891,0.05694,0.02797,18,36,crop_radius_minus_1.5,"atom_shuffle,coordinate_jitter",1113,20,18
colab47_crop_subsample_subsample_n20,diffsbdd,mean_qed,2.208,1.331,3.196,0.06552,0.02968,17,34,crop_radius_minus_1.5,"atom_shuffle,coordinate_jitter",1114,20,17
colab47_crop_subsample_subsample_n20,diffsbdd,mean_qed,1.459,0.763,2.423,0.0417,0.02857,18,36,crop_radius_minus_1.5,"atom_shuffle,coordinate_jitter",1115,20,18
colab47_crop_subsample_subsample_n20,diffsbdd,mean_qed,1.635,0.329,3.109,0.04544,0.0278,15,30,crop_radius_minus_1.5,"atom_shuffle,coordinate_jitter",1116,20,15
colab47_crop_subsample_subsample_n20,diffsbdd,mean_qed,2.033,1.166,2.621,0.06552,0.03224,17,34,crop_radius_minus_1.5,"atom_shuffle,coordinate_jitter",1117,20,17
colab47_crop_subsample_subsample_n20,diffsbdd,mean_qed,1.577,0.598,2.649,0.0495,0.03138,17,34,crop_radius_minus_1.5,"atom_shuffle,coordinate_jitter",1118,20,17
colab47_crop_subsample_subsample_n20,diffsbdd,mean_qed,2.337,1.42,4.106,0.07338,0.03139,17,34,crop_radius_minus_1.5,"atom_shuffle,coordinate_jitter",1119,20,17
colab47_crop_subsample_subsample_n20,diffsbdd,mean_qed,2.009,0.649,3.277,0.0562,0.02797,19,38,crop_radius_minus_1.5,"atom_shuffle,coordinate_jitter",1120,20,19
colab47_crop_subsample_subsample_n20,diffsbdd,mean_qed,1.496,1.011,2.542,0.04544,0.03038,17,34,crop_radius_minus_1.5,"atom_shuffle,coordinate_jitter",1121,20,17
colab47_crop_subsample_subsample_n20,diffsbdd,mean_qed,1.699,0.27,3.069,0.0495,0.02913,13,26,crop_radius_minus_1.5,"atom_shuffle,coordinate_jitter",1122,20,13
colab47_crop_subsample_subsample_n20,diffsbdd,mean_qed,1.957,0.721,2.481,0.05967,0.03049,13,26,crop_radius_minus_1.5,"atom_shuffle,coordinate_jitter",1123,20,13
colab47_crop_subsample_subsample_n20,diffsbdd,mean_qed,2.217,0.786,3.588,0.06202,0.02797,16,32,crop_radius_minus_1.5,"atom_shuffle,coordinate_jitter",1124,20,16
colab47_crop_subsample_subsample_n20,diffsbdd,mean_qed,1.779,1.108,2.804,0.05082,0.02857,16,32,crop_radius_minus_1.5,"atom_shuffle,coordinate_jitter",1125,20,16
colab47_crop_subsample_subsample_n20,diffsbdd,mean_qed,1.935,1.163,3.439,0.06072,0.03138,16,32,crop_radius_minus_1.5,"atom_shuffle,coordinate_jitter",1126,20,16
colab47_crop_subsample_subsample_n20,diffsbdd,mean_qed,2.711,2.072,3.738,0.07761,0.02863,16,32,crop_radius_minus_1.5,"atom_shuffle,coordinate_jitter",1127,20,16
colab47_crop_subsample_subsample_n20,diffsbdd,mean_qed,1.776,0.747,2.501,0.05794,0.03263,18,36,crop_radius_minus_1.5,"atom_shuffle,coordinate_jitter",1128,20,18
colab47_crop_subsample_subsample_n20,diffsbdd,mean_qed,2.4,1.635,3.201,0.07288,0.03037,15,30,crop_radius_minus_1.5,"atom_shuffle,coordinate_jitter",1129,20,15
colab47_crop_subsample_subsample_n20,diffsbdd,mean_qed,2.282,1.407,2.839,0.07193,0.03152,17,34,crop_radius_minus_1.5,"atom_shuffle,coordinate_jitter",1130,20,17
colab47_crop_subsample_subsample_n20,diffsbdd,mean_qed,1.848,1.028,4.249,0.05746,0.0311,14,28,crop_radius_minus_1.5,"atom_shuffle,coordinate_jitter",1131,20,14
colab47_crop_subsample_subsample_n20,diffsbdd,mean_qed,1.375,0.569,2.105,0.04544,0.03306,17,34,crop_radius_minus_1.5,"atom_shuffle,coordinate_jitter",1132,20,17
colab47_crop_subsample_subsample_n20,diffsbdd,mean_qed,2.069,1.125,2.797,0.0709,0.03427,15,30,crop_radius_minus_1.5,"atom_shuffle,coordinate_jitter",1133,20,15
colab47_crop_subsample_subsample_n20,diffsbdd,mean_qed,1.431,0.921,2.36,0.05641,0.03941,17,34,crop_radius_minus_1.5,"atom_shuffle,coordinate_jitter",1134,20,17
colab47_crop_subsample_subsample_n20,diffsbdd,mean_qed,2.443,1.171,3.348,0.07287,0.02983,16,32,crop_radius_minus_1.5,"atom_shuffle,coordinate_jitter",1135,20,16
colab47_crop_subsample_subsample_n20,diffsbdd,mean_qed,2.145,1.278,2.863,0.06821,0.0318,16,32,crop_radius_minus_1.5,"atom_shuffle,coordinate_jitter",1136,20,16
colab47_crop_subsample_subsample_n20,diffsbdd,mean_qed,1.98,0.794,3.312,0.0562,0.02839,19,38,crop_radius_minus_1.5,"atom_shuffle,coordinate_jitter",1137,20,19
colab47_crop_subsample_subsample_n20,diffsbdd,mean_qed,1.644,0.357,2.439,0.05296,0.03221,16,32,crop_radius_minus_1.5,"atom_shuffle,coordinate_jitter",1138,20,16
colab47_crop_subsample_subsample_n20,diffsbdd,mean_qed,2.571,1.975,3.865,0.07288,0.02835,17,34,crop_radius_minus_1.5,"atom_shuffle,coordinate_jitter",1139,20,17
colab47_crop_subsample_subsample_n20,diffsbdd,mean_qed,1.626,1.055,2.527,0.04825,0.02967,17,34,crop_radius_minus_1.5,"atom_shuffle,coordinate_jitter",1140,20,17
colab47_crop_subsample_subsample_n20,diffsbdd,mean_qed,2.002,0.645,2.715,0.06438,0.03215,17,34,crop_radius_minus_1.5,"atom_shuffle,coordinate_jitter",1141,20,17
colab47_crop_subsample_subsample_n20,diffsbdd,mean_qed,1.629,0.322,2.647,0.05786,0.03551,17,34,crop_radius_minus_1.5,"atom_shuffle,coordinate_jitter",1142,20,17
colab47_crop_subsample_subsample_n20,diffsbdd,mean_qed,2.251,0.711,3.449,0.06438,0.0286,15,30,crop_radius_minus_1.5,"atom_shuffle,coordinate_jitter",1143,20,15
colab47_crop_subsample_subsample_n20,diffsbdd,mean_qed,1.491,0.969,2.274,0.04825,0.03237,13,26,crop_radius_minus_1.5,"atom_shuffle,coordinate_jitter",1144,20,13
colab47_crop_subsample_subsample_n20,diffsbdd,mean_qed,2.076,0.718,3.875,0.04539,0.02187,18,36,crop_radius_minus_1.5,"atom_shuffle,coordinate_jitter",1145,20,18
colab47_crop_subsample_subsample_n20,diffsbdd,mean_qed,2.354,0.707,3.649,0.06628,0.02815,16,32,crop_radius_minus_1.5,"atom_shuffle,coordinate_jitter",1146,20,16
colab47_crop_subsample_subsample_n20,diffsbdd,mean_qed,2.447,1.406,3.978,0.0709,0.02898,17,34,crop_radius_minus_1.5,"atom_shuffle,coordinate_jitter",1147,20,17
colab47_crop_subsample_subsample_n20,diffsbdd,mean_qed,1.987,0.794,2.646,0.05786,0.02913,17,34,crop_radius_minus_1.5,"atom_shuffle,coordinate_jitter",1148,20,17
colab47_crop_subsample_subsample_n20,diffsbdd,mean_qed,2.045,1.158,2.766,0.06213,0.03038,18,36,crop_radius_minus_1.5,"atom_shuffle,coordinate_jitter",1149,20,18
colab47_crop_subsample_subsample_n20,diffsbdd,mean_qed,2.424,0.847,3.387,0.06821,0.02815,16,32,crop_radius_minus_1.5,"atom_shuffle,coordinate_jitter",1150,20,16
colab47_crop_subsample_subsample_n20,diffsbdd,mean_qed,1.64,0.887,2.43,0.05631,0.03433,18,36,crop_radius_minus_1.5,"atom_shuffle,coordinate_jitter",1151,20,18
colab47_crop_subsample_subsample_n20,diffsbdd,mean_qed,1.589,0.879,2.661,0.05641,0.03551,15,30,crop_radius_minus_1.5,"atom_shuffle,coordinate_jitter",1152,20,15
colab47_crop_subsample_subsample_n20,diffsbdd,mean_qed,1.736,1.196,2.89,0.05285,0.03044,16,32,crop_radius_minus_1.5,"atom_shuffle,coordinate_jitter",1153,20,16
colab47_crop_subsample_subsample_n20,diffsbdd,mean_qed,1.264,0.573,3.377,0.03376,0.02672,15,30,crop_radius_minus_1.5,"atom_shuffle,coordinate_jitter",1154,20,15
colab47_crop_subsample_subsample_n20,diffsbdd,mean_qed,2.018,0.985,3.384,0.0495,0.02453,17,34,crop_radius_minus_1.5,"atom_shuffle,coordinate_jitter",1155,20,17
colab47_crop_subsample_subsample_n20,diffsbdd,mean_qed,1.729,1.037,3.303,0.04539,0.02626,16,32,crop_radius_minus_1.5,"atom_shuffle,coordinate_jitter",1156,20,16
colab47_crop_subsample_subsample_n20,diffsbdd,mean_qed,1.386,0.426,2.719,0.03639,0.02626,18,36,crop_radius_minus_1.5,"atom_shuffle,coordinate_jitter",1157,20,18
colab47_crop_subsample_subsample_n20,diffsbdd,mean_qed,1.666,0.927,2.449,0.0562,0.03374,17,34,crop_radius_minus_1.5,"atom_shuffle,coordinate_jitter",1158,20,17
colab47_crop_subsample_subsample_n20,diffsbdd,mean_qed,1.517,1.045,3.35,0.043,0.02835,15,30,crop_radius_minus_1.5,"atom_shuffle,coordinate_jitter",1159,20,15
colab47_crop_subsample_subsample_n20,diffsbdd,mean_qed,2.012,1.346,3.51,0.05641,0.02803,19,38,crop_radius_minus_1.5,"atom_shuffle,coordinate_jitter",1160,20,19
colab47_crop_subsample_subsample_n20,diffsbdd,mean_qed,2.783,0.684,4.166,0.0724,0.02601,16,32,crop_radius_minus_1.5,"atom_shuffle,coordinate_jitter",1161,20,16
colab47_crop_subsample_subsample_n20,diffsbdd,mean_qed,1.301,0.673,2.2,0.04211,0.03237,17,34,crop_radius_minus_1.5,"atom_shuffle,coordinate_jitter",1162,20,17
colab47_crop_subsample_subsample_n20,diffsbdd,mean_qed,1.943,0.915,2.595,0.06086,0.03132,16,32,crop_radius_minus_1.5,"atom_shuffle,coordinate_jitter",1163,20,16
colab47_crop_subsample_subsample_n20,diffsbdd,mean_qed,2.6,1.729,4.268,0.05786,0.02225,17,34,crop_radius_minus_1.5,"atom_shuffle,coordinate_jitter",1164,20,17
colab47_crop_subsample_subsample_n20,diffsbdd,mean_qed,1.525,0.751,2.55,0.04544,0.0298,19,38,crop_radius_minus_1.5,"atom_shuffle,coordinate_jitter",1165,20,19
colab47_crop_subsample_subsample_n20,diffsbdd,mean_qed,2.509,1.346,3.817,0.0709,0.02826,17,34,crop_radius_minus_1.5,"atom_shuffle,coordinate_jitter",1166,20,17
colab47_crop_subsample_subsample_n20,diffsbdd,mean_qed,2.301,1.386,3.682,0.06668,0.02898,18,36,crop_radius_minus_1.5,"atom_shuffle,coordinate_jitter",1167,20,18
colab47_crop_subsample_subsample_n20,diffsbdd,mean_qed,2.005,1.189,2.648,0.0562,0.02803,13,26,crop_radius_minus_1.5,"atom_shuffle,coordinate_jitter",1168,20,13
colab47_crop_subsample_subsample_n20,diffsbdd,mean_qed,1.566,0.585,3.066,0.04563,0.02914,16,32,crop_radius_minus_1.5,"atom_shuffle,coordinate_jitter",1169,20,16
colab47_crop_subsample_subsample_n20,diffsbdd,mean_qed,1.763,0.961,2.371,0.05641,0.032,15,30,crop_radius_minus_1.5,"atom_shuffle,coordinate_jitter",1170,20,15
colab47_crop_subsample_subsample_n20,diffsbdd,mean_qed,1.808,0.789,3.243,0.05751,0.0318,16,32,crop_radius_minus_1.5,"atom_shuffle,coordinate_jitter",1171,20,16
colab47_crop_subsample_subsample_n20,diffsbdd,mean_qed,1.901,0.594,2.396,0.06203,0.03263,18,36,crop_radius_minus_1.5,"atom_shuffle,coordinate_jitter",1172,20,18
colab47_crop_subsample_subsample_n20,diffsbdd,mean_qed,2.232,1.079,3.451,0.05703,0.02555,14,28,crop_radius_minus_1.5,"atom_shuffle,coordinate_jitter",1173,20,14
colab47_crop_subsample_subsample_n20,diffsbdd,mean_qed,1.427,0.804,2.078,0.04685,0.03282,16,32,crop_radius_minus_1.5,"atom_shuffle,coordinate_jitter",1174,20,16
colab47_crop_subsample_subsample_n20,diffsbdd,mean_qed,2.071,1.137,3.218,0.06438,0.03108,17,34,crop_radius_minus_1.5,"atom_shuffle,coordinate_jitter",1175,20,17
colab47_crop_subsample_subsample_n20,diffsbdd,mean_qed,2.475,0.491,4.179,0.06611,0.02672,14,28,crop_radius_minus_1.5,"atom_shuffle,coordinate_jitter",1176,20,14
colab47_crop_subsample_subsample_n20,diffsbdd,mean_qed,3.197,1.494,5.483,0.07193,0.0225,15,30,crop_radius_minus_1.5,"atom_shuffle,coordinate_jitter",1177,20,15
colab47_crop_subsample_subsample_n20,diffsbdd,mean_qed,2.137,1.257,3.314,0.06552,0.03066,17,34,crop_radius_minus_1.5,"atom_shuffle,coordinate_jitter",1178,20,17
colab47_crop_subsample_subsample_n20,diffsbdd,mean_qed,1.186,0.734,1.829,0.04378,0.0369,18,36,crop_radius_minus_1.5,"atom_shuffle,coordinate_jitter",1179,20,18
colab47_crop_subsample_subsample_n20,diffsbdd,mean_qed,1.523,0.447,3.24,0.04544,0.02985,17,34,crop_radius_minus_1.5,"atom_shuffle,coordinate_jitter",1180,20,17
colab47_crop_subsample_subsample_n20,diffsbdd,mean_qed,2.021,0.379,2.935,0.05786,0.02863,19,38,crop_radius_minus_1.5,"atom_shuffle,coordinate_jitter",1181,20,19
colab47_crop_subsample_subsample_n20,diffsbdd,mean_qed,2.42,1.239,3.824,0.0741,0.03062,18,36,crop_radius_minus_1.5,"atom_shuffle,coordinate_jitter",1182,20,18
colab47_crop_subsample_subsample_n20,diffsbdd,mean_qed,1.943,1.376,3.199,0.05786,0.02978,17,34,crop_radius_minus_1.5,"atom_shuffle,coordinate_jitter",1183,20,17
colab47_crop_subsample_subsample_n20,diffsbdd,mean_qed,1.436,0.82,2.453,0.04102,0.02857,18,36,crop_radius_minus_1.5,"atom_shuffle,coordinate_jitter",1184,20,18
colab47_crop_subsample_subsample_n20,diffsbdd,mean_qed,1.497,0.933,2.535,0.04825,0.03224,17,34,crop_radius_minus_1.5,"atom_shuffle,coordinate_jitter",1185,20,17
colab47_crop_subsample_subsample_n20,diffsbdd,mean_qed,1.694,0.729,3.145,0.05165,0.03049,16,32,crop_radius_minus_1.5,"atom_shuffle,coordinate_jitter",1186,20,16
colab47_crop_subsample_subsample_n20,diffsbdd,mean_qed,1.591,1.033,2.502,0.04825,0.03033,15,30,crop_radius_minus_1.5,"atom_shuffle,coordinate_jitter",1187,20,15
colab47_crop_subsample_subsample_n20,diffsbdd,mean_qed,1.779,0.454,2.785,0.043,0.02417,17,34,crop_radius_minus_1.5,"atom_shuffle,coordinate_jitter",1188,20,17
colab47_crop_subsample_subsample_n20,diffsbdd,mean_qed,2.081,1.444,3.15,0.06203,0.0298,18,36,crop_radius_minus_1.5,"atom_shuffle,coordinate_jitter",1189,20,18
colab47_crop_subsample_subsample_n20,diffsbdd,mean_qed,1.939,1.186,3.375,0.05631,0.02904,16,32,crop_radius_minus_1.5,"atom_shuffle,coordinate_jitter",1190,20,16
colab47_crop_subsample_subsample_n20,diffsbdd,mean_qed,1.697,1.142,3.39,0.04544,0.02678,17,34,crop_radius_minus_1.5,"atom_shuffle,coordinate_jitter",1191,20,17
colab47_crop_subsample_subsample_n20,diffsbdd,mean_qed,1.942,0.814,2.608,0.05794,0.02983,14,28,crop_radius_minus_1.5,"atom_shuffle,coordinate_jitter",1192,20,14
colab47_crop_subsample_subsample_n20,diffsbdd,mean_qed,2.423,1.338,3.248,0.06937,0.02863,16,32,crop_radius_minus_1.5,"atom_shuffle,coordinate_jitter",1193,20,16
colab47_crop_subsample_subsample_n20,diffsbdd,mean_qed,2.289,1.355,2.9,0.06821,0.0298,14,28,crop_radius_minus_1.5,"atom_shuffle,coordinate_jitter",1194,20,14
colab47_crop_subsample_subsample_n20,diffsbdd,mean_qed,1.902,0.767,3.069,0.05641,0.02967,15,30,crop_radius_minus_1.5,"atom_shuffle,coordinate_jitter",1195,20,15
colab47_crop_subsample_subsample_n20,diffsbdd,mean_qed,1.62,0.723,2.968,0.05082,0.03138,16,32,crop_radius_minus_1.5,"atom_shuffle,coordinate_jitter",1196,20,16
colab47_crop_subsample_subsample_n20,diffsbdd,mean_qed,1.453,0.777,2.31,0.04685,0.03224,18,36,crop_radius_minus_1.5,"atom_shuffle,coordinate_jitter",1197,20,18
colab47_crop_subsample_subsample_n20,diffsbdd,mean_qed,1.961,1.193,2.909,0.05714,0.02913,18,36,crop_radius_minus_1.5,"atom_shuffle,coordinate_jitter",1198,20,18
colab47_crop_subsample_subsample_n20,diffsbdd,mean_qed,1.606,0.802,2.799,0.04539,0.02826,14,28,crop_radius_minus_1.5,"atom_shuffle,coordinate_jitter",1199,20,14
colab47_crop_subsample_subsample_n20,diffsbdd,mean_qed,1.813,0.955,3.476,0.06438,0.03551,15,30,crop_radius_minus_1.5,"atom_shuffle,coordinate_jitter",1200,20,15
colab47_crop_subsample_subsample_n20,diffsbdd,mean_qed,2.338,1.052,2.861,0.0709,0.03033,17,34,crop_radius_minus_1.5,"atom_shuffle,coordinate_jitter",1201,20,17
colab47_crop_subsample_subsample_n20,diffsbdd,mean_qed,2.242,1.311,3.475,0.06438,0.02872,17,34,crop_radius_minus_1.5,"atom_shuffle,coordinate_jitter",1202,20,17
colab47_crop_subsample_subsample_n20,diffsbdd,mean_qed,2.225,0.476,3.56,0.0495,0.02225,17,34,crop_radius_minus_1.5,"atom_shuffle,coordinate_jitter",1203,20,17
colab47_crop_subsample_subsample_n20,diffsbdd,mean_qed,3.042,1.374,4.402,0.07189,0.02363,16,32,crop_radius_minus_1.5,"atom_shuffle,coordinate_jitter",1204,20,16
colab47_crop_subsample_subsample_n20,diffsbdd,mean_qed,1.984,0.319,2.826,0.05967,0.03007,15,30,crop_radius_minus_1.5,"atom_shuffle,coordinate_jitter",1205,20,15
colab47_crop_subsample_subsample_n20,diffsbdd,mean_qed,1.893,1.143,2.375,0.0626,0.03306,14,28,crop_radius_minus_1.5,"atom_shuffle,coordinate_jitter",1206,20,14
colab47_crop_subsample_subsample_n20,diffsbdd,mean_qed,1.709,0.655,2.531,0.05093,0.0298,18,36,crop_radius_minus_1.5,"atom_shuffle,coordinate_jitter",1207,20,18
colab47_crop_subsample_subsample_n20,diffsbdd,mean_qed,1.902,1.336,3.276,0.05641,0.02967,19,38,crop_radius_minus_1.5,"atom_shuffle,coordinate_jitter",1208,20,19
colab47_crop_subsample_subsample_n20,diffsbdd,mean_qed,2.274,1.582,3.485,0.06784,0.02983,17,34,crop_radius_minus_1.5,"atom_shuffle,coordinate_jitter",1209,20,17
colab47_crop_subsample_subsample_n20,diffsbdd,mean_qed,2.05,1.07,3.526,0.05877,0.02866,16,32,crop_radius_minus_1.5,"atom_shuffle,coordinate_jitter",1210,20,16
colab47_crop_subsample_subsample_n20,diffsbdd,mean_qed,1.725,0.728,2.844,0.05233,0.03033,18,36,crop_radius_minus_1.5,"atom_shuffle,coordinate_jitter",1211,20,18
colab47_crop_subsample_subsample_n20,diffsbdd,mean_qed,2.271,1.114,3.08,0.07266,0.032,16,32,crop_radius_minus_1.5,"atom_shuffle,coordinate_jitter",1212,20,16
colab47_crop_subsample_subsample_n20,diffsbdd,mean_qed,1.967,1.286,2.401,0.05967,0.03033,17,34,crop_radius_minus_1.5,"atom_shuffle,coordinate_jitter",1213,20,17
colab47_crop_subsample_subsample_n20,diffsbdd,mean_qed,1.111,0.682,2.422,0.04378,0.03941,16,32,crop_radius_minus_1.5,"atom_shuffle,coordinate_jitter",1214,20,16
colab47_crop_subsample_subsample_n20,diffsbdd,mean_qed,2.34,1.375,3.654,0.07286,0.03114,15,30,crop_radius_minus_1.5,"atom_shuffle,coordinate_jitter",1215,20,15
colab47_crop_subsample_subsample_n20,diffsbdd,mean_qed,2.149,1.151,2.76,0.0626,0.02913,16,32,crop_radius_minus_1.5,"atom_shuffle,coordinate_jitter",1216,20,16
colab47_crop_subsample_subsample_n20,diffsbdd,mean_qed,2.28,1.108,3.44,0.06821,0.02992,16,32,crop_radius_minus_1.5,"atom_shuffle,coordinate_jitter",1217,20,16
colab47_crop_subsample_subsample_n20,diffsbdd,mean_qed,1.866,1.024,2.864,0.05714,0.03062,16,32,crop_radius_minus_1.5,"atom_shuffle,coordinate_jitter",1218,20,16
colab47_crop_subsample_subsample_n20,diffsbdd,mean_qed,2.199,1.272,2.638,0.06552,0.02979,17,34,crop_radius_minus_1.5,"atom_shuffle,coordinate_jitter",1219,20,17
colab47_crop_subsample_subsample_n20,diffsbdd,mean_qed,2.059,1.209,3.081,0.05967,0.02898,17,34,crop_radius_minus_1.5,"atom_shuffle,coordinate_jitter",1220,20,17
colab47_crop_subsample_subsample_n20,diffsbdd,mean_qed,2.536,1.62,3.714,0.06668,0.02629,12,24,crop_radius_minus_1.5,"atom_shuffle,coordinate_jitter",1221,20,12
colab47_crop_subsample_subsample_n20,diffsbdd,mean_qed,2.2,1.275,3.866,0.06438,0.02926,17,34,crop_radius_minus_1.5,"atom_shuffle,coordinate_jitter",1222,20,17
colab47_crop_subsample_subsample_n20,diffsbdd,mean_qed,2.694,1.184,4.395,0.05786,0.02148,17,34,crop_radius_minus_1.5,"atom_shuffle,coordinate_jitter",1223,20,17
colab47_crop_subsample_subsample_n20,diffsbdd,mean_qed,1.479,1.055,2.329,0.04256,0.02878,18,36,crop_radius_minus_1.5,"atom_shuffle,coordinate_jitter",1224,20,18
colab47_crop_subsample_subsample_n20,diffsbdd,mean_qed,2.298,0.721,3.309,0.06668,0.02901,16,32,crop_radius_minus_1.5,"atom_shuffle,coordinate_jitter",1225,20,16
colab47_crop_subsample_subsample_n20,diffsbdd,mean_qed,1.189,0.598,2.313,0.03902,0.03282,16,32,crop_radius_minus_1.5,"atom_shuffle,coordinate_jitter",1226,20,16
colab47_crop_subsample_subsample_n20,diffsbdd,mean_qed,1.95,1.231,4.038,0.05786,0.02967,15,30,crop_radius_minus_1.5,"atom_shuffle,coordinate_jitter",1227,20,15
colab47_crop_subsample_subsample_n20,diffsbdd,mean_qed,1.663,0.934,2.68,0.04825,0.02901,17,34,crop_radius_minus_1.5,"atom_shuffle,coordinate_jitter",1228,20,17
colab47_crop_subsample_subsample_n20,diffsbdd,mean_qed,1.566,0.772,2.68,0.04539,0.02898,18,36,crop_radius_minus_1.5,"atom_shuffle,coordinate_jitter",1229,20,18
colab47_crop_subsample_subsample_n20,diffsbdd,mean_qed,1.929,0.643,2.871,0.05082,0.02635,16,32,crop_radius_minus_1.5,"atom_shuffle,coordinate_jitter",1230,20,16
colab47_crop_subsample_subsample_n20,diffsbdd,mean_qed,1.691,0.826,2.889,0.05043,0.02983,14,28,crop_radius_minus_1.5,"atom_shuffle,coordinate_jitter",1231,20,14
colab47_crop_subsample_subsample_n20,diffsbdd,mean_qed,1.971,1.021,2.655,0.05714,0.02898,18,36,crop_radius_minus_1.5,"atom_shuffle,coordinate_jitter",1232,20,18
colab47_crop_subsample_subsample_n20,diffsbdd,mean_qed,1.627,0.852,2.954,0.0496,0.03049,16,32,crop_radius_minus_1.5,"atom_shuffle,coordinate_jitter",1233,20,16
colab47_crop_subsample_subsample_n20,diffsbdd,mean_qed,1.402,0.937,2.422,0.04378,0.03123,16,32,crop_radius_minus_1.5,"atom_shuffle,coordinate_jitter",1234,20,16
colab47_crop_subsample_subsample_n20,diffsbdd,mean_qed,1.704,1.104,3.254,0.0495,0.02904,17,34,crop_radius_minus_1.5,"atom_shuffle,coordinate_jitter",1235,20,17
colab47_crop_subsample_subsample_n20,diffsbdd,mean_qed,1.225,0.397,2.577,0.04102,0.03348,14,28,crop_radius_minus_1.5,"atom_shuffle,coordinate_jitter",1236,20,14
colab47_crop_subsample_subsample_n20,diffsbdd,mean_qed,2.051,1.189,2.894,0.06552,0.03194,19,38,crop_radius_minus_1.5,"atom_shuffle,coordinate_jitter",1237,20,19
colab47_crop_subsample_subsample_n20,diffsbdd,mean_qed,1.558,0.809,2.702,0.04336,0.02783,18,36,crop_radius_minus_1.5,"atom_shuffle,coordinate_jitter",1238,20,18
colab47_crop_subsample_subsample_n20,diffsbdd,mean_qed,2.267,1.182,3.693,0.05794,0.02555,16,32,crop_radius_minus_1.5,"atom_shuffle,coordinate_jitter",1239,20,16
colab47_crop_subsample_subsample_n20,diffsbdd,mean_qed,2.619,2.021,4.132,0.07288,0.02783,19,38,crop_radius_minus_1.5,"atom_shuffle,coordinate_jitter",1240,20,19
colab47_crop_subsample_subsample_n20,diffsbdd,mean_qed,1.737,0.865,2.625,0.05548,0.03194,16,32,crop_radius_minus_1.5,"atom_shuffle,coordinate_jitter",1241,20,16
colab47_crop_subsample_subsample_n20,diffsbdd,mean_qed,2.049,1.172,3.271,0.05703,0.02783,18,36,crop_radius_minus_1.5,"atom_shuffle,coordinate_jitter",1242,20,18
colab47_crop_subsample_subsample_n20,diffsbdd,mean_qed,1.325,0.595,2.669,0.04378,0.03304,16,32,crop_radius_minus_1.5,"atom_shuffle,coordinate_jitter",1243,20,16
colab47_crop_subsample_subsample_n20,diffsbdd,mean_qed,1.853,1.249,2.555,0.0562,0.03033,19,38,crop_radius_minus_1.5,"atom_shuffle,coordinate_jitter",1244,20,19
colab47_crop_subsample_subsample_n20,diffsbdd,mean_qed,1.676,1.159,2.501,0.04825,0.0288,17,34,crop_radius_minus_1.5,"atom_shuffle,coordinate_jitter",1245,20,17
colab47_crop_subsample_subsample_n20,diffsbdd,mean_qed,1.917,0.814,2.836,0.05714,0.0298,18,36,crop_radius_minus_1.5,"atom_shuffle,coordinate_jitter",1246,20,18
colab47_crop_subsample_subsample_n20,diffsbdd,mean_qed,2.053,0.994,3.118,0.06611,0.0322,14,28,crop_radius_minus_1.5,"atom_shuffle,coordinate_jitter",1247,20,14
colab47_crop_subsample_subsample_n20,diffsbdd,mean_qed,2.281,1.241,2.857,0.0709,0.03108,17,34,crop_radius_minus_1.5,"atom_shuffle,coordinate_jitter",1248,20,17
colab47_crop_subsample_subsample_n20,diffsbdd,mean_qed,2.049,0.954,2.811,0.05967,0.02913,17,34,crop_radius_minus_1.5,"atom_shuffle,coordinate_jitter",1249,20,17
colab47_crop_subsample_subsample_n20,diffsbdd,mean_qed,2.311,1.186,3.381,0.06552,0.02835,17,34,crop_radius_minus_1.5,"atom_shuffle,coordinate_jitter",1250,20,17
colab47_crop_subsample_subsample_n20,diffsbdd,mean_qed,2.3,1.676,2.721,0.07314,0.0318,16,32,crop_radius_minus_1.5,"atom_shuffle,coordinate_jitter",1251,20,16
colab47_crop_subsample_subsample_n20,diffsbdd,mean_qed,2.208,1.276,3.239,0.06552,0.02967,15,30,crop_radius_minus_1.5,"atom_shuffle,coordinate_jitter",1252,20,15
colab47_crop_subsample_subsample_n20,diffsbdd,mean_qed,1.893,1.055,2.574,0.05967,0.03152,19,38,crop_radius_minus_1.5,"atom_shuffle,coordinate_jitter",1253,20,19
colab47_crop_subsample_subsample_n20,diffsbdd,mean_qed,2.196,1.464,3.615,0.05786,0.02635,17,34,crop_radius_minus_1.5,"atom_shuffle,coordinate_jitter",1254,20,17
colab47_crop_subsample_subsample_n20,diffsbdd,mean_qed,1.85,1.173,3.765,0.0495,0.02676,17,34,crop_radius_minus_1.5,"atom_shuffle,coordinate_jitter",1255,20,17
colab47_crop_subsample_subsample_n20,diffsbdd,mean_qed,1.572,1.016,2.616,0.04685,0.0298,18,36,crop_radius_minus_1.5,"atom_shuffle,coordinate_jitter",1256,20,18
colab47_crop_subsample_subsample_n20,diffsbdd,mean_qed,1.966,0.494,3.94,0.03902,0.01985,15,30,crop_radius_minus_1.5,"atom_shuffle,coordinate_jitter",1257,20,15
colab47_crop_subsample_subsample_n20,diffsbdd,mean_qed,2.005,1.047,2.785,0.0562,0.02803,13,26,crop_radius_minus_1.5,"atom_shuffle,coordinate_jitter",1258,20,13
colab47_crop_subsample_subsample_n20,diffsbdd,mean_qed,2.017,1.439,2.947,0.05877,0.02913,18,36,crop_radius_minus_1.5,"atom_shuffle,coordinate_jitter",1259,20,18
colab47_crop_subsample_subsample_n20,diffsbdd,mean_qed,1.833,0.685,2.712,0.0562,0.03066,17,34,crop_radius_minus_1.5,"atom_shuffle,coordinate_jitter",1260,20,17
colab47_crop_subsample_subsample_n20,diffsbdd,mean_qed,1.547,1.105,2.973,0.0495,0.032,19,38,crop_radius_minus_1.5,"atom_shuffle,coordinate_jitter",1261,20,19
colab47_crop_subsample_subsample_n20,diffsbdd,mean_qed,2.026,0.972,3.194,0.0562,0.02774,17,34,crop_radius_minus_1.5,"atom_shuffle,coordinate_jitter",1262,20,17
colab47_crop_subsample_subsample_n20,diffsbdd,mean_qed,1.832,0.293,2.936,0.05082,0.02774,16,32,crop_radius_minus_1.5,"atom_shuffle,coordinate_jitter",1263,20,16
colab47_crop_subsample_subsample_n20,diffsbdd,mean_qed,1.949,1.361,2.973,0.05804,0.02978,16,32,crop_radius_minus_1.5,"atom_shuffle,coordinate_jitter",1264,20,16
colab47_crop_subsample_subsample_n20,diffsbdd,mean_qed,2.015,1.282,2.93,0.0649,0.03221,18,36,crop_radius_minus_1.5,"atom_shuffle,coordinate_jitter",1265,20,18
colab47_crop_subsample_subsample_n20,diffsbdd,mean_qed,2.368,1.047,4.052,0.07193,0.03038,15,30,crop_radius_minus_1.5,"atom_shuffle,coordinate_jitter",1266,20,15
colab47_crop_subsample_subsample_n20,diffsbdd,mean_qed,1.354,0.568,2.133,0.04477,0.03306,16,32,crop_radius_minus_1.5,"atom_shuffle,coordinate_jitter",1267,20,16
colab47_crop_subsample_subsample_n20,diffsbdd,mean_qed,2.87,1.469,4.184,0.06611,0.02304,16,32,crop_radius_minus_1.5,"atom_shuffle,coordinate_jitter",1268,20,16
colab47_crop_subsample_subsample_n20,diffsbdd,mean_qed,1.53,0.739,2.904,0.04214,0.02755,16,32,crop_radius_minus_1.5,"atom_shuffle,coordinate_jitter",1269,20,16
colab47_crop_subsample_subsample_n20,diffsbdd,mean_qed,1.475,0.577,2.687,0.043,0.02915,15,30,crop_radius_minus_1.5,"atom_shuffle,coordinate_jitter",1270,20,15
colab47_crop_subsample_subsample_n20,diffsbdd,mean_qed,1.42,0.763,2.981,0.04544,0.032,15,30,crop_radius_minus_1.5,"atom_shuffle,coordinate_jitter",1271,20,15
colab47_crop_subsample_subsample_n20,diffsbdd,mean_qed,1.95,1.082,2.596,0.05786,0.02967,17,34,crop_radius_minus_1.5,"atom_shuffle,coordinate_jitter",1272,20,17
colab47_crop_subsample_subsample_n20,diffsbdd,mean_qed,2.456,1.496,4.159,0.07286,0.02967,17,34,crop_radius_minus_1.5,"atom_shuffle,coordinate_jitter",1273,20,17
colab47_crop_subsample_subsample_n20,diffsbdd,mean_qed,1.745,0.962,2.433,0.05631,0.03227,14,28,crop_radius_minus_1.5,"atom_shuffle,coordinate_jitter",1274,20,14
colab47_crop_subsample_subsample_n20,diffsbdd,mean_qed,1.857,1.176,2.446,0.05641,0.03038,19,38,crop_radius_minus_1.5,"atom_shuffle,coordinate_jitter",1275,20,19
colab47_crop_subsample_subsample_n20,diffsbdd,mean_qed,2.434,1.442,3.397,0.0709,0.02913,17,34,crop_radius_minus_1.5,"atom_shuffle,coordinate_jitter",1276,20,17
colab47_crop_subsample_subsample_n20,diffsbdd,mean_qed,1.754,1.145,2.453,0.05786,0.03298,17,34,crop_radius_minus_1.5,"atom_shuffle,coordinate_jitter",1277,20,17
colab47_crop_subsample_subsample_n20,diffsbdd,mean_qed,1.817,0.348,2.787,0.05082,0.02797,18,36,crop_radius_minus_1.5,"atom_shuffle,coordinate_jitter",1278,20,18
colab47_crop_subsample_subsample_n20,diffsbdd,mean_qed,2.096,1.142,2.597,0.06784,0.03237,17,34,crop_radius_minus_1.5,"atom_shuffle,coordinate_jitter",1279,20,17
colab47_crop_subsample_subsample_n20,diffsbdd,mean_qed,2.201,1.476,3.042,0.06112,0.02777,18,36,crop_radius_minus_1.5,"atom_shuffle,coordinate_jitter",1280,20,18
colab47_crop_subsample_subsample_n20,diffsbdd,mean_qed,2.152,1.348,2.674,0.07287,0.03387,18,36,crop_radius_minus_1.5,"atom_shuffle,coordinate_jitter",1281,20,18
colab47_crop_subsample_subsample_n20,diffsbdd,mean_qed,1.917,0.613,2.6,0.06097,0.0318,16,32,crop_radius_minus_1.5,"atom_shuffle,coordinate_jitter",1282,20,16
colab47_crop_subsample_subsample_n20,diffsbdd,mean_qed,1.692,0.353,2.589,0.0495,0.02926,17,34,crop_radius_minus_1.5,"atom_shuffle,coordinate_jitter",1283,20,17
colab47_crop_subsample_subsample_n20,diffsbdd,mean_qed,1.967,1.283,2.605,0.05967,0.03033,17,34,crop_radius_minus_1.5,"atom_shuffle,coordinate_jitter",1284,20,17
colab47_crop_subsample_subsample_n20,diffsbdd,mean_qed,2.379,0.944,3.356,0.06784,0.02851,15,30,crop_radius_minus_1.5,"atom_shuffle,coordinate_jitter",1285,20,15
colab47_crop_subsample_subsample_n20,diffsbdd,mean_qed,1.869,1.014,2.38,0.06417,0.03433,14,28,crop_radius_minus_1.5,"atom_shuffle,coordinate_jitter",1286,20,14
colab47_crop_subsample_subsample_n20,diffsbdd,mean_qed,2.497,1.385,3.412,0.06821,0.02731,16,32,crop_radius_minus_1.5,"atom_shuffle,coordinate_jitter",1287,20,16
colab47_crop_subsample_subsample_n20,diffsbdd,mean_qed,2.338,1.161,2.848,0.06937,0.02967,16,32,crop_radius_minus_1.5,"atom_shuffle,coordinate_jitter",1288,20,16
colab47_crop_subsample_subsample_n20,diffsbdd,mean_qed,2.2,1.033,2.964,0.0709,0.03224,19,38,crop_radius_minus_1.5,"atom_shuffle,coordinate_jitter",1289,20,19
colab47_crop_subsample_subsample_n20,diffsbdd,mean_qed,2.279,1.363,4.272,0.0734,0.03221,17,34,crop_radius_minus_1.5,"atom_shuffle,coordinate_jitter",1290,20,17
colab47_crop_subsample_subsample_n20,diffsbdd,mean_qed,1.736,0.921,2.768,0.05223,0.03009,18,36,crop_radius_minus_1.5,"atom_shuffle,coordinate_jitter",1291,20,18
colab47_crop_subsample_subsample_n20,diffsbdd,mean_qed,2.265,1.467,3.14,0.06784,0.02995,17,34,crop_radius_minus_1.5,"atom_shuffle,coordinate_jitter",1292,20,17
colab47_crop_subsample_subsample_n20,diffsbdd,mean_qed,1.993,0.625,2.979,0.05694,0.02857,16,32,crop_radius_minus_1.5,"atom_shuffle,coordinate_jitter",1293,20,16
colab47_crop_subsample_subsample_n20,diffsbdd,mean_qed,1.997,0.944,3.321,0.04825,0.02417,19,38,crop_radius_minus_1.5,"atom_shuffle,coordinate_jitter",1294,20,19
colab47_crop_subsample_subsample_n20,diffsbdd,mean_qed,1.917,0.58,2.496,0.05714,0.0298,16,32,crop_radius_minus_1.5,"atom_shuffle,coordinate_jitter",1295,20,16
colab47_crop_subsample_subsample_n20,diffsbdd,mean_qed,2.509,1.469,4.164,0.07314,0.02915,16,32,crop_radius_minus_1.5,"atom_shuffle,coordinate_jitter",1296,20,16
colab47_crop_subsample_subsample_n20,diffsbdd,mean_qed,1.623,0.876,2.485,0.05296,0.03263,18,36,crop_radius_minus_1.5,"atom_shuffle,coordinate_jitter",1297,20,18
colab47_crop_subsample_subsample_n20,diffsbdd,mean_qed,2.189,1.426,3.584,0.06495,0.02967,18,36,crop_radius_minus_1.5,"atom_shuffle,coordinate_jitter",1298,20,18
colab47_crop_subsample_subsample_n20,diffsbdd,mean_qed,1.836,1.047,2.574,0.05786,0.03152,17,34,crop_radius_minus_1.5,"atom_shuffle,coordinate_jitter",1299,20,17
colab47_crop_subsample_subsample_n20,diffsbdd,mean_qed,2.222,1.338,3.42,0.06438,0.02898,17,34,crop_radius_minus_1.5,"atom_shuffle,coordinate_jitter",1300,20,17
colab47_crop_subsample_subsample_n20,diffsbdd,mean_qed,1.46,0.37,2.869,0.04256,0.02915,18,36,crop_radius_minus_1.5,"atom_shuffle,coordinate_jitter",1301,20,18
colab47_crop_subsample_subsample_n20,diffsbdd,mean_qed,1.853,0.982,3.641,0.05786,0.03123,13,26,crop_radius_minus_1.5,"atom_shuffle,coordinate_jitter",1302,20,13
colab47_crop_subsample_subsample_n20,diffsbdd,mean_qed,1.098,0.773,1.829,0.04544,0.04139,17,34,crop_radius_minus_1.5,"atom_shuffle,coordinate_jitter",1303,20,17
colab47_crop_subsample_subsample_n20,diffsbdd,mean_qed,0.953,0.575,2.042,0.04211,0.0442,15,30,crop_radius_minus_1.5,"atom_shuffle,coordinate_jitter",1304,20,15
colab47_crop_subsample_subsample_n20,diffsbdd,mean_qed,1.453,0.811,2.241,0.04685,0.03224,16,32,crop_radius_minus_1.5,"atom_shuffle,coordinate_jitter",1305,20,16
colab47_crop_subsample_subsample_n20,diffsbdd,mean_qed,1.406,0.758,2.596,0.04364,0.03104,16,32,crop_radius_minus_1.5,"atom_shuffle,coordinate_jitter",1306,20,16
colab47_crop_subsample_subsample_n20,diffsbdd,mean_qed,3.5,2.093,4.997,0.0734,0.02097,19,38,crop_radius_minus_1.5,"atom_shuffle,coordinate_jitter",1307,20,19
colab47_crop_subsample_subsample_n20,diffsbdd,mean_qed,2.042,0.945,3.299,0.0562,0.02752,15,30,crop_radius_minus_1.5,"atom_shuffle,coordinate_jitter",1308,20,15
colab47_crop_subsample_subsample_n20,diffsbdd,mean_qed,1.661,0.851,2.683,0.0495,0.0298,17,34,crop_radius_minus_1.5,"atom_shuffle,coordinate_jitter",1309,20,17
colab47_crop_subsample_subsample_n20,diffsbdd,mean_qed,1.572,0.936,2.563,0.04685,0.0298,16,32,crop_radius_minus_1.5,"atom_shuffle,coordinate_jitter",1310,20,16
colab47_crop_subsample_subsample_n20,diffsbdd,mean_qed,2.469,1.419,3.616,0.06438,0.02607,15,30,crop_radius_minus_1.5,"atom_shuffle,coordinate_jitter",1311,20,15
colab47_crop_subsample_subsample_n20,diffsbdd,mean_qed,2.002,0.505,3.488,0.05967,0.0298,15,30,crop_radius_minus_1.5,"atom_shuffle,coordinate_jitter",1312,20,15
colab47_crop_subsample_subsample_n20,diffsbdd,mean_qed,1.675,1.053,2.86,0.04874,0.0291,14,28,crop_radius_minus_1.5,"atom_shuffle,coordinate_jitter",1313,20,14
colab47_crop_subsample_subsample_n20,diffsbdd,mean_qed,2.236,1.318,3.498,0.05285,0.02363,16,32,crop_radius_minus_1.5,"atom_shuffle,coordinate_jitter",1314,20,16
colab47_crop_subsample_subsample_n20,diffsbdd,mean_qed,2.4,1.666,4.047,0.07288,0.03037,15,30,crop_radius_minus_1.5,"atom_shuffle,coordinate_jitter",1315,20,15
colab47_crop_subsample_subsample_n20,diffsbdd,mean_qed,1.401,0.614,2.041,0.04256,0.03037,16,32,crop_radius_minus_1.5,"atom_shuffle,coordinate_jitter",1316,20,16
colab47_crop_subsample_subsample_n20,diffsbdd,mean_qed,1.515,0.658,2.524,0.04211,0.0278,15,30,crop_radius_minus_1.5,"atom_shuffle,coordinate_jitter",1317,20,15
colab47_crop_subsample_subsample_n20,diffsbdd,mean_qed,1.428,0.89,2.804,0.04256,0.0298,16,32,crop_radius_minus_1.5,"atom_shuffle,coordinate_jitter",1318,20,16
colab47_crop_subsample_subsample_n20,diffsbdd,mean_qed,1.646,0.984,2.427,0.05165,0.03138,16,32,crop_radius_minus_1.5,"atom_shuffle,coordinate_jitter",1319,20,16
colab47_crop_subsample_subsample_n20,diffsbdd,mean_qed,1.802,0.73,2.754,0.05165,0.02867,18,36,crop_radius_minus_1.5,"atom_shuffle,coordinate_jitter",1320,20,18
colab47_crop_subsample_subsample_n20,diffsbdd,mean_qed,2.168,1.146,2.845,0.06989,0.03224,16,32,crop_radius_minus_1.5,"atom_shuffle,coordinate_jitter",1321,20,16
colab47_crop_subsample_subsample_n20,diffsbdd,mean_qed,1.853,0.82,2.419,0.05804,0.03132,14,28,crop_radius_minus_1.5,"atom_shuffle,coordinate_jitter",1322,20,14
colab47_crop_subsample_subsample_n20,diffsbdd,mean_qed,1.858,1.033,2.866,0.05804,0.03123,18,36,crop_radius_minus_1.5,"atom_shuffle,coordinate_jitter",1323,20,18
colab47_crop_subsample_subsample_n20,diffsbdd,mean_qed,1.516,0.767,2.329,0.04888,0.03224,14,28,crop_radius_minus_1.5,"atom_shuffle,coordinate_jitter",1324,20,14
colab47_crop_subsample_subsample_n20,diffsbdd,mean_qed,1.5,0.509,2.369,0.03902,0.02601,14,28,crop_radius_minus_1.5,"atom_shuffle,coordinate_jitter",1325,20,14
colab47_crop_subsample_subsample_n20,diffsbdd,mean_qed,1.581,0.94,2.262,0.05631,0.03562,16,32,crop_radius_minus_1.5,"atom_shuffle,coordinate_jitter",1326,20,16
colab47_crop_subsample_subsample_n20,diffsbdd,mean_qed,2.06,0.972,3.477,0.06552,0.0318,15,30,crop_radius_minus_1.5,"atom_shuffle,coordinate_jitter",1327,20,15
colab47_crop_subsample_subsample_n20,diffsbdd,mean_qed,1.566,0.684,2.829,0.04544,0.02901,15,30,crop_radius_minus_1.5,"atom_shuffle,coordinate_jitter",1328,20,15
colab47_crop_subsample_subsample_n20,diffsbdd,mean_qed,1.867,0.948,2.633,0.05714,0.03061,18,36,crop_radius_minus_1.5,"atom_shuffle,coordinate_jitter",1329,20,18
colab47_crop_subsample_subsample_n20,diffsbdd,mean_qed,1.934,0.868,3.039,0.05631,0.02911,16,32,crop_radius_minus_1.5,"atom_shuffle,coordinate_jitter",1330,20,16
colab47_crop_subsample_subsample_n20,diffsbdd,mean_qed,1.989,0.806,3.457,0.05082,0.02555,18,36,crop_radius_minus_1.5,"atom_shuffle,coordinate_jitter",1331,20,18
colab47_crop_subsample_subsample_n20,diffsbdd,mean_qed,2.596,1.642,3.996,0.0709,0.02731,17,34,crop_radius_minus_1.5,"atom_shuffle,coordinate_jitter",1332,20,17
colab47_crop_subsample_subsample_n20,diffsbdd,mean_qed,2.34,1.331,3.573,0.06611,0.02826,16,32,crop_radius_minus_1.5,"atom_shuffle,coordinate_jitter",1333,20,16
colab47_crop_subsample_subsample_n20,diffsbdd,mean_qed,1.623,0.718,2.647,0.05233,0.03224,16,32,crop_radius_minus_1.5,"atom_shuffle,coordinate_jitter",1334,20,16
colab47_crop_subsample_subsample_n20,diffsbdd,mean_qed,1.418,0.612,3.187,0.043,0.03033,17,34,crop_radius_minus_1.5,"atom_shuffle,coordinate_jitter",1335,20,17
colab47_crop_subsample_subsample_n20,diffsbdd,mean_qed,1.942,1.033,3.325,0.05703,0.02937,18,36,crop_radius_minus_1.5,"atom_shuffle,coordinate_jitter",1336,20,18
colab47_crop_subsample_subsample_n20,diffsbdd,mean_qed,2.127,1.176,3.111,0.06029,0.02835,18,36,crop_radius_minus_1.5,"atom_shuffle,coordinate_jitter",1337,20,18
colab47_crop_subsample_subsample_n20,diffsbdd,mean_qed,1.814,1.132,2.469,0.05285,0.02913,18,36,crop_radius_minus_1.5,"atom_shuffle,coordinate_jitter",1338,20,18
colab47_crop_subsample_subsample_n20,diffsbdd,mean_qed,2.425,1.35,3.475,0.06784,0.02797,13,26,crop_radius_minus_1.5,"atom_shuffle,coordinate_jitter",1339,20,13
colab47_crop_subsample_subsample_n20,diffsbdd,mean_qed,2.234,1.622,3.275,0.06784,0.03037,17,34,crop_radius_minus_1.5,"atom_shuffle,coordinate_jitter",1340,20,17
colab47_crop_subsample_subsample_n20,diffsbdd,mean_qed,2.017,1.061,2.916,0.06376,0.03161,16,32,crop_radius_minus_1.5,"atom_shuffle,coordinate_jitter",1341,20,16
colab47_crop_subsample_subsample_n20,diffsbdd,mean_qed,2.246,1.164,2.748,0.06821,0.03037,16,32,crop_radius_minus_1.5,"atom_shuffle,coordinate_jitter",1342,20,16
colab47_crop_subsample_subsample_n20,diffsbdd,mean_qed,2.385,1.282,3.288,0.07313,0.03066,16,32,crop_radius_minus_1.5,"atom_shuffle,coordinate_jitter",1343,20,16
colab47_crop_subsample_subsample_n20,diffsbdd,mean_qed,1.87,1.301,3.063,0.05285,0.02826,18,36,crop_radius_minus_1.5,"atom_shuffle,coordinate_jitter",1344,20,18
colab47_crop_subsample_subsample_n20,diffsbdd,mean_qed,2.209,1.122,3.182,0.06438,0.02915,17,34,crop_radius_minus_1.5,"atom_shuffle,coordinate_jitter",1345,20,17
colab47_crop_subsample_subsample_n20,diffsbdd,mean_qed,2.111,1.336,3.564,0.06438,0.03049,17,34,crop_radius_minus_1.5,"atom_shuffle,coordinate_jitter",1346,20,17
colab47_crop_subsample_subsample_n20,diffsbdd,mean_qed,1.884,0.929,2.699,0.05714,0.03033,18,36,crop_radius_minus_1.5,"atom_shuffle,coordinate_jitter",1347,20,18
colab47_crop_subsample_subsample_n20,diffsbdd,mean_qed,1.7,0.708,2.466,0.05548,0.03263,18,36,crop_radius_minus_1.5,"atom_shuffle,coordinate_jitter",1348,20,18
colab47_crop_subsample_subsample_n20,diffsbdd,mean_qed,2.413,1.5,3.485,0.0562,0.02329,17,34,crop_radius_minus_1.5,"atom_shuffle,coordinate_jitter",1349,20,17
colab47_crop_subsample_subsample_n20,diffsbdd,mean_qed,1.625,0.891,3.056,0.04544,0.02797,15,30,crop_radius_minus_1.5,"atom_shuffle,coordinate_jitter",1350,20,15
colab47_crop_subsample_subsample_n20,diffsbdd,mean_qed,1.318,0.459,2.622,0.04128,0.03132,15,30,crop_radius_minus_1.5,"atom_shuffle,coordinate_jitter",1351,20,15
colab47_crop_subsample_subsample_n20,diffsbdd,mean_qed,2.48,1.792,3.527,0.06937,0.02797,18,36,crop_radius_minus_1.5,"atom_shuffle,coordinate_jitter",1352,20,18
colab47_crop_subsample_subsample_n20,diffsbdd,mean_qed,2.71,1.008,3.823,0.06029,0.02225,20,40,crop_radius_minus_1.5,"atom_shuffle,coordinate_jitter",1353,20,20
colab47_crop_subsample_subsample_n20,diffsbdd,mean_qed,1.364,0.717,3.111,0.0417,0.03057,16,32,crop_radius_minus_1.5,"atom_shuffle,coordinate_jitter",1354,20,16
colab47_crop_subsample_subsample_n20,diffsbdd,mean_qed,1.475,0.701,2.6,0.043,0.02915,17,34,crop_radius_minus_1.5,"atom_shuffle,coordinate_jitter",1355,20,17
colab47_crop_subsample_subsample_n20,diffsbdd,mean_qed,1.162,0.287,2.109,0.03639,0.03132,16,32,crop_radius_minus_1.5,"atom_shuffle,coordinate_jitter",1356,20,16
colab47_crop_subsample_subsample_n20,diffsbdd,mean_qed,2.394,1.232,3.894,0.05786,0.02417,15,30,crop_radius_minus_1.5,"atom_shuffle,coordinate_jitter",1357,20,15
colab47_crop_subsample_subsample_n20,diffsbdd,mean_qed,2.024,0.888,2.685,0.06552,0.03237,15,30,crop_radius_minus_1.5,"atom_shuffle,coordinate_jitter",1358,20,15
colab47_crop_subsample_subsample_n20,diffsbdd,mean_qed,2.455,1.329,3.1,0.07142,0.0291,16,32,crop_radius_minus_1.5,"atom_shuffle,coordinate_jitter",1359,20,16
colab47_crop_subsample_subsample_n20,diffsbdd,mean_qed,1.148,0.355,3.348,0.03291,0.02866,15,30,crop_radius_minus_1.5,"atom_shuffle,coordinate_jitter",1360,20,15
colab47_crop_subsample_subsample_n20,diffsbdd,mean_qed,2.028,0.909,2.642,0.05877,0.02898,14,28,crop_radius_minus_1.5,"atom_shuffle,coordinate_jitter",1361,20,14
colab47_crop_subsample_subsample_n20,diffsbdd,mean_qed,1.853,0.725,2.529,0.0562,0.03033,19,38,crop_radius_minus_1.5,"atom_shuffle,coordinate_jitter",1362,20,19
colab47_crop_subsample_subsample_n20,diffsbdd,mean_qed,2.04,0.711,2.74,0.05967,0.02926,17,34,crop_radius_minus_1.5,"atom_shuffle,coordinate_jitter",1363,20,17
colab47_crop_subsample_subsample_n20,diffsbdd,mean_qed,2.12,1.228,3.238,0.06438,0.03037,15,30,crop_radius_minus_1.5,"atom_shuffle,coordinate_jitter",1364,20,15
colab47_crop_subsample_subsample_n20,diffsbdd,mean_qed,2.321,1.055,4.036,0.06438,0.02774,13,26,crop_radius_minus_1.5,"atom_shuffle,coordinate_jitter",1365,20,13
colab47_crop_subsample_subsample_n20,diffsbdd,mean_qed,1.99,1.193,3.35,0.07798,0.03918,16,32,crop_radius_minus_1.5,"atom_shuffle,coordinate_jitter",1366,20,16
colab47_crop_subsample_subsample_n20,diffsbdd,mean_qed,1.667,0.808,2.977,0.04378,0.02626,16,32,crop_radius_minus_1.5,"atom_shuffle,coordinate_jitter",1367,20,16
colab47_crop_subsample_subsample_n20,diffsbdd,mean_qed,1.751,0.9,2.379,0.05714,0.03263,16,32,crop_radius_minus_1.5,"atom_shuffle,coordinate_jitter",1368,20,16
colab47_crop_subsample_subsample_n20,diffsbdd,mean_qed,2.085,1.141,3.288,0.05694,0.02731,16,32,crop_radius_minus_1.5,"atom_shuffle,coordinate_jitter",1369,20,16
colab47_crop_subsample_subsample_n20,diffsbdd,mean_qed,2.048,0.641,3.348,0.05967,0.02913,17,34,crop_radius_minus_1.5,"atom_shuffle,coordinate_jitter",1370,20,17
colab47_crop_subsample_subsample_n20,diffsbdd,mean_qed,2.169,1.361,3.648,0.05641,0.02601,17,34,crop_radius_minus_1.5,"atom_shuffle,coordinate_jitter",1371,20,17
colab47_crop_subsample_subsample_n20,diffsbdd,mean_qed,2.452,1.083,3.045,0.07142,0.02913,18,36,crop_radius_minus_1.5,"atom_shuffle,coordinate_jitter",1372,20,18
colab47_crop_subsample_subsample_n20,diffsbdd,mean_qed,2.246,0.78,2.624,0.06821,0.03037,16,32,crop_radius_minus_1.5,"atom_shuffle,coordinate_jitter",1373,20,16
colab47_crop_subsample_subsample_n20,diffsbdd,mean_qed,2.589,1.799,3.8,0.07188,0.02777,16,32,crop_radius_minus_1.5,"atom_shuffle,coordinate_jitter",1374,20,16
colab47_crop_subsample_subsample_n20,diffsbdd,mean_qed,1.652,1.284,2.539,0.05285,0.032,18,36,crop_radius_minus_1.5,"atom_shuffle,coordinate_jitter",1375,20,18
colab47_crop_subsample_subsample_n20,diffsbdd,mean_qed,1.443,0.272,2.577,0.04128,0.02861,15,30,crop_radius_minus_1.5,"atom_shuffle,coordinate_jitter",1376,20,15
colab47_crop_subsample_subsample_n20,diffsbdd,mean_qed,1.638,0.487,2.788,0.04544,0.02774,15,30,crop_radius_minus_1.5,"atom_shuffle,coordinate_jitter",1377,20,15
colab47_crop_subsample_subsample_n20,diffsbdd,mean_qed,1.726,1.146,2.515,0.05285,0.03061,18,36,crop_radius_minus_1.5,"atom_shuffle,coordinate_jitter",1378,20,18
colab47_crop_subsample_subsample_n20,diffsbdd,mean_qed,1.343,0.388,2.079,0.03794,0.02826,16,32,crop_radius_minus_1.5,"atom_shuffle,coordinate_jitter",1379,20,16
colab47_crop_subsample_subsample_n20,diffsbdd,mean_qed,1.752,0.381,3.0,0.0495,0.02826,17,34,crop_radius_minus_1.5,"atom_shuffle,coordinate_jitter",1380,20,17
colab47_crop_subsample_subsample_n20,diffsbdd,mean_qed,2.04,0.738,3.557,0.0562,0.02755,17,34,crop_radius_minus_1.5,"atom_shuffle,coordinate_jitter",1381,20,17
colab47_crop_subsample_subsample_n20,diffsbdd,mean_qed,1.439,0.743,2.697,0.0417,0.02898,16,32,crop_radius_minus_1.5,"atom_shuffle,coordinate_jitter",1382,20,16
colab47_crop_subsample_subsample_n20,diffsbdd,mean_qed,1.46,0.583,2.337,0.04256,0.02915,18,36,crop_radius_minus_1.5,"atom_shuffle,coordinate_jitter",1383,20,18
colab47_crop_subsample_subsample_n20,diffsbdd,mean_qed,1.295,0.563,2.182,0.04256,0.03286,16,32,crop_radius_minus_1.5,"atom_shuffle,coordinate_jitter",1384,20,16
colab47_crop_subsample_subsample_n20,diffsbdd,mean_qed,1.865,1.141,2.733,0.05967,0.032,15,30,crop_radius_minus_1.5,"atom_shuffle,coordinate_jitter",1385,20,15
colab47_crop_subsample_subsample_n20,diffsbdd,mean_qed,2.117,1.225,2.783,0.06611,0.03123,16,32,crop_radius_minus_1.5,"atom_shuffle,coordinate_jitter",1386,20,16
colab47_crop_subsample_subsample_n20,diffsbdd,mean_qed,2.399,1.456,3.276,0.07288,0.03038,17,34,crop_radius_minus_1.5,"atom_shuffle,coordinate_jitter",1387,20,17
colab47_crop_subsample_subsample_n20,diffsbdd,mean_qed,2.314,0.806,3.475,0.06537,0.02826,16,32,crop_radius_minus_1.5,"atom_shuffle,coordinate_jitter",1388,20,16
colab47_crop_subsample_subsample_n20,diffsbdd,mean_qed,2.101,1.236,3.21,0.05877,0.02797,20,40,crop_radius_minus_1.5,"atom_shuffle,coordinate_jitter",1389,20,20
colab47_crop_subsample_subsample_n20,diffsbdd,mean_qed,2.429,0.955,3.603,0.0724,0.0298,18,36,crop_radius_minus_1.5,"atom_shuffle,coordinate_jitter",1390,20,18
colab47_crop_subsample_subsample_n20,diffsbdd,mean_qed,2.389,1.441,3.203,0.0709,0.02967,17,34,crop_radius_minus_1.5,"atom_shuffle,coordinate_jitter",1391,20,17
colab47_crop_subsample_subsample_n20,diffsbdd,mean_qed,2.335,1.414,3.163,0.07314,0.03132,16,32,crop_radius_minus_1.5,"atom_shuffle,coordinate_jitter",1392,20,16
colab47_crop_subsample_subsample_n20,diffsbdd,mean_qed,1.648,0.912,2.914,0.0562,0.0341,15,30,crop_radius_minus_1.5,"atom_shuffle,coordinate_jitter",1393,20,15
colab47_crop_subsample_subsample_n20,diffsbdd,mean_qed,1.92,1.285,2.762,0.05877,0.03061,18,36,crop_radius_minus_1.5,"atom_shuffle,coordinate_jitter",1394,20,18
colab47_crop_subsample_subsample_n20,diffsbdd,mean_qed,2.343,1.138,3.417,0.07384,0.03152,16,32,crop_radius_minus_1.5,"atom_shuffle,coordinate_jitter",1395,20,16
colab47_crop_subsample_subsample_n20,diffsbdd,mean_qed,1.268,0.569,2.224,0.04057,0.032,16,32,crop_radius_minus_1.5,"atom_shuffle,coordinate_jitter",1396,20,16
colab47_crop_subsample_subsample_n20,diffsbdd,mean_qed,1.403,0.578,2.527,0.043,0.03066,13,26,crop_radius_minus_1.5,"atom_shuffle,coordinate_jitter",1397,20,13
colab47_crop_subsample_subsample_n20,diffsbdd,mean_qed,1.666,0.984,2.377,0.05641,0.03387,19,38,crop_radius_minus_1.5,"atom_shuffle,coordinate_jitter",1398,20,19
colab47_crop_subsample_subsample_n20,diffsbdd,mean_qed,1.989,0.375,2.619,0.05786,0.0291,19,38,crop_radius_minus_1.5,"atom_shuffle,coordinate_jitter",1399,20,19
colab47_crop_subsample_subsample_n20,diffsbdd,mean_qed,2.566,1.401,3.585,0.06029,0.02349,16,32,crop_radius_minus_1.5,"atom_shuffle,coordinate_jitter",1400,20,16
colab47_crop_subsample_subsample_n20,diffsbdd,mean_qed,1.443,0.33,2.531,0.04888,0.03387,14,28,crop_radius_minus_1.5,"atom_shuffle,coordinate_jitter",1401,20,14
colab47_crop_subsample_subsample_n20,diffsbdd,mean_qed,1.997,1.153,3.326,0.05786,0.02898,15,30,crop_radius_minus_1.5,"atom_shuffle,coordinate_jitter",1402,20,15
colab47_crop_subsample_subsample_n20,diffsbdd,mean_qed,1.92,0.938,2.676,0.05877,0.03062,16,32,crop_radius_minus_1.5,"atom_shuffle,coordinate_jitter",1403,20,16
colab47_crop_subsample_subsample_n20,diffsbdd,mean_qed,2.34,1.276,3.299,0.06937,0.02964,16,32,crop_radius_minus_1.5,"atom_shuffle,coordinate_jitter",1404,20,16
colab47_crop_subsample_subsample_n20,diffsbdd,mean_qed,1.625,1.215,3.663,0.04544,0.02797,15,30,crop_radius_minus_1.5,"atom_shuffle,coordinate_jitter",1405,20,15
colab47_crop_subsample_subsample_n20,diffsbdd,mean_qed,1.685,1.038,2.65,0.04888,0.02901,14,28,crop_radius_minus_1.5,"atom_shuffle,coordinate_jitter",1406,20,14
colab47_crop_subsample_subsample_n20,diffsbdd,mean_qed,2.316,1.338,4.174,0.0709,0.03061,15,30,crop_radius_minus_1.5,"atom_shuffle,coordinate_jitter",1407,20,15
colab47_crop_subsample_subsample_n20,diffsbdd,mean_qed,1.525,1.008,2.75,0.04544,0.0298,17,34,crop_radius_minus_1.5,"atom_shuffle,coordinate_jitter",1408,20,17
colab47_crop_subsample_subsample_n20,diffsbdd,mean_qed,1.701,0.835,2.481,0.0604,0.03551,16,32,crop_radius_minus_1.5,"atom_shuffle,coordinate_jitter",1409,20,16
colab47_crop_subsample_subsample_n20,diffsbdd,mean_qed,1.991,1.298,2.934,0.0604,0.03033,18,36,crop_radius_minus_1.5,"atom_shuffle,coordinate_jitter",1410,20,18
colab47_crop_subsample_subsample_n20,diffsbdd,mean_qed,2.493,1.663,4.064,0.06937,0.02783,14,28,crop_radius_minus_1.5,"atom_shuffle,coordinate_jitter",1411,20,14
colab47_crop_subsample_subsample_n20,diffsbdd,mean_qed,1.801,1.016,2.615,0.05641,0.03132,19,38,crop_radius_minus_1.5,"atom_shuffle,coordinate_jitter",1412,20,19
colab47_crop_subsample_subsample_n20,diffsbdd,mean_qed,2.444,1.119,3.685,0.06989,0.0286,18,36,crop_radius_minus_1.5,"atom_shuffle,coordinate_jitter",1413,20,18
colab47_crop_subsample_subsample_n20,diffsbdd,mean_qed,2.096,1.448,3.461,0.05877,0.02803,16,32,crop_radius_minus_1.5,"atom_shuffle,coordinate_jitter",1414,20,16
colab47_crop_subsample_subsample_n20,diffsbdd,mean_qed,1.917,1.035,2.888,0.0562,0.02932,15,30,crop_radius_minus_1.5,"atom_shuffle,coordinate_jitter",1415,20,15
colab47_crop_subsample_subsample_n20,diffsbdd,mean_qed,2.845,1.435,4.333,0.05967,0.02097,15,30,crop_radius_minus_1.5,"atom_shuffle,coordinate_jitter",1416,20,15
colab47_crop_subsample_subsample_n20,diffsbdd,mean_qed,1.725,0.743,3.224,0.04825,0.02797,15,30,crop_radius_minus_1.5,"atom_shuffle,coordinate_jitter",1417,20,15
colab47_crop_subsample_subsample_n20,diffsbdd,mean_qed,1.87,1.0,2.396,0.05804,0.03103,18,36,crop_radius_minus_1.5,"atom_shuffle,coordinate_jitter",1418,20,18
colab47_crop_subsample_subsample_n20,diffsbdd,mean_qed,1.79,1.092,2.698,0.05641,0.03152,17,34,crop_radius_minus_1.5,"atom_shuffle,coordinate_jitter",1419,20,17
colab47_crop_subsample_subsample_n20,diffsbdd,mean_qed,1.997,1.061,2.827,0.06438,0.03224,17,34,crop_radius_minus_1.5,"atom_shuffle,coordinate_jitter",1420,20,17
colab47_crop_subsample_subsample_n20,diffsbdd,mean_qed,2.191,1.044,2.85,0.06529,0.0298,16,32,crop_radius_minus_1.5,"atom_shuffle,coordinate_jitter",1421,20,16
colab47_crop_subsample_subsample_n20,diffsbdd,mean_qed,1.384,0.743,2.458,0.04224,0.03051,16,32,crop_radius_minus_1.5,"atom_shuffle,coordinate_jitter",1422,20,16
colab47_crop_subsample_subsample_n20,diffsbdd,mean_qed,2.221,0.799,2.803,0.06438,0.02898,17,34,crop_radius_minus_1.5,"atom_shuffle,coordinate_jitter",1423,20,17
colab47_crop_subsample_subsample_n20,diffsbdd,mean_qed,1.711,0.965,2.875,0.05368,0.03138,18,36,crop_radius_minus_1.5,"atom_shuffle,coordinate_jitter",1424,20,18
colab47_crop_subsample_subsample_n20,diffsbdd,mean_qed,1.745,0.891,2.517,0.0562,0.03221,17,34,crop_radius_minus_1.5,"atom_shuffle,coordinate_jitter",1425,20,17
colab47_crop_subsample_subsample_n20,diffsbdd,mean_qed,1.548,0.35,2.064,0.05223,0.03374,16,32,crop_radius_minus_1.5,"atom_shuffle,coordinate_jitter",1426,20,16
colab47_crop_subsample_subsample_n20,diffsbdd,mean_qed,2.501,1.327,3.839,0.0709,0.02835,17,34,crop_radius_minus_1.5,"atom_shuffle,coordinate_jitter",1427,20,17
colab47_crop_subsample_subsample_n20,diffsbdd,mean_qed,1.375,0.798,2.459,0.0417,0.03033,16,32,crop_radius_minus_1.5,"atom_shuffle,coordinate_jitter",1428,20,16
colab47_crop_subsample_subsample_n20,diffsbdd,mean_qed,1.475,0.416,3.059,0.043,0.02915,17,34,crop_radius_minus_1.5,"atom_shuffle,coordinate_jitter",1429,20,17
colab47_crop_subsample_subsample_n20,diffsbdd,mean_qed,1.764,0.912,3.266,0.05306,0.03009,14,28,crop_radius_minus_1.5,"atom_shuffle,coordinate_jitter",1430,20,14
colab47_crop_subsample_subsample_n20,diffsbdd,mean_qed,1.683,0.629,3.069,0.04128,0.02453,15,30,crop_radius_minus_1.5,"atom_shuffle,coordinate_jitter",1431,20,15
colab47_crop_subsample_subsample_n20,diffsbdd,mean_qed,1.84,1.005,2.358,0.06552,0.03562,15,30,crop_radius_minus_1.5,"atom_shuffle,coordinate_jitter",1432,20,15
colab47_crop_subsample_subsample_n20,diffsbdd,mean_qed,1.808,0.974,3.04,0.04747,0.02626,20,40,crop_radius_minus_1.5,"atom_shuffle,coordinate_jitter",1433,20,20
colab47_crop_subsample_subsample_n20,diffsbdd,mean_qed,1.818,1.128,2.627,0.05641,0.03104,17,34,crop_radius_minus_1.5,"atom_shuffle,coordinate_jitter",1434,20,17
colab47_crop_subsample_subsample_n20,diffsbdd,mean_qed,1.907,1.097,3.042,0.05296,0.02777,16,32,crop_radius_minus_1.5,"atom_shuffle,coordinate_jitter",1435,20,16
colab47_crop_subsample_subsample_n20,diffsbdd,mean_qed,2.554,1.496,4.394,0.07241,0.02835,16,32,crop_radius_minus_1.5,"atom_shuffle,coordinate_jitter",1436,20,16
colab47_crop_subsample_subsample_n20,diffsbdd,mean_qed,2.313,1.853,3.611,0.06438,0.02783,19,38,crop_radius_minus_1.5,"atom_shuffle,coordinate_jitter",1437,20,19
colab47_crop_subsample_subsample_n20,diffsbdd,mean_qed,1.428,0.605,2.693,0.04256,0.0298,16,32,crop_radius_minus_1.5,"atom_shuffle,coordinate_jitter",1438,20,16
colab47_crop_subsample_subsample_n20,diffsbdd,mean_qed,1.791,1.024,2.617,0.0562,0.03138,17,34,crop_radius_minus_1.5,"atom_shuffle,coordinate_jitter",1439,20,17
colab47_crop_subsample_subsample_n20,diffsbdd,mean_qed,1.763,0.944,2.573,0.05786,0.03282,17,34,crop_radius_minus_1.5,"atom_shuffle,coordinate_jitter",1440,20,17
colab47_crop_subsample_subsample_n20,diffsbdd,mean_qed,2.019,1.109,3.416,0.05786,0.02866,17,34,crop_radius_minus_1.5,"atom_shuffle,coordinate_jitter",1441,20,17
colab47_crop_subsample_subsample_n20,diffsbdd,mean_qed,1.594,0.663,3.176,0.0562,0.03525,15,30,crop_radius_minus_1.5,"atom_shuffle,coordinate_jitter",1442,20,15
colab47_crop_subsample_subsample_n20,diffsbdd,mean_qed,2.672,1.378,3.8,0.06919,0.0259,16,32,crop_radius_minus_1.5,"atom_shuffle,coordinate_jitter",1443,20,16
colab47_crop_subsample_subsample_n20,diffsbdd,mean_qed,1.345,0.577,2.359,0.04211,0.03132,19,38,crop_radius_minus_1.5,"atom_shuffle,coordinate_jitter",1444,20,19
colab47_crop_subsample_subsample_n20,diffsbdd,mean_qed,1.968,0.849,3.399,0.05459,0.02774,14,28,crop_radius_minus_1.5,"atom_shuffle,coordinate_jitter",1445,20,14
colab47_crop_subsample_subsample_n20,diffsbdd,mean_qed,2.366,1.517,3.313,0.0741,0.03132,18,36,crop_radius_minus_1.5,"atom_shuffle,coordinate_jitter",1446,20,18
colab47_crop_subsample_subsample_n20,diffsbdd,mean_qed,1.898,0.297,3.806,0.05689,0.02997,14,28,crop_radius_minus_1.5,"atom_shuffle,coordinate_jitter",1447,20,14
colab47_crop_subsample_subsample_n20,diffsbdd,mean_qed,2.321,1.253,3.026,0.07313,0.03152,18,36,crop_radius_minus_1.5,"atom_shuffle,coordinate_jitter",1448,20,18
colab47_crop_subsample_subsample_n20,diffsbdd,mean_qed,2.06,1.238,2.718,0.06552,0.0318,19,38,crop_radius_minus_1.5,"atom_shuffle,coordinate_jitter",1449,20,19
colab47_crop_subsample_subsample_n20,diffsbdd,mean_qed,3.249,1.686,4.251,0.06815,0.02097,18,36,crop_radius_minus_1.5,"atom_shuffle,coordinate_jitter",1450,20,18
colab47_crop_subsample_subsample_n20,diffsbdd,mean_qed,1.53,1.058,2.697,0.04685,0.03062,18,36,crop_radius_minus_1.5,"atom_shuffle,coordinate_jitter",1451,20,18
colab47_crop_subsample_subsample_n20,diffsbdd,mean_qed,2.148,1.357,3.101,0.06668,0.03104,16,32,crop_radius_minus_1.5,"atom_shuffle,coordinate_jitter",1452,20,16
colab47_crop_subsample_subsample_n20,diffsbdd,mean_qed,1.987,1.256,2.812,0.05786,0.02913,17,34,crop_radius_minus_1.5,"atom_shuffle,coordinate_jitter",1453,20,17
colab47_crop_subsample_subsample_n20,diffsbdd,mean_qed,1.338,0.515,2.354,0.04256,0.0318,18,36,crop_radius_minus_1.5,"atom_shuffle,coordinate_jitter",1454,20,18
colab47_crop_subsample_subsample_n20,diffsbdd,mean_qed,2.562,1.444,4.095,0.05967,0.02329,17,34,crop_radius_minus_1.5,"atom_shuffle,coordinate_jitter",1455,20,17
colab47_crop_subsample_subsample_n20,diffsbdd,mean_qed,2.235,1.11,4.09,0.04916,0.022,14,28,crop_radius_minus_1.5,"atom_shuffle,coordinate_jitter",1456,20,14
colab47_crop_subsample_subsample_n20,diffsbdd,mean_qed,2.08,0.827,3.372,0.06086,0.02926,16,32,crop_radius_minus_1.5,"atom_shuffle,coordinate_jitter",1457,20,16
colab47_crop_subsample_subsample_n20,diffsbdd,mean_qed,2.676,1.81,4.276,0.06937,0.02593,16,32,crop_radius_minus_1.5,"atom_shuffle,coordinate_jitter",1458,20,16
colab47_crop_subsample_subsample_n20,diffsbdd,mean_qed,1.445,0.378,2.555,0.04211,0.02915,17,34,crop_radius_minus_1.5,"atom_shuffle,coordinate_jitter",1459,20,17
colab47_crop_subsample_subsample_n20,diffsbdd,mean_qed,2.107,0.721,3.358,0.06784,0.03221,15,30,crop_radius_minus_1.5,"atom_shuffle,coordinate_jitter",1460,20,15
colab47_crop_subsample_subsample_n20,diffsbdd,mean_qed,1.797,0.547,3.39,0.0495,0.02755,15,30,crop_radius_minus_1.5,"atom_shuffle,coordinate_jitter",1461,20,15
colab47_crop_subsample_subsample_n20,diffsbdd,mean_qed,2.192,1.082,3.246,0.06438,0.02937,17,34,crop_radius_minus_1.5,"atom_shuffle,coordinate_jitter",1462,20,17
colab47_crop_subsample_subsample_n20,diffsbdd,mean_qed,1.254,0.381,2.51,0.03639,0.02901,16,32,crop_radius_minus_1.5,"atom_shuffle,coordinate_jitter",1463,20,16
colab47_crop_subsample_subsample_n20,diffsbdd,mean_qed,2.319,1.469,3.743,0.06784,0.02926,17,34,crop_radius_minus_1.5,"atom_shuffle,coordinate_jitter",1464,20,17
colab47_crop_subsample_subsample_n20,diffsbdd,mean_qed,2.157,0.769,3.388,0.0626,0.02901,18,36,crop_radius_minus_1.5,"atom_shuffle,coordinate_jitter",1465,20,18
colab47_crop_subsample_subsample_n20,diffsbdd,mean_qed,2.248,1.44,3.436,0.06438,0.02863,17,34,crop_radius_minus_1.5,"atom_shuffle,coordinate_jitter",1466,20,17
colab47_crop_subsample_subsample_n20,diffsbdd,mean_qed,2.374,1.249,4.126,0.06438,0.02712,15,30,crop_radius_minus_1.5,"atom_shuffle,coordinate_jitter",1467,20,15
colab47_crop_subsample_subsample_n20,diffsbdd,mean_qed,2.615,1.024,4.201,0.07142,0.02731,14,28,crop_radius_minus_1.5,"atom_shuffle,coordinate_jitter",1468,20,14
colab47_crop_subsample_subsample_n20,diffsbdd,mean_qed,2.048,0.719,3.302,0.05786,0.02826,17,34,crop_radius_minus_1.5,"atom_shuffle,coordinate_jitter",1469,20,17
colab47_crop_subsample_subsample_n20,diffsbdd,mean_qed,2.198,1.235,3.194,0.06552,0.0298,17,34,crop_radius_minus_1.5,"atom_shuffle,coordinate_jitter",1470,20,17
colab47_crop_subsample_subsample_n20,diffsbdd,mean_qed,2.62,1.492,3.721,0.06784,0.0259,19,38,crop_radius_minus_1.5,"atom_shuffle,coordinate_jitter",1471,20,19
colab47_crop_subsample_subsample_n20,diffsbdd,mean_qed,1.762,1.071,2.617,0.05967,0.03387,17,34,crop_radius_minus_1.5,"atom_shuffle,coordinate_jitter",1472,20,17
colab47_crop_subsample_subsample_n20,diffsbdd,mean_qed,2.21,1.155,3.243,0.06438,0.02913,17,34,crop_radius_minus_1.5,"atom_shuffle,coordinate_jitter",1473,20,17
colab47_crop_subsample_subsample_n20,diffsbdd,mean_qed,1.304,0.311,2.363,0.043,0.03298,15,30,crop_radius_minus_1.5,"atom_shuffle,coordinate_jitter",1474,20,15
colab47_crop_subsample_subsample_n20,diffsbdd,mean_qed,1.895,0.583,3.281,0.04544,0.02398,15,30,crop_radius_minus_1.5,"atom_shuffle,coordinate_jitter",1475,20,15
colab47_crop_subsample_subsample_n20,diffsbdd,mean_qed,1.5,0.638,2.456,0.043,0.02866,17,34,crop_radius_minus_1.5,"atom_shuffle,coordinate_jitter",1476,20,17
colab47_crop_subsample_subsample_n20,diffsbdd,mean_qed,1.283,0.85,2.029,0.04422,0.03447,16,32,crop_radius_minus_1.5,"atom_shuffle,coordinate_jitter",1477,20,16
colab47_crop_subsample_subsample_n20,diffsbdd,mean_qed,2.5,1.426,3.682,0.07142,0.02857,16,32,crop_radius_minus_1.5,"atom_shuffle,coordinate_jitter",1478,20,16
colab47_crop_subsample_subsample_n20,diffsbdd,mean_qed,1.853,1.095,2.835,0.0562,0.03033,17,34,crop_radius_minus_1.5,"atom_shuffle,coordinate_jitter",1479,20,17
colab47_crop_subsample_subsample_n20,diffsbdd,mean_qed,1.697,0.777,3.211,0.05967,0.03516,15,30,crop_radius_minus_1.5,"atom_shuffle,coordinate_jitter",1480,20,15
colab47_crop_subsample_subsample_n20,diffsbdd,mean_qed,1.725,0.75,2.686,0.05396,0.03128,16,32,crop_radius_minus_1.5,"atom_shuffle,coordinate_jitter",1481,20,16
colab47_crop_subsample_subsample_n20,diffsbdd,mean_qed,2.059,1.658,2.795,0.05967,0.02898,17,34,crop_radius_minus_1.5,"atom_shuffle,coordinate_jitter",1482,20,17
colab47_crop_subsample_subsample_n20,diffsbdd,mean_qed,2.042,0.497,3.129,0.04544,0.02225,17,34,crop_radius_minus_1.5,"atom_shuffle,coordinate_jitter",1483,20,17
colab47_crop_subsample_subsample_n20,diffsbdd,mean_qed,2.976,0.798,4.79,0.07193,0.02417,15,30,crop_radius_minus_1.5,"atom_shuffle,coordinate_jitter",1484,20,15
colab47_crop_subsample_subsample_n20,diffsbdd,mean_qed,2.278,1.292,3.246,0.07288,0.032,19,38,crop_radius_minus_1.5,"atom_shuffle,coordinate_jitter",1485,20,19
colab47_crop_subsample_subsample_n20,diffsbdd,mean_qed,1.98,1.22,3.326,0.05703,0.0288,18,36,crop_radius_minus_1.5,"atom_shuffle,coordinate_jitter",1486,20,18
colab47_crop_subsample_subsample_n20,diffsbdd,mean_qed,1.413,0.381,2.443,0.04211,0.0298,17,34,crop_radius_minus_1.5,"atom_shuffle,coordinate_jitter",1487,20,17
colab47_crop_subsample_subsample_n20,diffsbdd,mean_qed,1.988,1.246,3.059,0.0604,0.03038,18,36,crop_radius_minus_1.5,"atom_shuffle,coordinate_jitter",1488,20,18
colab47_crop_subsample_subsample_n20,diffsbdd,mean_qed,1.547,0.735,2.389,0.0495,0.032,17,34,crop_radius_minus_1.5,"atom_shuffle,coordinate_jitter",1489,20,17
colab47_crop_subsample_subsample_n20,diffsbdd,mean_qed,2.222,1.078,3.187,0.06438,0.02898,15,30,crop_radius_minus_1.5,"atom_shuffle,coordinate_jitter",1490,20,15
colab47_crop_subsample_subsample_n20,diffsbdd,mean_qed,2.445,0.66,4.064,0.05694,0.02329,18,36,crop_radius_minus_1.5,"atom_shuffle,coordinate_jitter",1491,20,18
colab47_crop_subsample_subsample_n20,diffsbdd,mean_qed,2.112,1.349,3.51,0.05877,0.02783,16,32,crop_radius_minus_1.5,"atom_shuffle,coordinate_jitter",1492,20,16
colab47_crop_subsample_subsample_n20,diffsbdd,mean_qed,2.04,1.236,3.382,0.0562,0.02755,17,34,crop_radius_minus_1.5,"atom_shuffle,coordinate_jitter",1493,20,17
colab47_crop_subsample_subsample_n20,diffsbdd,mean_qed,1.542,0.894,2.427,0.05223,0.03387,18,36,crop_radius_minus_1.5,"atom_shuffle,coordinate_jitter",1494,20,18
colab47_crop_subsample_subsample_n20,diffsbdd,mean_qed,1.904,0.978,2.608,0.06536,0.03433,16,32,crop_radius_minus_1.5,"atom_shuffle,coordinate_jitter",1495,20,16
colab47_crop_subsample_subsample_n20,diffsbdd,mean_qed,2.23,0.754,3.607,0.05967,0.02676,15,30,crop_radius_minus_1.5,"atom_shuffle,coordinate_jitter",1496,20,15
colab47_crop_subsample_subsample_n20,diffsbdd,mean_qed,1.984,1.195,3.562,0.05804,0.02926,16,32,crop_radius_minus_1.5,"atom_shuffle,coordinate_jitter",1497,20,16
colab47_crop_subsample_subsample_n20,diffsbdd,mean_qed,2.038,1.498,3.067,0.05714,0.02803,18,36,crop_radius_minus_1.5,"atom_shuffle,coordinate_jitter",1498,20,18
colab47_crop_subsample_subsample_n20,diffsbdd,mean_qed,2.054,0.791,3.433,0.0724,0.03525,12,24,crop_radius_minus_1.5,"atom_shuffle,coordinate_jitter",1499,20,12
colab47_crop_subsample_subsample_n20,diffsbdd,mean_qed,3.233,2.057,4.421,0.07193,0.02225,17,34,crop_radius_minus_1.5,"atom_shuffle,coordinate_jitter",1500,20,17
colab47_crop_subsample_subsample_n20,diffsbdd,mean_qed,1.908,1.331,3.626,0.05786,0.03033,13,26,crop_radius_minus_1.5,"atom_shuffle,coordinate_jitter",1501,20,13
colab47_crop_subsample_subsample_n20,diffsbdd,mean_qed,1.798,0.356,2.4,0.05631,0.03132,16,32,crop_radius_minus_1.5,"atom_shuffle,coordinate_jitter",1502,20,16
colab47_crop_subsample_subsample_n20,diffsbdd,mean_qed,1.989,1.461,2.936,0.0562,0.02826,15,30,crop_radius_minus_1.5,"atom_shuffle,coordinate_jitter",1503,20,15
colab47_crop_subsample_subsample_n20,diffsbdd,mean_qed,1.333,0.844,2.448,0.04544,0.0341,17,34,crop_radius_minus_1.5,"atom_shuffle,coordinate_jitter",1504,20,17
colab47_crop_subsample_subsample_n20,diffsbdd,mean_qed,2.132,1.352,3.367,0.06112,0.02866,18,36,crop_radius_minus_1.5,"atom_shuffle,coordinate_jitter",1505,20,18
colab47_crop_subsample_subsample_n20,diffsbdd,mean_qed,1.653,0.658,2.241,0.04926,0.0298,16,32,crop_radius_minus_1.5,"atom_shuffle,coordinate_jitter",1506,20,16
colab47_crop_subsample_subsample_n20,diffsbdd,mean_qed,2.482,1.613,4.088,0.0709,0.02857,13,26,crop_radius_minus_1.5,"atom_shuffle,coordinate_jitter",1507,20,13
colab47_crop_subsample_subsample_n20,diffsbdd,mean_qed,2.599,1.635,3.441,0.07285,0.02803,16,32,crop_radius_minus_1.5,"atom_shuffle,coordinate_jitter",1508,20,16
colab47_crop_subsample_subsample_n20,diffsbdd,mean_qed,2.292,1.751,2.812,0.06668,0.0291,18,36,crop_radius_minus_1.5,"atom_shuffle,coordinate_jitter",1509,20,18
colab47_crop_subsample_subsample_n20,diffsbdd,mean_qed,1.885,0.648,3.381,0.05285,0.02803,16,32,crop_radius_minus_1.5,"atom_shuffle,coordinate_jitter",1510,20,16
colab47_crop_subsample_subsample_n20,diffsbdd,mean_qed,2.008,1.079,2.862,0.06552,0.03263,17,34,crop_radius_minus_1.5,"atom_shuffle,coordinate_jitter",1511,20,17
colab47_crop_subsample_subsample_n20,diffsbdd,mean_qed,2.245,1.348,2.802,0.06872,0.03062,16,32,crop_radius_minus_1.5,"atom_shuffle,coordinate_jitter",1512,20,16
colab47_crop_subsample_subsample_n20,diffsbdd,mean_qed,1.784,1.098,3.641,0.04685,0.02626,16,32,crop_radius_minus_1.5,"atom_shuffle,coordinate_jitter",1513,20,16
colab47_crop_subsample_subsample_n20,diffsbdd,mean_qed,1.587,0.817,3.029,0.04544,0.02863,17,34,crop_radius_minus_1.5,"atom_shuffle,coordinate_jitter",1514,20,17
colab47_crop_subsample_subsample_n20,diffsbdd,mean_qed,2.271,1.025,2.994,0.07313,0.03221,16,32,crop_radius_minus_1.5,"atom_shuffle,coordinate_jitter",1515,20,16
colab47_crop_subsample_subsample_n20,diffsbdd,mean_qed,1.446,0.673,2.482,0.04211,0.02913,17,34,crop_radius_minus_1.5,"atom_shuffle,coordinate_jitter",1516,20,17
colab47_crop_subsample_subsample_n20,diffsbdd,mean_qed,1.997,1.346,3.12,0.0562,0.02815,17,34,crop_radius_minus_1.5,"atom_shuffle,coordinate_jitter",1517,20,17
colab47_crop_subsample_subsample_n20,diffsbdd,mean_qed,2.153,1.143,2.597,0.07142,0.03318,16,32,crop_radius_minus_1.5,"atom_shuffle,coordinate_jitter",1518,20,16
colab47_crop_subsample_subsample_n20,diffsbdd,mean_qed,2.225,1.197,2.614,0.06821,0.03066,16,32,crop_radius_minus_1.5,"atom_shuffle,coordinate_jitter",1519,20,16
colab47_crop_subsample_subsample_n20,diffsbdd,mean_qed,1.642,0.616,3.007,0.05396,0.03286,16,32,crop_radius_minus_1.5,"atom_shuffle,coordinate_jitter",1520,20,16
colab47_crop_subsample_subsample_n20,diffsbdd,mean_qed,1.724,0.803,2.845,0.0495,0.02872,15,30,crop_radius_minus_1.5,"atom_shuffle,coordinate_jitter",1521,20,15
colab47_crop_subsample_subsample_n20,diffsbdd,mean_qed,2.071,0.868,3.356,0.05368,0.02593,18,36,crop_radius_minus_1.5,"atom_shuffle,coordinate_jitter",1522,20,18
colab47_crop_subsample_subsample_n20,diffsbdd,mean_qed,1.372,0.648,2.91,0.04016,0.02926,18,36,crop_radius_minus_1.5,"atom_shuffle,coordinate_jitter",1523,20,18
colab47_crop_subsample_subsample_n20,diffsbdd,mean_qed,1.938,1.222,3.433,0.05751,0.02967,16,32,crop_radius_minus_1.5,"atom_shuffle,coordinate_jitter",1524,20,16
colab47_crop_subsample_subsample_n20,diffsbdd,mean_qed,2.278,1.427,3.151,0.06438,0.02826,17,34,crop_radius_minus_1.5,"atom_shuffle,coordinate_jitter",1525,20,17
colab47_crop_subsample_subsample_n20,diffsbdd,mean_qed,1.664,0.634,2.471,0.0496,0.0298,16,32,crop_radius_minus_1.5,"atom_shuffle,coordinate_jitter",1526,20,16
colab47_crop_subsample_subsample_n20,diffsbdd,mean_qed,1.429,0.668,2.518,0.04544,0.0318,15,30,crop_radius_minus_1.5,"atom_shuffle,coordinate_jitter",1527,20,15
colab47_crop_subsample_subsample_n20,diffsbdd,mean_qed,2.034,0.986,3.589,0.04916,0.02417,18,36,crop_radius_minus_1.5,"atom_shuffle,coordinate_jitter",1528,20,18
colab47_crop_subsample_subsample_n20,diffsbdd,mean_qed,2.233,1.62,2.668,0.06784,0.03038,17,34,crop_radius_minus_1.5,"atom_shuffle,coordinate_jitter",1529,20,17
colab47_crop_subsample_subsample_n20,diffsbdd,mean_qed,1.667,0.994,2.429,0.05368,0.03221,16,32,crop_radius_minus_1.5,"atom_shuffle,coordinate_jitter",1530,20,16
colab47_crop_subsample_subsample_n20,diffsbdd,mean_qed,1.75,0.969,2.511,0.05641,0.03224,17,34,crop_radius_minus_1.5,"atom_shuffle,coordinate_jitter",1531,20,17
colab47_crop_subsample_subsample_n20,diffsbdd,mean_qed,2.026,1.241,2.671,0.07142,0.03525,20,40,crop_radius_minus_1.5,"atom_shuffle,coordinate_jitter",1532,20,20
colab47_crop_subsample_subsample_n20,diffsbdd,mean_qed,2.256,1.136,3.441,0.06376,0.02826,16,32,crop_radius_minus_1.5,"atom_shuffle,coordinate_jitter",1533,20,16
colab47_crop_subsample_subsample_n20,diffsbdd,mean_qed,2.035,1.223,2.98,0.0604,0.02967,18,36,crop_radius_minus_1.5,"atom_shuffle,coordinate_jitter",1534,20,18
colab47_crop_subsample_subsample_n20,diffsbdd,mean_qed,1.968,1.192,2.459,0.06203,0.03152,18,36,crop_radius_minus_1.5,"atom_shuffle,coordinate_jitter",1535,20,18
colab47_crop_subsample_subsample_n20,diffsbdd,mean_qed,1.95,1.024,3.607,0.05786,0.02967,15,30,crop_radius_minus_1.5,"atom_shuffle,coordinate_jitter",1536,20,15
colab47_crop_subsample_subsample_n20,diffsbdd,mean_qed,1.876,1.299,2.904,0.06203,0.03306,16,32,crop_radius_minus_1.5,"atom_shuffle,coordinate_jitter",1537,20,16
colab47_crop_subsample_subsample_n20,diffsbdd,mean_qed,1.087,0.734,2.012,0.04057,0.03732,16,32,crop_radius_minus_1.5,"atom_shuffle,coordinate_jitter",1538,20,16
colab47_crop_subsample_subsample_n20,diffsbdd,mean_qed,1.624,0.583,2.401,0.04825,0.02972,15,30,crop_radius_minus_1.5,"atom_shuffle,coordinate_jitter",1539,20,15
colab47_crop_subsample_subsample_n20,diffsbdd,mean_qed,2.055,1.119,3.148,0.07338,0.03572,17,34,crop_radius_minus_1.5,"atom_shuffle,coordinate_jitter",1540,20,17
colab47_crop_subsample_subsample_n20,diffsbdd,mean_qed,1.453,0.498,2.395,0.04685,0.03224,16,32,crop_radius_minus_1.5,"atom_shuffle,coordinate_jitter",1541,20,16
colab47_crop_subsample_subsample_n20,diffsbdd,mean_qed,1.497,0.626,2.859,0.04825,0.03224,17,34,crop_radius_minus_1.5,"atom_shuffle,coordinate_jitter",1542,20,17
colab47_crop_subsample_subsample_n20,diffsbdd,mean_qed,2.197,1.496,3.474,0.06989,0.0318,18,36,crop_radius_minus_1.5,"atom_shuffle,coordinate_jitter",1543,20,18
colab47_crop_subsample_subsample_n20,diffsbdd,mean_qed,2.259,1.18,2.617,0.0709,0.03138,17,34,crop_radius_minus_1.5,"atom_shuffle,coordinate_jitter",1544,20,17
colab47_crop_subsample_subsample_n20,diffsbdd,mean_qed,1.971,0.533,3.137,0.05631,0.02857,18,36,crop_radius_minus_1.5,"atom_shuffle,coordinate_jitter",1545,20,18
colab47_crop_subsample_subsample_n20,diffsbdd,mean_qed,1.774,0.825,3.366,0.04539,0.02558,16,32,crop_radius_minus_1.5,"atom_shuffle,coordinate_jitter",1546,20,16
colab47_crop_subsample_subsample_n20,diffsbdd,mean_qed,2.08,1.21,2.906,0.07409,0.03562,18,36,crop_radius_minus_1.5,"atom_shuffle,coordinate_jitter",1547,20,18
colab47_crop_subsample_subsample_n20,diffsbdd,mean_qed,1.901,0.786,3.272,0.05641,0.02967,17,34,crop_radius_minus_1.5,"atom_shuffle,coordinate_jitter",1548,20,17
colab47_crop_subsample_subsample_n20,diffsbdd,mean_qed,1.527,0.798,3.333,0.043,0.02815,15,30,crop_radius_minus_1.5,"atom_shuffle,coordinate_jitter",1549,20,15
colab47_crop_subsample_subsample_n20,diffsbdd,mean_qed,2.316,1.588,3.49,0.07035,0.03037,14,28,crop_radius_minus_1.5,"atom_shuffle,coordinate_jitter",1550,20,14
colab47_crop_subsample_subsample_n20,diffsbdd,mean_qed,1.852,0.927,3.476,0.05396,0.02913,18,36,crop_radius_minus_1.5,"atom_shuffle,coordinate_jitter",1551,20,18
colab47_crop_subsample_subsample_n20,diffsbdd,mean_qed,1.884,1.254,3.338,0.05714,0.03033,16,32,crop_radius_minus_1.5,"atom_shuffle,coordinate_jitter",1552,20,16
colab47_crop_subsample_subsample_n20,diffsbdd,mean_qed,1.684,1.247,3.276,0.04422,0.02626,14,28,crop_radius_minus_1.5,"atom_shuffle,coordinate_jitter",1553,20,14
colab47_crop_subsample_subsample_n20,diffsbdd,mean_qed,2.097,0.288,3.821,0.06112,0.02915,14,28,crop_radius_minus_1.5,"atom_shuffle,coordinate_jitter",1554,20,14
colab47_crop_subsample_subsample_n20,diffsbdd,mean_qed,3.015,1.357,4.43,0.06784,0.0225,17,34,crop_radius_minus_1.5,"atom_shuffle,coordinate_jitter",1555,20,17
colab47_crop_subsample_subsample_n20,diffsbdd,mean_qed,1.953,0.921,3.246,0.05967,0.03055,17,34,crop_radius_minus_1.5,"atom_shuffle,coordinate_jitter",1556,20,17
colab47_crop_subsample_subsample_n20,diffsbdd,mean_qed,1.511,1.085,2.506,0.04422,0.02926,16,32,crop_radius_minus_1.5,"atom_shuffle,coordinate_jitter",1557,20,16
colab47_crop_subsample_subsample_n20,diffsbdd,mean_qed,2.076,1.079,2.592,0.06815,0.03282,18,36,crop_radius_minus_1.5,"atom_shuffle,coordinate_jitter",1558,20,18
colab47_crop_subsample_subsample_n20,diffsbdd,mean_qed,1.523,0.89,2.252,0.0562,0.0369,17,34,crop_radius_minus_1.5,"atom_shuffle,coordinate_jitter",1559,20,17
colab47_crop_subsample_subsample_n20,diffsbdd,mean_qed,1.885,1.237,2.933,0.0495,0.02626,19,38,crop_radius_minus_1.5,"atom_shuffle,coordinate_jitter",1560,20,19
colab47_crop_subsample_subsample_n20,diffsbdd,mean_qed,1.689,0.792,2.677,0.05459,0.03232,14,28,crop_radius_minus_1.5,"atom_shuffle,coordinate_jitter",1561,20,14
colab47_crop_subsample_subsample_n20,diffsbdd,mean_qed,2.37,1.239,3.205,0.0709,0.02992,17,34,crop_radius_minus_1.5,"atom_shuffle,coordinate_jitter",1562,20,17
colab47_crop_subsample_subsample_n20,diffsbdd,mean_qed,1.73,1.218,2.852,0.05296,0.03062,18,36,crop_radius_minus_1.5,"atom_shuffle,coordinate_jitter",1563,20,18
colab47_crop_subsample_subsample_n20,diffsbdd,mean_qed,2.129,1.406,3.16,0.06203,0.02913,16,32,crop_radius_minus_1.5,"atom_shuffle,coordinate_jitter",1564,20,16
colab47_crop_subsample_subsample_n20,diffsbdd,mean_qed,1.441,0.602,2.536,0.043,0.02985,17,34,crop_radius_minus_1.5,"atom_shuffle,coordinate_jitter",1565,20,17
colab47_crop_subsample_subsample_n20,diffsbdd,mean_qed,3.442,1.375,6.966,0.06784,0.01971,15,30,crop_radius_minus_1.5,"atom_shuffle,coordinate_jitter",1566,20,15
colab47_crop_subsample_subsample_n20,diffsbdd,mean_qed,1.501,0.634,2.697,0.04477,0.02983,14,28,crop_radius_minus_1.5,"atom_shuffle,coordinate_jitter",1567,20,14
colab47_crop_subsample_subsample_n20,diffsbdd,mean_qed,2.199,1.125,2.943,0.06552,0.0298,17,34,crop_radius_minus_1.5,"atom_shuffle,coordinate_jitter",1568,20,17
colab47_crop_subsample_subsample_n20,diffsbdd,mean_qed,2.688,1.565,4.199,0.05631,0.02095,18,36,crop_radius_minus_1.5,"atom_shuffle,coordinate_jitter",1569,20,18
colab47_crop_subsample_subsample_n20,diffsbdd,mean_qed,2.05,1.028,3.351,0.05877,0.02866,16,32,crop_radius_minus_1.5,"atom_shuffle,coordinate_jitter",1570,20,16
colab47_crop_subsample_subsample_n20,diffsbdd,mean_qed,2.05,0.56,3.58,0.05641,0.02752,15,30,crop_radius_minus_1.5,"atom_shuffle,coordinate_jitter",1571,20,15
colab47_crop_subsample_subsample_n20,diffsbdd,mean_qed,1.424,0.961,2.424,0.04888,0.03433,14,28,crop_radius_minus_1.5,"atom_shuffle,coordinate_jitter",1572,20,14
colab47_crop_subsample_subsample_n20,diffsbdd,mean_qed,2.304,1.589,3.336,0.06989,0.03033,16,32,crop_radius_minus_1.5,"atom_shuffle,coordinate_jitter",1573,20,16
colab47_crop_subsample_subsample_n20,diffsbdd,mean_qed,2.313,1.417,4.035,0.06438,0.02783,16,32,crop_radius_minus_1.5,"atom_shuffle,coordinate_jitter",1574,20,16
colab47_crop_subsample_subsample_n20,diffsbdd,mean_qed,2.233,1.04,3.48,0.06784,0.03038,17,34,crop_radius_minus_1.5,"atom_shuffle,coordinate_jitter",1575,20,17
colab47_crop_subsample_subsample_n20,diffsbdd,mean_qed,2.027,1.258,3.34,0.0604,0.0298,16,32,crop_radius_minus_1.5,"atom_shuffle,coordinate_jitter",1576,20,16
colab47_crop_subsample_subsample_n20,diffsbdd,mean_qed,1.808,1.019,2.527,0.0604,0.03341,18,36,crop_radius_minus_1.5,"atom_shuffle,coordinate_jitter",1577,20,18
colab47_crop_subsample_subsample_n20,diffsbdd,mean_qed,2.144,1.133,3.203,0.05631,0.02626,18,36,crop_radius_minus_1.5,"atom_shuffle,coordinate_jitter",1578,20,18
colab47_crop_subsample_subsample_n20,diffsbdd,mean_qed,2.306,1.579,3.599,0.06872,0.0298,16,32,crop_radius_minus_1.5,"atom_shuffle,coordinate_jitter",1579,20,16
colab47_crop_subsample_subsample_n20,diffsbdd,mean_qed,1.293,0.426,2.36,0.03751,0.02901,14,28,crop_radius_minus_1.5,"atom_shuffle,coordinate_jitter",1580,20,14
colab47_crop_subsample_subsample_n20,diffsbdd,mean_qed,1.802,1.12,2.916,0.05093,0.02826,16,32,crop_radius_minus_1.5,"atom_shuffle,coordinate_jitter",1581,20,16
colab47_crop_subsample_subsample_n20,diffsbdd,mean_qed,2.338,1.312,3.626,0.0709,0.03033,17,34,crop_radius_minus_1.5,"atom_shuffle,coordinate_jitter",1582,20,17
colab47_crop_subsample_subsample_n20,diffsbdd,mean_qed,2.336,1.524,3.427,0.06495,0.0278,16,32,crop_radius_minus_1.5,"atom_shuffle,coordinate_jitter",1583,20,16
colab47_crop_subsample_subsample_n20,diffsbdd,mean_qed,2.224,1.189,3.2,0.06611,0.02972,16,32,crop_radius_minus_1.5,"atom_shuffle,coordinate_jitter",1584,20,16
colab47_crop_subsample_subsample_n20,diffsbdd,mean_qed,2.439,1.274,3.151,0.06821,0.02797,18,36,crop_radius_minus_1.5,"atom_shuffle,coordinate_jitter",1585,20,18
colab47_crop_subsample_subsample_n20,diffsbdd,mean_qed,2.574,0.524,4.462,0.0709,0.02755,15,30,crop_radius_minus_1.5,"atom_shuffle,coordinate_jitter",1586,20,15
colab47_crop_subsample_subsample_n20,diffsbdd,mean_qed,2.579,0.756,4.251,0.06677,0.0259,16,32,crop_radius_minus_1.5,"atom_shuffle,coordinate_jitter",1587,20,16
colab47_crop_subsample_subsample_n20,diffsbdd,mean_qed,2.421,0.646,3.669,0.07596,0.03138,14,28,crop_radius_minus_1.5,"atom_shuffle,coordinate_jitter",1588,20,14
colab47_crop_subsample_subsample_n20,diffsbdd,mean_qed,2.347,1.021,3.299,0.0724,0.03085,16,32,crop_radius_minus_1.5,"atom_shuffle,coordinate_jitter",1589,20,16
colab47_crop_subsample_subsample_n20,diffsbdd,mean_qed,1.714,1.168,3.137,0.05368,0.03132,16,32,crop_radius_minus_1.5,"atom_shuffle,coordinate_jitter",1590,20,16
colab47_crop_subsample_subsample_n20,diffsbdd,mean_qed,2.715,1.547,4.172,0.07193,0.02649,17,34,crop_radius_minus_1.5,"atom_shuffle,coordinate_jitter",1591,20,17
colab47_crop_subsample_subsample_n20,diffsbdd,mean_qed,2.572,1.085,3.979,0.07142,0.02777,16,32,crop_radius_minus_1.5,"atom_shuffle,coordinate_jitter",1592,20,16
colab47_crop_subsample_subsample_n20,diffsbdd,mean_qed,2.031,1.063,2.628,0.06169,0.03038,16,32,crop_radius_minus_1.5,"atom_shuffle,coordinate_jitter",1593,20,16
colab47_crop_subsample_subsample_n20,diffsbdd,mean_qed,1.949,1.203,2.916,0.05804,0.02978,16,32,crop_radius_minus_1.5,"atom_shuffle,coordinate_jitter",1594,20,16
colab47_crop_subsample_subsample_n20,diffsbdd,mean_qed,1.982,1.001,2.575,0.06552,0.03305,17,34,crop_radius_minus_1.5,"atom_shuffle,coordinate_jitter",1595,20,17
colab47_crop_subsample_subsample_n20,diffsbdd,mean_qed,2.535,1.384,3.612,0.0709,0.02797,17,34,crop_radius_minus_1.5,"atom_shuffle,coordinate_jitter",1596,20,17
colab47_crop_subsample_subsample_n20,diffsbdd,mean_qed,1.893,1.092,2.506,0.05641,0.0298,15,30,crop_radius_minus_1.5,"atom_shuffle,coordinate_jitter",1597,20,15
colab47_crop_subsample_subsample_n20,diffsbdd,mean_qed,1.817,0.609,3.088,0.05082,0.02797,18,36,crop_radius_minus_1.5,"atom_shuffle,coordinate_jitter",1598,20,18
colab47_crop_subsample_subsample_n20,diffsbdd,mean_qed,2.156,1.361,2.76,0.06285,0.02915,18,36,crop_radius_minus_1.5,"atom_shuffle,coordinate_jitter",1599,20,18
colab47_crop_subsample_subsample_n20,diffsbdd,mean_qed,2.326,1.565,3.57,0.06628,0.0285,16,32,crop_radius_minus_1.5,"atom_shuffle,coordinate_jitter",1600,20,16
colab47_crop_subsample_subsample_n20,diffsbdd,mean_qed,1.972,0.89,4.088,0.05641,0.0286,17,34,crop_radius_minus_1.5,"atom_shuffle,coordinate_jitter",1601,20,17
colab47_crop_subsample_subsample_n20,diffsbdd,mean_qed,1.569,0.423,2.796,0.04509,0.02873,16,32,crop_radius_minus_1.5,"atom_shuffle,coordinate_jitter",1602,20,16
colab47_crop_subsample_subsample_n20,diffsbdd,mean_qed,1.568,0.398,3.187,0.04544,0.02898,17,34,crop_radius_minus_1.5,"atom_shuffle,coordinate_jitter",1603,20,17
colab47_crop_subsample_subsample_n20,diffsbdd,mean_qed,2.518,1.013,4.007,0.06086,0.02417,14,28,crop_radius_minus_1.5,"atom_shuffle,coordinate_jitter",1604,20,14
colab47_crop_subsample_subsample_n20,diffsbdd,mean_qed,1.652,0.822,3.687,0.04544,0.02752,19,38,crop_radius_minus_1.5,"atom_shuffle,coordinate_jitter",1605,20,19
colab47_crop_subsample_subsample_n20,diffsbdd,mean_qed,2.248,0.955,3.56,0.06552,0.02914,17,34,crop_radius_minus_1.5,"atom_shuffle,coordinate_jitter",1606,20,17
colab47_crop_subsample_subsample_n20,diffsbdd,mean_qed,1.934,1.107,2.599,0.0604,0.03123,16,32,crop_radius_minus_1.5,"atom_shuffle,coordinate_jitter",1607,20,16
colab47_crop_subsample_subsample_n20,diffsbdd,mean_qed,3.118,1.266,5.443,0.07288,0.02338,13,26,crop_radius_minus_1.5,"atom_shuffle,coordinate_jitter",1608,20,13
colab47_crop_subsample_subsample_n20,diffsbdd,mean_qed,2.279,1.595,4.029,0.06668,0.02926,18,36,crop_radius_minus_1.5,"atom_shuffle,coordinate_jitter",1609,20,18
colab47_crop_subsample_subsample_n20,diffsbdd,mean_qed,2.337,0.826,3.322,0.06552,0.02803,17,34,crop_radius_minus_1.5,"atom_shuffle,coordinate_jitter",1610,20,17
colab47_crop_subsample_subsample_n20,diffsbdd,mean_qed,1.604,0.524,3.187,0.04211,0.02626,15,30,crop_radius_minus_1.5,"atom_shuffle,coordinate_jitter",1611,20,15
colab47_crop_subsample_subsample_n20,diffsbdd,mean_qed,2.056,1.457,3.176,0.05703,0.02774,18,36,crop_radius_minus_1.5,"atom_shuffle,coordinate_jitter",1612,20,18
colab47_crop_subsample_subsample_n20,diffsbdd,mean_qed,1.175,0.302,2.862,0.03308,0.02815,16,32,crop_radius_minus_1.5,"atom_shuffle,coordinate_jitter",1613,20,16
colab47_crop_subsample_subsample_n20,diffsbdd,mean_qed,1.827,1.033,2.585,0.05714,0.03128,18,36,crop_radius_minus_1.5,"atom_shuffle,coordinate_jitter",1614,20,18
colab47_crop_subsample_subsample_n20,diffsbdd,mean_qed,1.878,0.953,3.287,0.07338,0.03907,17,34,crop_radius_minus_1.5,"atom_shuffle,coordinate_jitter",1615,20,17
colab47_crop_subsample_subsample_n20,diffsbdd,mean_qed,1.836,1.149,2.314,0.0562,0.03062,17,34,crop_radius_minus_1.5,"atom_shuffle,coordinate_jitter",1616,20,17
colab47_crop_subsample_subsample_n20,diffsbdd,mean_qed,2.341,0.698,4.537,0.06784,0.02898,13,26,crop_radius_minus_1.5,"atom_shuffle,coordinate_jitter",1617,20,13
colab47_crop_subsample_subsample_n20,diffsbdd,mean_qed,2.482,1.529,3.313,0.0709,0.02857,19,38,crop_radius_minus_1.5,"atom_shuffle,coordinate_jitter",1618,20,19
colab47_crop_subsample_subsample_n20,diffsbdd,mean_qed,1.818,1.152,2.679,0.05296,0.02913,16,32,crop_radius_minus_1.5,"atom_shuffle,coordinate_jitter",1619,20,16
colab47_crop_subsample_subsample_n20,diffsbdd,mean_qed,2.365,1.275,3.95,0.06889,0.02913,16,32,crop_radius_minus_1.5,"atom_shuffle,coordinate_jitter",1620,20,16
colab47_crop_subsample_subsample_n20,diffsbdd,mean_qed,2.989,1.392,4.221,0.07479,0.02502,17,34,crop_radius_minus_1.5,"atom_shuffle,coordinate_jitter",1621,20,17
colab47_crop_subsample_subsample_n20,diffsbdd,mean_qed,2.658,1.416,3.739,0.07288,0.02742,15,30,crop_radius_minus_1.5,"atom_shuffle,coordinate_jitter",1622,20,15
colab47_crop_subsample_subsample_n20,diffsbdd,mean_qed,2.601,1.377,3.665,0.06285,0.02417,20,40,crop_radius_minus_1.5,"atom_shuffle,coordinate_jitter",1623,20,20
colab47_crop_subsample_subsample_n20,diffsbdd,mean_qed,1.381,0.569,2.561,0.043,0.03114,13,26,crop_radius_minus_1.5,"atom_shuffle,coordinate_jitter",1624,20,13
colab47_crop_subsample_subsample_n20,diffsbdd,mean_qed,1.545,0.805,2.884,0.04825,0.03123,15,30,crop_radius_minus_1.5,"atom_shuffle,coordinate_jitter",1625,20,15
colab47_crop_subsample_subsample_n20,diffsbdd,mean_qed,1.997,0.718,3.165,0.05786,0.02898,17,34,crop_radius_minus_1.5,"atom_shuffle,coordinate_jitter",1626,20,17
colab47_crop_subsample_subsample_n20,diffsbdd,mean_qed,2.114,1.456,2.997,0.0604,0.02857,18,36,crop_radius_minus_1.5,"atom_shuffle,coordinate_jitter",1627,20,18
colab47_crop_subsample_subsample_n20,diffsbdd,mean_qed,1.921,1.153,2.973,0.0562,0.02926,17,34,crop_radius_minus_1.5,"atom_shuffle,coordinate_jitter",1628,20,17
colab47_crop_subsample_subsample_n20,diffsbdd,mean_qed,2.884,1.645,4.021,0.0649,0.0225,16,32,crop_radius_minus_1.5,"atom_shuffle,coordinate_jitter",1629,20,16
colab47_crop_subsample_subsample_n20,diffsbdd,mean_qed,2.14,0.7,2.62,0.06552,0.03061,17,34,crop_radius_minus_1.5,"atom_shuffle,coordinate_jitter",1630,20,17
colab47_crop_subsample_subsample_n20,diffsbdd,mean_qed,1.811,0.841,2.69,0.0562,0.03103,13,26,crop_radius_minus_1.5,"atom_shuffle,coordinate_jitter",1631,20,13
colab47_crop_subsample_subsample_n20,diffsbdd,mean_qed,2.64,1.477,4.29,0.07266,0.02752,16,32,crop_radius_minus_1.5,"atom_shuffle,coordinate_jitter",1632,20,16
colab47_crop_subsample_subsample_n20,diffsbdd,mean_qed,2.151,1.484,3.232,0.0626,0.0291,16,32,crop_radius_minus_1.5,"atom_shuffle,coordinate_jitter",1633,20,16
colab47_crop_subsample_subsample_n20,diffsbdd,mean_qed,1.418,0.402,2.646,0.03902,0.02752,17,34,crop_radius_minus_1.5,"atom_shuffle,coordinate_jitter",1634,20,17
colab47_crop_subsample_subsample_n20,diffsbdd,mean_qed,2.335,0.849,3.663,0.05967,0.02555,19,38,crop_radius_minus_1.5,"atom_shuffle,coordinate_jitter",1635,20,19
colab47_crop_subsample_subsample_n20,diffsbdd,mean_qed,2.035,1.124,2.668,0.06937,0.0341,16,32,crop_radius_minus_1.5,"atom_shuffle,coordinate_jitter",1636,20,16
colab47_crop_subsample_subsample_n20,diffsbdd,mean_qed,2.011,0.553,3.972,0.0566,0.02815,18,36,crop_radius_minus_1.5,"atom_shuffle,coordinate_jitter",1637,20,18
colab47_crop_subsample_subsample_n20,diffsbdd,mean_qed,2.359,1.579,3.081,0.07193,0.03049,19,38,crop_radius_minus_1.5,"atom_shuffle,coordinate_jitter",1638,20,19
colab47_crop_subsample_subsample_n20,diffsbdd,mean_qed,1.487,0.974,2.584,0.04685,0.03152,18,36,crop_radius_minus_1.5,"atom_shuffle,coordinate_jitter",1639,20,18
colab47_crop_subsample_subsample_n20,diffsbdd,mean_qed,2.018,1.394,5.076,0.0495,0.02453,15,30,crop_radius_minus_1.5,"atom_shuffle,coordinate_jitter",1640,20,15
colab47_crop_subsample_subsample_n20,diffsbdd,mean_qed,2.476,0.73,3.539,0.0709,0.02863,17,34,crop_radius_minus_1.5,"atom_shuffle,coordinate_jitter",1641,20,17
colab47_crop_subsample_subsample_n20,diffsbdd,mean_qed,2.017,1.585,2.609,0.05877,0.02913,18,36,crop_radius_minus_1.5,"atom_shuffle,coordinate_jitter",1642,20,18
colab47_crop_subsample_subsample_n20,diffsbdd,mean_qed,1.27,0.738,2.035,0.04256,0.03352,18,36,crop_radius_minus_1.5,"atom_shuffle,coordinate_jitter",1643,20,18
colab47_crop_subsample_subsample_n20,diffsbdd,mean_qed,2.233,1.375,3.21,0.07286,0.03263,15,30,crop_radius_minus_1.5,"atom_shuffle,coordinate_jitter",1644,20,15
colab47_crop_subsample_subsample_n20,diffsbdd,mean_qed,1.31,0.777,2.043,0.03903,0.0298,17,34,crop_radius_minus_1.5,"atom_shuffle,coordinate_jitter",1645,20,17
colab47_crop_subsample_subsample_n20,diffsbdd,mean_qed,1.926,0.77,3.048,0.05714,0.02967,16,32,crop_radius_minus_1.5,"atom_shuffle,coordinate_jitter",1646,20,16
colab47_crop_subsample_subsample_n20,diffsbdd,mean_qed,2.199,1.158,2.913,0.06552,0.0298,17,34,crop_radius_minus_1.5,"atom_shuffle,coordinate_jitter",1647,20,17
colab47_crop_subsample_subsample_n20,diffsbdd,mean_qed,1.799,0.848,3.243,0.0495,0.02752,17,34,crop_radius_minus_1.5,"atom_shuffle,coordinate_jitter",1648,20,17
colab47_crop_subsample_subsample_n20,diffsbdd,mean_qed,1.544,0.726,2.507,0.04518,0.02926,16,32,crop_radius_minus_1.5,"atom_shuffle,coordinate_jitter",1649,20,16
colab47_crop_subsample_subsample_n20,diffsbdd,mean_qed,2.943,1.944,4.989,0.07287,0.02476,16,32,crop_radius_minus_1.5,"atom_shuffle,coordinate_jitter",1650,20,16
colab47_crop_subsample_subsample_n20,diffsbdd,mean_qed,1.949,1.037,2.902,0.05967,0.03061,17,34,crop_radius_minus_1.5,"atom_shuffle,coordinate_jitter",1651,20,17
colab47_crop_subsample_subsample_n20,diffsbdd,mean_qed,2.268,1.361,3.866,0.06919,0.03051,14,28,crop_radius_minus_1.5,"atom_shuffle,coordinate_jitter",1652,20,14
colab47_crop_subsample_subsample_n20,diffsbdd,mean_qed,2.178,0.794,3.12,0.06552,0.03009,17,34,crop_radius_minus_1.5,"atom_shuffle,coordinate_jitter",1653,20,17
colab47_crop_subsample_subsample_n20,diffsbdd,mean_qed,2.128,1.109,3.004,0.06169,0.02898,16,32,crop_radius_minus_1.5,"atom_shuffle,coordinate_jitter",1654,20,16
colab47_crop_subsample_subsample_n20,diffsbdd,mean_qed,1.529,0.932,2.936,0.04015,0.02626,16,32,crop_radius_minus_1.5,"atom_shuffle,coordinate_jitter",1655,20,16
colab47_crop_subsample_subsample_n20,diffsbdd,mean_qed,1.41,0.813,2.421,0.04544,0.03224,17,34,crop_radius_minus_1.5,"atom_shuffle,coordinate_jitter",1656,20,17
colab47_crop_subsample_subsample_n20,diffsbdd,mean_qed,2.182,1.442,3.225,0.06784,0.0311,15,30,crop_radius_minus_1.5,"atom_shuffle,coordinate_jitter",1657,20,15
colab47_crop_subsample_subsample_n20,diffsbdd,mean_qed,2.295,1.372,3.359,0.07035,0.03066,16,32,crop_radius_minus_1.5,"atom_shuffle,coordinate_jitter",1658,20,16
colab47_crop_subsample_subsample_n20,diffsbdd,mean_qed,2.137,1.045,3.102,0.06552,0.03066,13,26,crop_radius_minus_1.5,"atom_shuffle,coordinate_jitter",1659,20,13
colab47_crop_subsample_subsample_n20,diffsbdd,mean_qed,1.966,1.17,2.799,0.05703,0.02901,18,36,crop_radius_minus_1.5,"atom_shuffle,coordinate_jitter",1660,20,18
colab47_crop_subsample_subsample_n20,diffsbdd,mean_qed,2.341,1.346,3.118,0.06784,0.02898,17,34,crop_radius_minus_1.5,"atom_shuffle,coordinate_jitter",1661,20,17
colab47_crop_subsample_subsample_n20,diffsbdd,mean_qed,2.255,0.964,3.895,0.06213,0.02755,16,32,crop_radius_minus_1.5,"atom_shuffle,coordinate_jitter",1662,20,16
colab47_crop_subsample_subsample_n20,diffsbdd,mean_qed,2.602,1.338,4.614,0.06784,0.02607,17,34,crop_radius_minus_1.5,"atom_shuffle,coordinate_jitter",1663,20,17
colab47_crop_subsample_subsample_n20,diffsbdd,mean_qed,2.299,1.085,3.9,0.06863,0.02985,16,32,crop_radius_minus_1.5,"atom_shuffle,coordinate_jitter",1664,20,16
colab47_crop_subsample_subsample_n20,diffsbdd,mean_qed,2.503,1.474,4.064,0.0734,0.02932,15,30,crop_radius_minus_1.5,"atom_shuffle,coordinate_jitter",1665,20,15
colab47_crop_subsample_subsample_n20,diffsbdd,mean_qed,1.788,0.947,3.139,0.06056,0.03387,16,32,crop_radius_minus_1.5,"atom_shuffle,coordinate_jitter",1666,20,16
colab47_crop_subsample_subsample_n20,diffsbdd,mean_qed,1.818,1.088,2.381,0.05641,0.03103,19,38,crop_radius_minus_1.5,"atom_shuffle,coordinate_jitter",1667,20,19
colab47_crop_subsample_subsample_n20,diffsbdd,mean_qed,1.302,0.325,2.443,0.03795,0.02915,16,32,crop_radius_minus_1.5,"atom_shuffle,coordinate_jitter",1668,20,16
colab47_crop_subsample_subsample_n20,diffsbdd,mean_qed,2.322,1.335,4.205,0.07286,0.03138,13,26,crop_radius_minus_1.5,"atom_shuffle,coordinate_jitter",1669,20,13
colab47_crop_subsample_subsample_n20,diffsbdd,mean_qed,2.296,1.522,3.518,0.07339,0.03197,16,32,crop_radius_minus_1.5,"atom_shuffle,coordinate_jitter",1670,20,16
colab47_crop_subsample_subsample_n20,diffsbdd,mean_qed,3.21,1.427,4.312,0.07142,0.02225,12,24,crop_radius_minus_1.5,"atom_shuffle,coordinate_jitter",1671,20,12
colab47_crop_subsample_subsample_n20,diffsbdd,mean_qed,1.62,0.949,3.442,0.05786,0.03572,13,26,crop_radius_minus_1.5,"atom_shuffle,coordinate_jitter",1672,20,13
colab47_crop_subsample_subsample_n20,diffsbdd,mean_qed,2.071,1.287,3.084,0.06438,0.03108,17,34,crop_radius_minus_1.5,"atom_shuffle,coordinate_jitter",1673,20,17
colab47_crop_subsample_subsample_n20,diffsbdd,mean_qed,1.921,0.634,2.682,0.0562,0.02926,17,34,crop_radius_minus_1.5,"atom_shuffle,coordinate_jitter",1674,20,17
colab47_crop_subsample_subsample_n20,diffsbdd,mean_qed,2.063,1.31,3.503,0.0562,0.02724,15,30,crop_radius_minus_1.5,"atom_shuffle,coordinate_jitter",1675,20,15
colab47_crop_subsample_subsample_n20,diffsbdd,mean_qed,2.201,1.427,3.51,0.05786,0.02629,19,38,crop_radius_minus_1.5,"atom_shuffle,coordinate_jitter",1676,20,19
colab47_crop_subsample_subsample_n20,diffsbdd,mean_qed,1.954,1.199,3.298,0.05877,0.03007,18,36,crop_radius_minus_1.5,"atom_shuffle,coordinate_jitter",1677,20,18
colab47_crop_subsample_subsample_n20,diffsbdd,mean_qed,2.386,1.409,4.015,0.06764,0.02835,16,32,crop_radius_minus_1.5,"atom_shuffle,coordinate_jitter",1678,20,16
colab47_crop_subsample_subsample_n20,diffsbdd,mean_qed,2.009,1.384,3.622,0.05694,0.02835,18,36,crop_radius_minus_1.5,"atom_shuffle,coordinate_jitter",1679,20,18
colab47_crop_subsample_subsample_n20,diffsbdd,mean_qed,1.702,0.89,3.16,0.04888,0.02872,16,32,crop_radius_minus_1.5,"atom_shuffle,coordinate_jitter",1680,20,16
colab47_crop_subsample_subsample_n20,diffsbdd,mean_qed,1.843,0.479,2.69,0.05641,0.03061,15,30,crop_radius_minus_1.5,"atom_shuffle,coordinate_jitter",1681,20,15
colab47_crop_subsample_subsample_n20,diffsbdd,mean_qed,1.65,0.745,2.919,0.04625,0.02803,16,32,crop_radius_minus_1.5,"atom_shuffle,coordinate_jitter",1682,20,16
colab47_crop_subsample_subsample_n20,diffsbdd,mean_qed,1.415,0.404,2.446,0.043,0.03038,15,30,crop_radius_minus_1.5,"atom_shuffle,coordinate_jitter",1683,20,15
colab47_crop_subsample_subsample_n20,diffsbdd,mean_qed,1.811,1.092,2.434,0.05641,0.03114,17,34,crop_radius_minus_1.5,"atom_shuffle,coordinate_jitter",1684,20,17
colab47_crop_subsample_subsample_n20,diffsbdd,mean_qed,1.753,1.074,2.589,0.05082,0.02898,18,36,crop_radius_minus_1.5,"atom_shuffle,coordinate_jitter",1685,20,18
colab47_crop_subsample_subsample_n20,diffsbdd,mean_qed,1.39,0.702,2.28,0.04223,0.03038,16,32,crop_radius_minus_1.5,"atom_shuffle,coordinate_jitter",1686,20,16
colab47_crop_subsample_subsample_n20,diffsbdd,mean_qed,1.946,1.011,2.986,0.05641,0.02898,19,38,crop_radius_minus_1.5,"atom_shuffle,coordinate_jitter",1687,20,19
colab47_crop_subsample_subsample_n20,diffsbdd,mean_qed,1.454,0.509,2.852,0.0417,0.02867,18,36,crop_radius_minus_1.5,"atom_shuffle,coordinate_jitter",1688,20,18
colab47_crop_subsample_subsample_n20,diffsbdd,mean_qed,1.952,0.867,2.765,0.07286,0.03732,13,26,crop_radius_minus_1.5,"atom_shuffle,coordinate_jitter",1689,20,13
colab47_crop_subsample_subsample_n20,diffsbdd,mean_qed,3.044,1.834,4.043,0.07193,0.02363,19,38,crop_radius_minus_1.5,"atom_shuffle,coordinate_jitter",1690,20,19
colab47_crop_subsample_subsample_n20,diffsbdd,mean_qed,2.08,0.391,3.749,0.05877,0.02826,18,36,crop_radius_minus_1.5,"atom_shuffle,coordinate_jitter",1691,20,18
colab47_crop_subsample_subsample_n20,diffsbdd,mean_qed,2.04,1.13,3.127,0.05967,0.02926,17,34,crop_radius_minus_1.5,"atom_shuffle,coordinate_jitter",1692,20,17
colab47_crop_subsample_subsample_n20,diffsbdd,mean_qed,1.725,0.669,2.683,0.04825,0.02797,17,34,crop_radius_minus_1.5,"atom_shuffle,coordinate_jitter",1693,20,17
colab47_crop_subsample_subsample_n20,diffsbdd,mean_qed,2.911,2.001,4.496,0.07241,0.02487,14,28,crop_radius_minus_1.5,"atom_shuffle,coordinate_jitter",1694,20,14
colab47_crop_subsample_subsample_n20,diffsbdd,mean_qed,2.377,1.406,2.626,0.07286,0.03066,17,34,crop_radius_minus_1.5,"atom_shuffle,coordinate_jitter",1695,20,17
colab47_crop_subsample_subsample_n20,diffsbdd,mean_qed,2.569,2.064,3.945,0.07479,0.02911,15,30,crop_radius_minus_1.5,"atom_shuffle,coordinate_jitter",1696,20,15
colab47_crop_subsample_subsample_n20,diffsbdd,mean_qed,1.831,0.99,2.769,0.05306,0.02898,16,32,crop_radius_minus_1.5,"atom_shuffle,coordinate_jitter",1697,20,16
colab47_crop_subsample_subsample_n20,diffsbdd,mean_qed,2.341,1.348,2.981,0.06784,0.02898,17,34,crop_radius_minus_1.5,"atom_shuffle,coordinate_jitter",1698,20,17
colab47_crop_subsample_subsample_n20,diffsbdd,mean_qed,2.019,0.374,3.014,0.0562,0.02783,17,34,crop_radius_minus_1.5,"atom_shuffle,coordinate_jitter",1699,20,17
colab47_crop_subsample_subsample_n20,diffsbdd,mean_qed,2.1,1.274,2.647,0.0626,0.0298,16,32,crop_radius_minus_1.5,"atom_shuffle,coordinate_jitter",1700,20,16
colab47_crop_subsample_subsample_n20,diffsbdd,mean_qed,1.931,1.117,3.418,0.05368,0.0278,16,32,crop_radius_minus_1.5,"atom_shuffle,coordinate_jitter",1701,20,16
colab47_crop_subsample_subsample_n20,diffsbdd,mean_qed,2.258,1.312,3.375,0.06285,0.02783,16,32,crop_radius_minus_1.5,"atom_shuffle,coordinate_jitter",1702,20,16
colab47_crop_subsample_subsample_n20,diffsbdd,mean_qed,1.428,0.915,2.797,0.04256,0.0298,16,32,crop_radius_minus_1.5,"atom_shuffle,coordinate_jitter",1703,20,16
colab47_crop_subsample_subsample_n20,diffsbdd,mean_qed,2.997,1.651,4.283,0.07193,0.024,19,38,crop_radius_minus_1.5,"atom_shuffle,coordinate_jitter",1704,20,19
colab47_crop_subsample_subsample_n20,diffsbdd,mean_qed,1.626,0.738,2.612,0.05093,0.03132,16,32,crop_radius_minus_1.5,"atom_shuffle,coordinate_jitter",1705,20,16
colab47_crop_subsample_subsample_n20,diffsbdd,mean_qed,2.357,1.092,3.612,0.06438,0.02731,15,30,crop_radius_minus_1.5,"atom_shuffle,coordinate_jitter",1706,20,15
colab47_crop_subsample_subsample_n20,diffsbdd,mean_qed,1.738,0.674,3.265,0.05043,0.02901,14,28,crop_radius_minus_1.5,"atom_shuffle,coordinate_jitter",1707,20,14
colab47_crop_subsample_subsample_n20,diffsbdd,mean_qed,2.436,0.364,3.359,0.0709,0.02911,17,34,crop_radius_minus_1.5,"atom_shuffle,coordinate_jitter",1708,20,17
colab47_crop_subsample_subsample_n20,diffsbdd,mean_qed,1.613,1.01,2.488,0.05296,0.03282,14,28,crop_radius_minus_1.5,"atom_shuffle,coordinate_jitter",1709,20,14
colab47_crop_subsample_subsample_n20,diffsbdd,mean_qed,1.893,0.93,2.531,0.05877,0.03104,16,32,crop_radius_minus_1.5,"atom_shuffle,coordinate_jitter",1710,20,16
colab47_crop_subsample_subsample_n20,diffsbdd,mean_qed,2.044,0.953,3.512,0.06668,0.03263,14,28,crop_radius_minus_1.5,"atom_shuffle,coordinate_jitter",1711,20,14
colab47_crop_subsample_subsample_n20,diffsbdd,mean_qed,2.009,1.263,2.991,0.05877,0.02926,16,32,crop_radius_minus_1.5,"atom_shuffle,coordinate_jitter",1712,20,16
colab47_crop_subsample_subsample_n20,diffsbdd,mean_qed,1.916,1.073,2.869,0.05694,0.02972,16,32,crop_radius_minus_1.5,"atom_shuffle,coordinate_jitter",1713,20,16
colab47_crop_subsample_subsample_n20,diffsbdd,mean_qed,1.581,0.339,2.906,0.0495,0.03132,15,30,crop_radius_minus_1.5,"atom_shuffle,coordinate_jitter",1714,20,15
colab47_crop_subsample_subsample_n20,diffsbdd,mean_qed,1.866,1.11,2.511,0.0604,0.03237,18,36,crop_radius_minus_1.5,"atom_shuffle,coordinate_jitter",1715,20,18
colab47_crop_subsample_subsample_n20,diffsbdd,mean_qed,1.951,1.256,2.953,0.06112,0.03132,16,32,crop_radius_minus_1.5,"atom_shuffle,coordinate_jitter",1716,20,16
colab47_crop_subsample_subsample_n20,diffsbdd,mean_qed,1.625,1.039,2.548,0.05786,0.03561,17,34,crop_radius_minus_1.5,"atom_shuffle,coordinate_jitter",1717,20,17
colab47_crop_subsample_subsample_n20,diffsbdd,mean_qed,2.246,0.362,3.297,0.0562,0.02502,15,30,crop_radius_minus_1.5,"atom_shuffle,coordinate_jitter",1718,20,15
colab47_crop_subsample_subsample_n20,diffsbdd,mean_qed,1.857,1.363,2.829,0.05641,0.03037,17,34,crop_radius_minus_1.5,"atom_shuffle,coordinate_jitter",1719,20,17
colab47_crop_subsample_subsample_n20,diffsbdd,mean_qed,2.632,1.648,4.007,0.07188,0.02731,16,32,crop_radius_minus_1.5,"atom_shuffle,coordinate_jitter",1720,20,16
colab47_crop_subsample_subsample_n20,diffsbdd,mean_qed,2.357,1.113,4.091,0.06438,0.02731,18,36,crop_radius_minus_1.5,"atom_shuffle,coordinate_jitter",1721,20,18
colab47_crop_subsample_subsample_n20,diffsbdd,mean_qed,2.576,1.514,5.223,0.07313,0.02839,16,32,crop_radius_minus_1.5,"atom_shuffle,coordinate_jitter",1722,20,16
colab47_crop_subsample_subsample_n20,diffsbdd,mean_qed,1.453,0.76,2.213,0.04685,0.03224,18,36,crop_radius_minus_1.5,"atom_shuffle,coordinate_jitter",1723,20,18
colab47_crop_subsample_subsample_n20,diffsbdd,mean_qed,2.284,0.459,3.805,0.05082,0.02225,16,32,crop_radius_minus_1.5,"atom_shuffle,coordinate_jitter",1724,20,16
colab47_crop_subsample_subsample_n20,diffsbdd,mean_qed,1.864,1.275,2.754,0.05714,0.03066,16,32,crop_radius_minus_1.5,"atom_shuffle,coordinate_jitter",1725,20,16
colab47_crop_subsample_subsample_n20,diffsbdd,mean_qed,2.269,0.995,3.018,0.07313,0.03224,18,36,crop_radius_minus_1.5,"atom_shuffle,coordinate_jitter",1726,20,18
colab47_crop_subsample_subsample_n20,diffsbdd,mean_qed,1.755,0.597,2.571,0.05459,0.0311,16,32,crop_radius_minus_1.5,"atom_shuffle,coordinate_jitter",1727,20,16
colab47_crop_subsample_subsample_n20,diffsbdd,mean_qed,1.783,0.786,3.381,0.0495,0.02777,17,34,crop_radius_minus_1.5,"atom_shuffle,coordinate_jitter",1728,20,17
colab47_crop_subsample_subsample_n20,diffsbdd,mean_qed,1.809,0.699,3.211,0.04685,0.0259,16,32,crop_radius_minus_1.5,"atom_shuffle,coordinate_jitter",1729,20,16
colab47_crop_subsample_subsample_n20,diffsbdd,mean_qed,2.154,1.576,3.334,0.06169,0.02863,18,36,crop_radius_minus_1.5,"atom_shuffle,coordinate_jitter",1730,20,18
colab47_crop_subsample_subsample_n20,diffsbdd,mean_qed,1.581,1.002,2.584,0.04422,0.02797,18,36,crop_radius_minus_1.5,"atom_shuffle,coordinate_jitter",1731,20,18
colab47_crop_subsample_subsample_n20,diffsbdd,mean_qed,1.286,0.42,2.22,0.03902,0.03033,15,30,crop_radius_minus_1.5,"atom_shuffle,coordinate_jitter",1732,20,15
colab47_crop_subsample_subsample_n20,diffsbdd,mean_qed,1.608,1.107,2.481,0.04544,0.02826,19,38,crop_radius_minus_1.5,"atom_shuffle,coordinate_jitter",1733,20,19
colab47_crop_subsample_subsample_n20,diffsbdd,mean_qed,1.814,1.234,2.289,0.05631,0.03104,18,36,crop_radius_minus_1.5,"atom_shuffle,coordinate_jitter",1734,20,18
colab47_crop_subsample_subsample_n20,diffsbdd,mean_qed,1.416,0.387,2.519,0.04128,0.02915,17,34,crop_radius_minus_1.5,"atom_shuffle,coordinate_jitter",1735,20,17
colab47_crop_subsample_subsample_n20,diffsbdd,mean_qed,2.16,1.42,3.332,0.06552,0.03033,17,34,crop_radius_minus_1.5,"atom_shuffle,coordinate_jitter",1736,20,17
colab47_crop_subsample_subsample_n20,diffsbdd,mean_qed,1.165,0.297,2.312,0.03291,0.02826,17,34,crop_radius_minus_1.5,"atom_shuffle,coordinate_jitter",1737,20,17
colab47_crop_subsample_subsample_n20,diffsbdd,mean_qed,1.905,1.239,2.627,0.05786,0.03038,19,38,crop_radius_minus_1.5,"atom_shuffle,coordinate_jitter",1738,20,19
colab47_crop_subsample_subsample_n20,diffsbdd,mean_qed,2.134,1.358,3.239,0.05285,0.02476,18,36,crop_radius_minus_1.5,"atom_shuffle,coordinate_jitter",1739,20,18
colab47_crop_subsample_subsample_n20,diffsbdd,mean_qed,2.479,1.138,4.22,0.06417,0.02588,14,28,crop_radius_minus_1.5,"atom_shuffle,coordinate_jitter",1740,20,14
colab47_crop_subsample_subsample_n20,diffsbdd,mean_qed,2.12,0.714,3.149,0.06653,0.03138,16,32,crop_radius_minus_1.5,"atom_shuffle,coordinate_jitter",1741,20,16
colab47_crop_subsample_subsample_n20,diffsbdd,mean_qed,3.129,1.441,4.093,0.07288,0.02329,17,34,crop_radius_minus_1.5,"atom_shuffle,coordinate_jitter",1742,20,17
colab47_crop_subsample_subsample_n20,diffsbdd,mean_qed,2.128,1.007,3.474,0.04544,0.02136,17,34,crop_radius_minus_1.5,"atom_shuffle,coordinate_jitter",1743,20,17
colab47_crop_subsample_subsample_n20,diffsbdd,mean_qed,2.06,1.073,2.747,0.06552,0.0318,17,34,crop_radius_minus_1.5,"atom_shuffle,coordinate_jitter",1744,20,17
colab47_crop_subsample_subsample_n20,diffsbdd,mean_qed,2.278,1.622,3.963,0.06438,0.02826,17,34,crop_radius_minus_1.5,"atom_shuffle,coordinate_jitter",1745,20,17
colab47_crop_subsample_subsample_n20,diffsbdd,mean_qed,1.385,0.327,2.397,0.04128,0.0298,17,34,crop_radius_minus_1.5,"atom_shuffle,coordinate_jitter",1746,20,17
colab47_crop_subsample_subsample_n20,diffsbdd,mean_qed,1.989,0.443,3.238,0.0562,0.02826,17,34,crop_radius_minus_1.5,"atom_shuffle,coordinate_jitter",1747,20,17
colab47_crop_subsample_subsample_n20,diffsbdd,mean_qed,1.949,1.189,2.624,0.05967,0.03062,15,30,crop_radius_minus_1.5,"atom_shuffle,coordinate_jitter",1748,20,15
colab47_crop_subsample_subsample_n20,diffsbdd,mean_qed,2.027,0.364,3.075,0.0604,0.0298,18,36,crop_radius_minus_1.5,"atom_shuffle,coordinate_jitter",1749,20,18
colab47_crop_subsample_subsample_n20,diffsbdd,mean_qed,0.958,0.244,3.03,0.02616,0.02731,14,28,crop_radius_minus_1.5,"atom_shuffle,coordinate_jitter",1750,20,14
colab47_crop_subsample_subsample_n20,diffsbdd,mean_qed,1.383,0.917,2.646,0.04685,0.03387,18,36,crop_radius_minus_1.5,"atom_shuffle,coordinate_jitter",1751,20,18
colab47_crop_subsample_subsample_n20,diffsbdd,mean_qed,1.656,0.86,2.887,0.04825,0.02913,15,30,crop_radius_minus_1.5,"atom_shuffle,coordinate_jitter",1752,20,15
colab47_crop_subsample_subsample_n20,diffsbdd,mean_qed,1.994,1.257,2.49,0.06112,0.03066,20,40,crop_radius_minus_1.5,"atom_shuffle,coordinate_jitter",1753,20,20
colab47_crop_subsample_subsample_n20,diffsbdd,mean_qed,1.949,0.792,3.087,0.05804,0.02978,16,32,crop_radius_minus_1.5,"atom_shuffle,coordinate_jitter",1754,20,16
colab47_crop_subsample_subsample_n20,diffsbdd,mean_qed,2.556,1.466,3.973,0.07193,0.02815,15,30,crop_radius_minus_1.5,"atom_shuffle,coordinate_jitter",1755,20,15
colab47_crop_subsample_subsample_n20,diffsbdd,mean_qed,1.668,1.207,3.475,0.0495,0.02967,19,38,crop_radius_minus_1.5,"atom_shuffle,coordinate_jitter",1756,20,19
colab47_crop_subsample_subsample_n20,diffsbdd,mean_qed,1.71,0.999,3.387,0.05093,0.02978,14,28,crop_radius_minus_1.5,"atom_shuffle,coordinate_jitter",1757,20,14
colab47_crop_subsample_subsample_n20,diffsbdd,mean_qed,2.082,1.392,3.436,0.06203,0.02979,16,32,crop_radius_minus_1.5,"atom_shuffle,coordinate_jitter",1758,20,16
colab47_crop_subsample_subsample_n20,diffsbdd,mean_qed,2.652,1.343,3.702,0.06784,0.02558,17,34,crop_radius_minus_1.5,"atom_shuffle,coordinate_jitter",1759,20,17
colab47_crop_subsample_subsample_n20,diffsbdd,mean_qed,1.858,0.729,3.767,0.04885,0.02629,16,32,crop_radius_minus_1.5,"atom_shuffle,coordinate_jitter",1760,20,16
colab47_crop_subsample_subsample_n20,diffsbdd,mean_qed,1.807,1.035,3.122,0.05306,0.02937,16,32,crop_radius_minus_1.5,"atom_shuffle,coordinate_jitter",1761,20,16
colab47_crop_subsample_subsample_n20,diffsbdd,mean_qed,2.247,1.183,2.848,0.07288,0.03244,17,34,crop_radius_minus_1.5,"atom_shuffle,coordinate_jitter",1762,20,17
colab47_crop_subsample_subsample_n20,diffsbdd,mean_qed,2.233,1.238,2.823,0.06784,0.03038,15,30,crop_radius_minus_1.5,"atom_shuffle,coordinate_jitter",1763,20,15
colab47_crop_subsample_subsample_n20,diffsbdd,mean_qed,1.874,1.162,3.276,0.05459,0.02913,16,32,crop_radius_minus_1.5,"atom_shuffle,coordinate_jitter",1764,20,16
colab47_crop_subsample_subsample_n20,diffsbdd,mean_qed,2.443,0.408,3.73,0.06784,0.02777,15,30,crop_radius_minus_1.5,"atom_shuffle,coordinate_jitter",1765,20,15
colab47_crop_subsample_subsample_n20,diffsbdd,mean_qed,2.004,1.244,2.593,0.05967,0.02978,19,38,crop_radius_minus_1.5,"atom_shuffle,coordinate_jitter",1766,20,19
colab47_crop_subsample_subsample_n20,diffsbdd,mean_qed,2.342,1.197,3.27,0.0562,0.024,17,34,crop_radius_minus_1.5,"atom_shuffle,coordinate_jitter",1767,20,17
colab47_crop_subsample_subsample_n20,diffsbdd,mean_qed,1.769,1.103,2.654,0.05703,0.03224,16,32,crop_radius_minus_1.5,"atom_shuffle,coordinate_jitter",1768,20,16
colab47_crop_subsample_subsample_n20,diffsbdd,mean_qed,2.427,1.734,3.467,0.07193,0.02964,19,38,crop_radius_minus_1.5,"atom_shuffle,coordinate_jitter",1769,20,19
colab47_crop_subsample_subsample_n20,diffsbdd,mean_qed,2.227,1.292,3.077,0.06611,0.02968,16,32,crop_radius_minus_1.5,"atom_shuffle,coordinate_jitter",1770,20,16
colab47_crop_subsample_subsample_n20,diffsbdd,mean_qed,1.402,0.961,2.411,0.04685,0.03341,16,32,crop_radius_minus_1.5,"atom_shuffle,coordinate_jitter",1771,20,16
colab47_crop_subsample_subsample_n20,diffsbdd,mean_qed,2.712,0.956,3.641,0.06438,0.02374,15,30,crop_radius_minus_1.5,"atom_shuffle,coordinate_jitter",1772,20,15
colab47_crop_subsample_subsample_n20,diffsbdd,mean_qed,1.884,1.01,3.481,0.05459,0.02898,16,32,crop_radius_minus_1.5,"atom_shuffle,coordinate_jitter",1773,20,16
colab47_crop_subsample_subsample_n20,diffsbdd,mean_qed,2.052,1.528,3.72,0.05877,0.02863,18,36,crop_radius_minus_1.5,"atom_shuffle,coordinate_jitter",1774,20,18
colab47_crop_subsample_subsample_n20,diffsbdd,mean_qed,2.009,0.815,3.127,0.0562,0.02797,17,34,crop_radius_minus_1.5,"atom_shuffle,coordinate_jitter",1775,20,17
colab47_crop_subsample_subsample_n20,diffsbdd,mean_qed,1.83,0.806,3.356,0.05256,0.02872,16,32,crop_radius_minus_1.5,"atom_shuffle,coordinate_jitter",1776,20,16
colab47_crop_subsample_subsample_n20,diffsbdd,mean_qed,1.762,0.403,3.206,0.0496,0.02815,16,32,crop_radius_minus_1.5,"atom_shuffle,coordinate_jitter",1777,20,16
colab47_crop_subsample_subsample_n20,diffsbdd,mean_qed,2.215,1.525,3.467,0.06495,0.02933,18,36,crop_radius_minus_1.5,"atom_shuffle,coordinate_jitter",1778,20,18
colab47_crop_subsample_subsample_n20,diffsbdd,mean_qed,1.691,0.648,2.481,0.05631,0.03329,14,28,crop_radius_minus_1.5,"atom_shuffle,coordinate_jitter",1779,20,14
colab47_crop_subsample_subsample_n20,diffsbdd,mean_qed,1.382,0.988,2.122,0.04422,0.032,16,32,crop_radius_minus_1.5,"atom_shuffle,coordinate_jitter",1780,20,16
colab47_crop_subsample_subsample_n20,diffsbdd,mean_qed,1.824,1.151,2.665,0.05223,0.02863,18,36,crop_radius_minus_1.5,"atom_shuffle,coordinate_jitter",1781,20,18
colab47_crop_subsample_subsample_n20,diffsbdd,mean_qed,1.747,0.874,2.422,0.05631,0.03224,16,32,crop_radius_minus_1.5,"atom_shuffle,coordinate_jitter",1782,20,16
colab47_crop_subsample_subsample_n20,diffsbdd,mean_qed,1.861,1.199,3.224,0.05082,0.02731,16,32,crop_radius_minus_1.5,"atom_shuffle,coordinate_jitter",1783,20,16
colab47_crop_subsample_subsample_n20,diffsbdd,mean_qed,1.655,0.701,2.574,0.04825,0.02915,15,30,crop_radius_minus_1.5,"atom_shuffle,coordinate_jitter",1784,20,15
colab47_crop_subsample_subsample_n20,diffsbdd,mean_qed,1.386,0.309,2.084,0.043,0.03103,15,30,crop_radius_minus_1.5,"atom_shuffle,coordinate_jitter",1785,20,15
colab47_crop_subsample_subsample_n20,diffsbdd,mean_qed,2.52,1.536,3.3,0.07312,0.02901,16,32,crop_radius_minus_1.5,"atom_shuffle,coordinate_jitter",1786,20,16
colab47_crop_subsample_subsample_n20,diffsbdd,mean_qed,1.288,0.809,2.13,0.04422,0.03433,16,32,crop_radius_minus_1.5,"atom_shuffle,coordinate_jitter",1787,20,16
colab47_crop_subsample_subsample_n20,diffsbdd,mean_qed,2.188,1.458,3.743,0.05368,0.02453,18,36,crop_radius_minus_1.5,"atom_shuffle,coordinate_jitter",1788,20,18
colab47_crop_subsample_subsample_n20,diffsbdd,mean_qed,2.211,1.096,3.485,0.06438,0.02911,17,34,crop_radius_minus_1.5,"atom_shuffle,coordinate_jitter",1789,20,17
colab47_crop_subsample_subsample_n20,diffsbdd,mean_qed,2.005,1.39,2.712,0.0562,0.02803,17,34,crop_radius_minus_1.5,"atom_shuffle,coordinate_jitter",1790,20,17
colab47_crop_subsample_subsample_n20,diffsbdd,mean_qed,3.627,1.693,6.78,0.07338,0.02023,15,30,crop_radius_minus_1.5,"atom_shuffle,coordinate_jitter",1791,20,15
colab47_crop_subsample_subsample_n20,diffsbdd,mean_qed,1.559,0.297,3.239,0.04544,0.02915,13,26,crop_radius_minus_1.5,"atom_shuffle,coordinate_jitter",1792,20,13
colab47_crop_subsample_subsample_n20,diffsbdd,mean_qed,2.217,1.526,3.569,0.06203,0.02797,16,32,crop_radius_minus_1.5,"atom_shuffle,coordinate_jitter",1793,20,16
colab47_crop_subsample_subsample_n20,diffsbdd,mean_qed,1.72,0.897,3.087,0.05223,0.03037,14,28,crop_radius_minus_1.5,"atom_shuffle,coordinate_jitter",1794,20,14
colab47_crop_subsample_subsample_n20,diffsbdd,mean_qed,1.887,0.669,2.863,0.05786,0.03066,17,34,crop_radius_minus_1.5,"atom_shuffle,coordinate_jitter",1795,20,17
colab47_crop_subsample_subsample_n20,diffsbdd,mean_qed,3.32,1.613,4.638,0.0709,0.02136,17,34,crop_radius_minus_1.5,"atom_shuffle,coordinate_jitter",1796,20,17
colab47_crop_subsample_subsample_n20,diffsbdd,mean_qed,1.774,1.162,2.514,0.05714,0.03221,16,32,crop_radius_minus_1.5,"atom_shuffle,coordinate_jitter",1797,20,16
colab47_crop_subsample_subsample_n20,diffsbdd,mean_qed,2.195,1.28,4.662,0.05877,0.02678,14,28,crop_radius_minus_1.5,"atom_shuffle,coordinate_jitter",1798,20,14
colab47_crop_subsample_subsample_n20,diffsbdd,mean_qed,2.208,0.499,3.608,0.05641,0.02555,15,30,crop_radius_minus_1.5,"atom_shuffle,coordinate_jitter",1799,20,15
colab47_crop_subsample_subsample_n20,diffsbdd,mean_qed,1.608,0.297,2.888,0.04544,0.02826,15,30,crop_radius_minus_1.5,"atom_shuffle,coordinate_jitter",1800,20,15
colab47_crop_subsample_subsample_n20,diffsbdd,mean_qed,2.1,0.975,2.855,0.06112,0.02911,18,36,crop_radius_minus_1.5,"atom_shuffle,coordinate_jitter",1801,20,18
colab47_crop_subsample_subsample_n20,diffsbdd,mean_qed,2.372,1.167,3.884,0.06784,0.0286,17,34,crop_radius_minus_1.5,"atom_shuffle,coordinate_jitter",1802,20,17
colab47_crop_subsample_subsample_n20,diffsbdd,mean_qed,1.815,1.107,2.195,0.05641,0.03108,19,38,crop_radius_minus_1.5,"atom_shuffle,coordinate_jitter",1803,20,19
colab47_crop_subsample_subsample_n20,diffsbdd,mean_qed,2.827,1.375,3.711,0.06784,0.024,17,34,crop_radius_minus_1.5,"atom_shuffle,coordinate_jitter",1804,20,17
colab47_crop_subsample_subsample_n20,diffsbdd,mean_qed,3.218,1.814,4.461,0.07241,0.0225,18,36,crop_radius_minus_1.5,"atom_shuffle,coordinate_jitter",1805,20,18
colab47_crop_subsample_subsample_n20,diffsbdd,mean_qed,1.946,1.251,3.574,0.0604,0.03103,18,36,crop_radius_minus_1.5,"atom_shuffle,coordinate_jitter",1806,20,18
colab47_crop_subsample_subsample_n20,diffsbdd,mean_qed,1.429,0.373,2.702,0.03752,0.02626,18,36,crop_radius_minus_1.5,"atom_shuffle,coordinate_jitter",1807,20,18
colab47_crop_subsample_subsample_n20,diffsbdd,mean_qed,1.464,0.378,2.327,0.04544,0.03103,17,34,crop_radius_minus_1.5,"atom_shuffle,coordinate_jitter",1808,20,17
colab47_crop_subsample_subsample_n20,diffsbdd,mean_qed,1.302,0.355,2.278,0.03794,0.02914,16,32,crop_radius_minus_1.5,"atom_shuffle,coordinate_jitter",1809,20,16
colab47_crop_subsample_subsample_n20,diffsbdd,mean_qed,2.14,1.067,2.614,0.06376,0.02979,16,32,crop_radius_minus_1.5,"atom_shuffle,coordinate_jitter",1810,20,16
colab47_crop_subsample_subsample_n20,diffsbdd,mean_qed,1.538,0.686,2.615,0.04825,0.03138,17,34,crop_radius_minus_1.5,"atom_shuffle,coordinate_jitter",1811,20,17
colab47_crop_subsample_subsample_n20,diffsbdd,mean_qed,1.997,0.657,3.247,0.05641,0.02826,17,34,crop_radius_minus_1.5,"atom_shuffle,coordinate_jitter",1812,20,17
colab47_crop_subsample_subsample_n20,diffsbdd,mean_qed,1.22,0.682,1.914,0.03902,0.032,16,32,crop_radius_minus_1.5,"atom_shuffle,coordinate_jitter",1813,20,16
colab47_crop_subsample_subsample_n20,diffsbdd,mean_qed,2.107,1.016,3.682,0.06438,0.03055,15,30,crop_radius_minus_1.5,"atom_shuffle,coordinate_jitter",1814,20,15
colab47_crop_subsample_subsample_n20,diffsbdd,mean_qed,2.399,0.846,3.367,0.06989,0.02913,14,28,crop_radius_minus_1.5,"atom_shuffle,coordinate_jitter",1815,20,14
colab47_crop_subsample_subsample_n20,diffsbdd,mean_qed,1.912,0.701,3.925,0.0495,0.0259,15,30,crop_radius_minus_1.5,"atom_shuffle,coordinate_jitter",1816,20,15
colab47_crop_subsample_subsample_n20,diffsbdd,mean_qed,2.044,1.024,2.778,0.06366,0.03114,18,36,crop_radius_minus_1.5,"atom_shuffle,coordinate_jitter",1817,20,18
colab47_crop_subsample_subsample_n20,diffsbdd,mean_qed,1.884,1.09,2.526,0.0562,0.02983,17,34,crop_radius_minus_1.5,"atom_shuffle,coordinate_jitter",1818,20,17
colab47_crop_subsample_subsample_n20,diffsbdd,mean_qed,2.325,1.23,3.507,0.0562,0.02417,17,34,crop_radius_minus_1.5,"atom_shuffle,coordinate_jitter",1819,20,17
colab47_crop_subsample_subsample_n20,diffsbdd,mean_qed,3.738,1.86,6.315,0.06784,0.01815,15,30,crop_radius_minus_1.5,"atom_shuffle,coordinate_jitter",1820,20,15
colab47_crop_subsample_subsample_n20,diffsbdd,mean_qed,2.192,1.447,2.686,0.06529,0.02979,16,32,crop_radius_minus_1.5,"atom_shuffle,coordinate_jitter",1821,20,16
colab47_crop_subsample_subsample_n20,diffsbdd,mean_qed,1.814,0.872,2.28,0.06438,0.03548,15,30,crop_radius_minus_1.5,"atom_shuffle,coordinate_jitter",1822,20,15
colab47_crop_subsample_subsample_n20,diffsbdd,mean_qed,1.822,1.096,2.427,0.06169,0.03387,16,32,crop_radius_minus_1.5,"atom_shuffle,coordinate_jitter",1823,20,16
colab47_crop_subsample_subsample_n20,diffsbdd,mean_qed,2.018,1.511,3.578,0.05877,0.02913,16,32,crop_radius_minus_1.5,"atom_shuffle,coordinate_jitter",1824,20,16
colab47_crop_subsample_subsample_n20,diffsbdd,mean_qed,2.042,0.82,3.235,0.05794,0.02838,16,32,crop_radius_minus_1.5,"atom_shuffle,coordinate_jitter",1825,20,16
colab47_crop_subsample_subsample_n20,diffsbdd,mean_qed,1.941,1.132,3.968,0.05786,0.0298,15,30,crop_radius_minus_1.5,"atom_shuffle,coordinate_jitter",1826,20,15
colab47_crop_subsample_subsample_n20,diffsbdd,mean_qed,1.339,0.29,2.622,0.03903,0.02915,17,34,crop_radius_minus_1.5,"atom_shuffle,coordinate_jitter",1827,20,17
colab47_crop_subsample_subsample_n20,diffsbdd,mean_qed,1.984,0.698,3.424,0.05804,0.02926,16,32,crop_radius_minus_1.5,"atom_shuffle,coordinate_jitter",1828,20,16
colab47_crop_subsample_subsample_n20,diffsbdd,mean_qed,2.376,1.561,2.824,0.0709,0.02985,19,38,crop_radius_minus_1.5,"atom_shuffle,coordinate_jitter",1829,20,19
colab47_crop_subsample_subsample_n20,diffsbdd,mean_qed,2.233,1.4,3.392,0.07193,0.03221,17,34,crop_radius_minus_1.5,"atom_shuffle,coordinate_jitter",1830,20,17
colab47_crop_subsample_subsample_n20,diffsbdd,mean_qed,3.465,1.771,5.337,0.07266,0.02097,14,28,crop_radius_minus_1.5,"atom_shuffle,coordinate_jitter",1831,20,14
colab47_crop_subsample_subsample_n20,diffsbdd,mean_qed,1.96,0.634,3.365,0.05714,0.02915,16,32,crop_radius_minus_1.5,"atom_shuffle,coordinate_jitter",1832,20,16
colab47_crop_subsample_subsample_n20,diffsbdd,mean_qed,1.66,0.655,2.645,0.04926,0.02967,18,36,crop_radius_minus_1.5,"atom_shuffle,coordinate_jitter",1833,20,18
colab47_crop_subsample_subsample_n20,diffsbdd,mean_qed,1.743,0.335,3.308,0.04761,0.02731,14,28,crop_radius_minus_1.5,"atom_shuffle,coordinate_jitter",1834,20,14
colab47_crop_subsample_subsample_n20,diffsbdd,mean_qed,2.717,1.953,3.642,0.07142,0.02629,18,36,crop_radius_minus_1.5,"atom_shuffle,coordinate_jitter",1835,20,18
colab47_crop_subsample_subsample_n20,diffsbdd,mean_qed,1.943,0.808,2.599,0.05786,0.02978,17,34,crop_radius_minus_1.5,"atom_shuffle,coordinate_jitter",1836,20,17
colab47_crop_subsample_subsample_n20,diffsbdd,mean_qed,1.867,1.342,2.879,0.05714,0.03061,18,36,crop_radius_minus_1.5,"atom_shuffle,coordinate_jitter",1837,20,18
colab47_crop_subsample_subsample_n20,diffsbdd,mean_qed,1.905,0.716,2.695,0.05967,0.03132,15,30,crop_radius_minus_1.5,"atom_shuffle,coordinate_jitter",1838,20,15
colab47_crop_subsample_subsample_n20,diffsbdd,mean_qed,2.103,1.295,3.446,0.05786,0.02752,15,30,crop_radius_minus_1.5,"atom_shuffle,coordinate_jitter",1839,20,15
colab47_crop_subsample_subsample_n20,diffsbdd,mean_qed,1.348,0.457,3.298,0.04211,0.03123,15,30,crop_radius_minus_1.5,"atom_shuffle,coordinate_jitter",1840,20,15
colab47_crop_subsample_subsample_n20,diffsbdd,mean_qed,2.21,0.365,3.03,0.06438,0.02913,17,34,crop_radius_minus_1.5,"atom_shuffle,coordinate_jitter",1841,20,17
colab47_crop_subsample_subsample_n20,diffsbdd,mean_qed,1.995,1.081,3.658,0.05641,0.02828,17,34,crop_radius_minus_1.5,"atom_shuffle,coordinate_jitter",1842,20,17
colab47_crop_subsample_subsample_n20,diffsbdd,mean_qed,1.522,0.645,3.211,0.043,0.02826,19,38,crop_radius_minus_1.5,"atom_shuffle,coordinate_jitter",1843,20,19
colab47_crop_subsample_subsample_n20,diffsbdd,mean_qed,1.927,0.931,2.592,0.06438,0.03341,17,34,crop_radius_minus_1.5,"atom_shuffle,coordinate_jitter",1844,20,17
colab47_crop_subsample_subsample_n20,diffsbdd,mean_qed,2.202,1.27,3.532,0.05703,0.0259,16,32,crop_radius_minus_1.5,"atom_shuffle,coordinate_jitter",1845,20,16
colab47_crop_subsample_subsample_n20,diffsbdd,mean_qed,1.894,1.04,2.778,0.05641,0.02978,17,34,crop_radius_minus_1.5,"atom_shuffle,coordinate_jitter",1846,20,17
colab47_crop_subsample_subsample_n20,diffsbdd,mean_qed,1.535,0.823,2.387,0.05233,0.0341,16,32,crop_radius_minus_1.5,"atom_shuffle,coordinate_jitter",1847,20,16
colab47_crop_subsample_subsample_n20,diffsbdd,mean_qed,1.568,0.849,2.76,0.04544,0.02898,17,34,crop_radius_minus_1.5,"atom_shuffle,coordinate_jitter",1848,20,17
colab47_crop_subsample_subsample_n20,diffsbdd,mean_qed,2.486,1.598,3.095,0.0724,0.02913,18,36,crop_radius_minus_1.5,"atom_shuffle,coordinate_jitter",1849,20,18
colab47_crop_subsample_subsample_n20,diffsbdd,mean_qed,1.814,1.14,2.835,0.05285,0.02913,16,32,crop_radius_minus_1.5,"atom_shuffle,coordinate_jitter",1850,20,16
colab47_crop_subsample_subsample_n20,diffsbdd,mean_qed,1.506,0.744,2.847,0.04211,0.02797,15,30,crop_radius_minus_1.5,"atom_shuffle,coordinate_jitter",1851,20,15
colab47_crop_subsample_subsample_n20,diffsbdd,mean_qed,1.633,0.886,3.985,0.04825,0.02955,13,26,crop_radius_minus_1.5,"atom_shuffle,coordinate_jitter",1852,20,13
colab47_crop_subsample_subsample_n20,diffsbdd,mean_qed,1.441,0.668,2.681,0.043,0.02985,17,34,crop_radius_minus_1.5,"atom_shuffle,coordinate_jitter",1853,20,17
colab47_crop_subsample_subsample_n20,diffsbdd,mean_qed,2.273,1.031,3.338,0.06495,0.02857,16,32,crop_radius_minus_1.5,"atom_shuffle,coordinate_jitter",1854,20,16
colab47_crop_subsample_subsample_n20,diffsbdd,mean_qed,1.975,0.618,3.161,0.05641,0.02857,17,34,crop_radius_minus_1.5,"atom_shuffle,coordinate_jitter",1855,20,17
colab47_crop_subsample_subsample_n20,diffsbdd,mean_qed,2.065,1.557,3.307,0.06784,0.03286,17,34,crop_radius_minus_1.5,"atom_shuffle,coordinate_jitter",1856,20,17
colab47_crop_subsample_subsample_n20,diffsbdd,mean_qed,1.35,0.701,1.894,0.04128,0.03057,15,30,crop_radius_minus_1.5,"atom_shuffle,coordinate_jitter",1857,20,15
colab47_crop_subsample_subsample_n20,diffsbdd,mean_qed,2.002,1.388,3.422,0.05967,0.0298,17,34,crop_radius_minus_1.5,"atom_shuffle,coordinate_jitter",1858,20,17
colab47_crop_subsample_subsample_n20,diffsbdd,mean_qed,2.238,1.194,3.813,0.05877,0.02626,16,32,crop_radius_minus_1.5,"atom_shuffle,coordinate_jitter",1859,20,16
colab47_crop_subsample_subsample_n20,diffsbdd,mean_qed,2.249,1.28,3.202,0.06552,0.02913,17,34,crop_radius_minus_1.5,"atom_shuffle,coordinate_jitter",1860,20,17
colab47_crop_subsample_subsample_n20,diffsbdd,mean_qed,2.26,1.194,3.87,0.0562,0.02487,17,34,crop_radius_minus_1.5,"atom_shuffle,coordinate_jitter",1861,20,17
colab47_crop_subsample_subsample_n20,diffsbdd,mean_qed,2.179,1.345,3.198,0.06552,0.03007,19,38,crop_radius_minus_1.5,"atom_shuffle,coordinate_jitter",1862,20,19
colab47_crop_subsample_subsample_n20,diffsbdd,mean_qed,2.111,1.113,2.588,0.06552,0.03103,17,34,crop_radius_minus_1.5,"atom_shuffle,coordinate_jitter",1863,20,17
colab47_crop_subsample_subsample_n20,diffsbdd,mean_qed,2.287,0.409,3.79,0.06438,0.02815,17,34,crop_radius_minus_1.5,"atom_shuffle,coordinate_jitter",1864,20,17
colab47_crop_subsample_subsample_n20,diffsbdd,mean_qed,1.732,0.666,3.12,0.05285,0.03051,16,32,crop_radius_minus_1.5,"atom_shuffle,coordinate_jitter",1865,20,16
colab47_crop_subsample_subsample_n20,diffsbdd,mean_qed,2.125,1.532,3.243,0.05804,0.02731,14,28,crop_radius_minus_1.5,"atom_shuffle,coordinate_jitter",1866,20,14
colab47_crop_subsample_subsample_n20,diffsbdd,mean_qed,1.888,0.978,2.566,0.06438,0.0341,15,30,crop_radius_minus_1.5,"atom_shuffle,coordinate_jitter",1867,20,15
colab47_crop_subsample_subsample_n20,diffsbdd,mean_qed,1.358,0.656,2.205,0.04223,0.0311,14,28,crop_radius_minus_1.5,"atom_shuffle,coordinate_jitter",1868,20,14
colab47_crop_subsample_subsample_n20,diffsbdd,mean_qed,2.238,1.418,2.853,0.06668,0.0298,16,32,crop_radius_minus_1.5,"atom_shuffle,coordinate_jitter",1869,20,16
colab47_crop_subsample_subsample_n20,diffsbdd,mean_qed,2.11,0.693,2.879,0.06438,0.03051,17,34,crop_radius_minus_1.5,"atom_shuffle,coordinate_jitter",1870,20,17
colab47_crop_subsample_subsample_n20,diffsbdd,mean_qed,2.68,1.065,4.036,0.0562,0.02097,17,34,crop_radius_minus_1.5,"atom_shuffle,coordinate_jitter",1871,20,17
colab47_crop_subsample_subsample_n20,diffsbdd,mean_qed,2.397,1.376,3.225,0.07338,0.03061,17,34,crop_radius_minus_1.5,"atom_shuffle,coordinate_jitter",1872,20,17
colab47_crop_subsample_subsample_n20,diffsbdd,mean_qed,2.124,1.122,3.117,0.07193,0.03387,15,30,crop_radius_minus_1.5,"atom_shuffle,coordinate_jitter",1873,20,15
colab47_crop_subsample_subsample_n20,diffsbdd,mean_qed,2.041,1.005,3.611,0.05285,0.02589,16,32,crop_radius_minus_1.5,"atom_shuffle,coordinate_jitter",1874,20,16
colab47_crop_subsample_subsample_n20,diffsbdd,mean_qed,1.34,0.334,2.647,0.03903,0.02913,17,34,crop_radius_minus_1.5,"atom_shuffle,coordinate_jitter",1875,20,17
colab47_crop_subsample_subsample_n20,diffsbdd,mean_qed,2.157,1.189,3.308,0.06552,0.03038,17,34,crop_radius_minus_1.5,"atom_shuffle,coordinate_jitter",1876,20,17
colab47_crop_subsample_subsample_n20,diffsbdd,mean_qed,2.261,1.047,2.644,0.07288,0.03224,15,30,crop_radius_minus_1.5,"atom_shuffle,coordinate_jitter",1877,20,15
colab47_crop_subsample_subsample_n20,diffsbdd,mean_qed,1.34,0.393,3.02,0.03903,0.02913,17,34,crop_radius_minus_1.5,"atom_shuffle,coordinate_jitter",1878,20,17
colab47_crop_subsample_subsample_n20,diffsbdd,mean_qed,2.241,0.509,2.794,0.06495,0.02898,18,36,crop_radius_minus_1.5,"atom_shuffle,coordinate_jitter",1879,20,18
colab47_crop_subsample_subsample_n20,diffsbdd,mean_qed,1.975,0.971,3.541,0.05641,0.02857,17,34,crop_radius_minus_1.5,"atom_shuffle,coordinate_jitter",1880,20,17
colab47_crop_subsample_subsample_n20,diffsbdd,mean_qed,2.002,1.091,3.061,0.06438,0.03215,17,34,crop_radius_minus_1.5,"atom_shuffle,coordinate_jitter",1881,20,17
colab47_crop_subsample_subsample_n20,diffsbdd,mean_qed,2.518,1.657,3.203,0.07193,0.02857,19,38,crop_radius_minus_1.5,"atom_shuffle,coordinate_jitter",1882,20,19
colab47_crop_subsample_subsample_n20,diffsbdd,mean_qed,2.242,1.48,2.77,0.07035,0.03138,14,28,crop_radius_minus_1.5,"atom_shuffle,coordinate_jitter",1883,20,14
colab47_crop_subsample_subsample_n20,diffsbdd,mean_qed,1.687,0.893,2.766,0.05285,0.03132,18,36,crop_radius_minus_1.5,"atom_shuffle,coordinate_jitter",1884,20,18
colab47_crop_subsample_subsample_n20,diffsbdd,mean_qed,2.394,1.486,3.974,0.06937,0.02898,16,32,crop_radius_minus_1.5,"atom_shuffle,coordinate_jitter",1885,20,16
colab47_crop_subsample_subsample_n20,diffsbdd,mean_qed,2.112,1.349,3.624,0.05967,0.02826,19,38,crop_radius_minus_1.5,"atom_shuffle,coordinate_jitter",1886,20,19
colab47_crop_subsample_subsample_n20,diffsbdd,mean_qed,1.739,0.835,2.492,0.06495,0.03734,16,32,crop_radius_minus_1.5,"atom_shuffle,coordinate_jitter",1887,20,16
colab47_crop_subsample_subsample_n20,diffsbdd,mean_qed,2.307,1.5,3.247,0.06872,0.02978,16,32,crop_radius_minus_1.5,"atom_shuffle,coordinate_jitter",1888,20,16
colab47_crop_subsample_subsample_n20,diffsbdd,mean_qed,2.481,1.509,3.672,0.07287,0.02937,18,36,crop_radius_minus_1.5,"atom_shuffle,coordinate_jitter",1889,20,18
colab47_crop_subsample_subsample_n20,diffsbdd,mean_qed,2.357,1.658,3.869,0.06438,0.02731,17,34,crop_radius_minus_1.5,"atom_shuffle,coordinate_jitter",1890,20,17
colab47_crop_subsample_subsample_n20,diffsbdd,mean_qed,2.278,0.807,3.51,0.06438,0.02826,19,38,crop_radius_minus_1.5,"atom_shuffle,coordinate_jitter",1891,20,19
colab47_crop_subsample_subsample_n20,diffsbdd,mean_qed,1.854,1.235,2.915,0.05631,0.03037,16,32,crop_radius_minus_1.5,"atom_shuffle,coordinate_jitter",1892,20,16
colab47_crop_subsample_subsample_n20,diffsbdd,mean_qed,2.524,1.69,3.431,0.07313,0.02898,18,36,crop_radius_minus_1.5,"atom_shuffle,coordinate_jitter",1893,20,18
colab47_crop_subsample_subsample_n20,diffsbdd,mean_qed,1.055,0.293,2.039,0.03376,0.032,15,30,crop_radius_minus_1.5,"atom_shuffle,coordinate_jitter",1894,20,15
colab47_crop_subsample_subsample_n20,diffsbdd,mean_qed,2.48,1.137,3.35,0.06937,0.02797,18,36,crop_radius_minus_1.5,"atom_shuffle,coordinate_jitter",1895,20,18
colab47_crop_subsample_subsample_n20,diffsbdd,mean_qed,1.449,0.45,3.019,0.043,0.02968,15,30,crop_radius_minus_1.5,"atom_shuffle,coordinate_jitter",1896,20,15
colab47_crop_subsample_subsample_n20,diffsbdd,mean_qed,1.671,0.713,3.739,0.04427,0.02649,18,36,crop_radius_minus_1.5,"atom_shuffle,coordinate_jitter",1897,20,18
colab47_crop_subsample_subsample_n20,diffsbdd,mean_qed,1.936,0.956,2.514,0.05641,0.02913,15,30,crop_radius_minus_1.5,"atom_shuffle,coordinate_jitter",1898,20,15
colab47_crop_subsample_subsample_n20,diffsbdd,mean_qed,1.838,1.32,2.897,0.05714,0.0311,16,32,crop_radius_minus_1.5,"atom_shuffle,coordinate_jitter",1899,20,16
colab47_crop_subsample_subsample_n20,diffsbdd,mean_qed,2.162,0.937,3.51,0.06086,0.02815,16,32,crop_radius_minus_1.5,"atom_shuffle,coordinate_jitter",1900,20,16
colab47_crop_subsample_subsample_n20,diffsbdd,mean_qed,2.268,1.43,3.119,0.07312,0.03224,18,36,crop_radius_minus_1.5,"atom_shuffle,coordinate_jitter",1901,20,18
colab47_crop_subsample_subsample_n20,diffsbdd,mean_qed,2.074,1.348,3.683,0.06495,0.03132,16,32,crop_radius_minus_1.5,"atom_shuffle,coordinate_jitter",1902,20,16
colab47_crop_subsample_subsample_n20,diffsbdd,mean_qed,1.623,0.583,2.664,0.0495,0.03051,17,34,crop_radius_minus_1.5,"atom_shuffle,coordinate_jitter",1903,20,17
colab47_crop_subsample_subsample_n20,diffsbdd,mean_qed,2.231,1.472,3.496,0.06203,0.0278,18,36,crop_radius_minus_1.5,"atom_shuffle,coordinate_jitter",1904,20,18
colab47_crop_subsample_subsample_n20,diffsbdd,mean_qed,1.416,0.274,2.943,0.04128,0.02915,15,30,crop_radius_minus_1.5,"atom_shuffle,coordinate_jitter",1905,20,15
colab47_crop_subsample_subsample_n20,diffsbdd,mean_qed,3.266,1.638,5.109,0.06438,0.01971,17,34,crop_radius_minus_1.5,"atom_shuffle,coordinate_jitter",1906,20,17
colab47_crop_subsample_subsample_n20,diffsbdd,mean_qed,1.386,0.842,2.954,0.05223,0.03768,16,32,crop_radius_minus_1.5,"atom_shuffle,coordinate_jitter",1907,20,16
colab47_crop_subsample_subsample_n20,diffsbdd,mean_qed,1.574,0.995,2.53,0.04916,0.03123,18,36,crop_radius_minus_1.5,"atom_shuffle,coordinate_jitter",1908,20,18
colab47_crop_subsample_subsample_n20,diffsbdd,mean_qed,1.531,0.78,2.885,0.04544,0.02967,19,38,crop_radius_minus_1.5,"atom_shuffle,coordinate_jitter",1909,20,19
colab47_crop_subsample_subsample_n20,diffsbdd,mean_qed,2.283,1.239,3.706,0.06784,0.02972,15,30,crop_radius_minus_1.5,"atom_shuffle,coordinate_jitter",1910,20,15
colab47_crop_subsample_subsample_n20,diffsbdd,mean_qed,1.86,1.073,2.623,0.05703,0.03066,14,28,crop_radius_minus_1.5,"atom_shuffle,coordinate_jitter",1911,20,14
colab47_crop_subsample_subsample_n20,diffsbdd,mean_qed,1.618,1.051,2.85,0.04916,0.03038,18,36,crop_radius_minus_1.5,"atom_shuffle,coordinate_jitter",1912,20,18
colab47_crop_subsample_subsample_n20,diffsbdd,mean_qed,2.341,1.691,3.066,0.06784,0.02898,17,34,crop_radius_minus_1.5,"atom_shuffle,coordinate_jitter",1913,20,17
colab47_crop_subsample_subsample_n20,diffsbdd,mean_qed,1.766,0.72,2.785,0.0495,0.02803,17,34,crop_radius_minus_1.5,"atom_shuffle,coordinate_jitter",1914,20,17
colab47_crop_subsample_subsample_n20,diffsbdd,mean_qed,1.929,1.011,2.555,0.06552,0.03397,17,34,crop_radius_minus_1.5,"atom_shuffle,coordinate_jitter",1915,20,17
colab47_crop_subsample_subsample_n20,diffsbdd,mean_qed,1.986,1.215,2.593,0.05786,0.02913,15,30,crop_radius_minus_1.5,"atom_shuffle,coordinate_jitter",1916,20,15
colab47_crop_subsample_subsample_n20,diffsbdd,mean_qed,2.264,1.056,3.332,0.07035,0.03108,18,36,crop_radius_minus_1.5,"atom_shuffle,coordinate_jitter",1917,20,18
colab47_crop_subsample_subsample_n20,diffsbdd,mean_qed,2.105,0.71,2.887,0.06784,0.03224,17,34,crop_radius_minus_1.5,"atom_shuffle,coordinate_jitter",1918,20,17
colab47_crop_subsample_subsample_n20,diffsbdd,mean_qed,2.189,1.6,3.272,0.06376,0.02913,16,32,crop_radius_minus_1.5,"atom_shuffle,coordinate_jitter",1919,20,16
colab47_crop_subsample_subsample_n20,diffsbdd,mean_qed,1.415,0.926,2.273,0.04825,0.0341,15,30,crop_radius_minus_1.5,"atom_shuffle,coordinate_jitter",1920,20,15
colab47_crop_subsample_subsample_n20,diffsbdd,mean_qed,1.833,1.206,2.513,0.0562,0.03066,19,38,crop_radius_minus_1.5,"atom_shuffle,coordinate_jitter",1921,20,19
colab47_crop_subsample_subsample_n20,diffsbdd,mean_qed,2.002,1.359,3.085,0.05967,0.0298,19,38,crop_radius_minus_1.5,"atom_shuffle,coordinate_jitter",1922,20,19
colab47_crop_subsample_subsample_n20,diffsbdd,mean_qed,2.05,1.263,3.405,0.05794,0.02826,16,32,crop_radius_minus_1.5,"atom_shuffle,coordinate_jitter",1923,20,16
colab47_crop_subsample_subsample_n20,diffsbdd,mean_qed,2.21,0.644,4.088,0.0495,0.0224,15,30,crop_radius_minus_1.5,"atom_shuffle,coordinate_jitter",1924,20,15
colab47_crop_subsample_subsample_n20,diffsbdd,mean_qed,1.561,1.11,3.05,0.04544,0.02911,15,30,crop_radius_minus_1.5,"atom_shuffle,coordinate_jitter",1925,20,15
colab47_crop_subsample_subsample_n20,diffsbdd,mean_qed,2.192,1.52,3.786,0.06213,0.02835,16,32,crop_radius_minus_1.5,"atom_shuffle,coordinate_jitter",1926,20,16
colab47_crop_subsample_subsample_n20,diffsbdd,mean_qed,1.94,0.639,2.601,0.05786,0.02983,15,30,crop_radius_minus_1.5,"atom_shuffle,coordinate_jitter",1927,20,15
colab47_crop_subsample_subsample_n20,diffsbdd,mean_qed,1.652,0.742,3.123,0.04544,0.02752,15,30,crop_radius_minus_1.5,"atom_shuffle,coordinate_jitter",1928,20,15
colab47_crop_subsample_subsample_n20,diffsbdd,mean_qed,2.226,1.498,2.946,0.06919,0.03108,16,32,crop_radius_minus_1.5,"atom_shuffle,coordinate_jitter",1929,20,16
colab47_crop_subsample_subsample_n20,diffsbdd,mean_qed,1.485,1.138,2.43,0.04256,0.02866,18,36,crop_radius_minus_1.5,"atom_shuffle,coordinate_jitter",1930,20,18
colab47_crop_subsample_subsample_n20,diffsbdd,mean_qed,1.908,1.287,3.0,0.05786,0.03033,15,30,crop_radius_minus_1.5,"atom_shuffle,coordinate_jitter",1931,20,15
colab47_crop_subsample_subsample_n20,diffsbdd,mean_qed,2.277,1.199,3.014,0.07286,0.032,17,34,crop_radius_minus_1.5,"atom_shuffle,coordinate_jitter",1932,20,17
colab47_crop_subsample_subsample_n20,diffsbdd,mean_qed,2.637,1.199,3.766,0.07314,0.02774,16,32,crop_radius_minus_1.5,"atom_shuffle,coordinate_jitter",1933,20,16
colab47_crop_subsample_subsample_n20,diffsbdd,mean_qed,2.359,0.97,3.702,0.06029,0.02555,18,36,crop_radius_minus_1.5,"atom_shuffle,coordinate_jitter",1934,20,18
colab47_crop_subsample_subsample_n20,diffsbdd,mean_qed,2.063,0.61,3.137,0.06203,0.03007,14,28,crop_radius_minus_1.5,"atom_shuffle,coordinate_jitter",1935,20,14
colab47_crop_subsample_subsample_n20,diffsbdd,mean_qed,1.876,0.585,2.961,0.05967,0.0318,15,30,crop_radius_minus_1.5,"atom_shuffle,coordinate_jitter",1936,20,15
colab47_crop_subsample_subsample_n20,diffsbdd,mean_qed,1.919,0.788,4.374,0.05368,0.02797,12,24,crop_radius_minus_1.5,"atom_shuffle,coordinate_jitter",1937,20,12
colab47_crop_subsample_subsample_n20,diffsbdd,mean_qed,2.094,1.182,3.389,0.06213,0.02967,18,36,crop_radius_minus_1.5,"atom_shuffle,coordinate_jitter",1938,20,18
colab47_crop_subsample_subsample_n20,diffsbdd,mean_qed,2.36,0.743,3.409,0.06552,0.02777,17,34,crop_radius_minus_1.5,"atom_shuffle,coordinate_jitter",1939,20,17
colab47_crop_subsample_subsample_n20,diffsbdd,mean_qed,2.101,1.384,2.994,0.0626,0.02979,18,36,crop_radius_minus_1.5,"atom_shuffle,coordinate_jitter",1940,20,18
colab47_crop_subsample_subsample_n20,diffsbdd,mean_qed,1.335,0.862,1.991,0.0417,0.03123,18,36,crop_radius_minus_1.5,"atom_shuffle,coordinate_jitter",1941,20,18
colab47_crop_subsample_subsample_n20,diffsbdd,mean_qed,1.267,0.639,2.048,0.04102,0.03237,18,36,crop_radius_minus_1.5,"atom_shuffle,coordinate_jitter",1942,20,18
colab47_crop_subsample_subsample_n20,diffsbdd,mean_qed,2.009,0.811,3.316,0.05786,0.0288,15,30,crop_radius_minus_1.5,"atom_shuffle,coordinate_jitter",1943,20,15
colab47_crop_subsample_subsample_n20,diffsbdd,mean_qed,2.009,1.207,3.073,0.0562,0.02797,19,38,crop_radius_minus_1.5,"atom_shuffle,coordinate_jitter",1944,20,19
colab47_crop_subsample_subsample_n20,diffsbdd,mean_qed,2.017,0.848,3.098,0.05641,0.02797,17,34,crop_radius_minus_1.5,"atom_shuffle,coordinate_jitter",1945,20,17
colab47_crop_subsample_subsample_n20,diffsbdd,mean_qed,1.339,0.323,2.979,0.03903,0.02915,15,30,crop_radius_minus_1.5,"atom_shuffle,coordinate_jitter",1946,20,15
colab47_crop_subsample_subsample_n20,diffsbdd,mean_qed,2.009,0.576,3.544,0.05786,0.0288,15,30,crop_radius_minus_1.5,"atom_shuffle,coordinate_jitter",1947,20,15
colab47_crop_subsample_subsample_n20,diffsbdd,mean_qed,2.059,1.13,2.979,0.05967,0.02898,19,38,crop_radius_minus_1.5,"atom_shuffle,coordinate_jitter",1948,20,19
colab47_crop_subsample_subsample_n20,diffsbdd,mean_qed,1.967,1.229,3.12,0.05967,0.03033,17,34,crop_radius_minus_1.5,"atom_shuffle,coordinate_jitter",1949,20,17
colab47_crop_subsample_subsample_n20,diffsbdd,mean_qed,1.894,1.018,2.658,0.05641,0.02978,19,38,crop_radius_minus_1.5,"atom_shuffle,coordinate_jitter",1950,20,19
colab47_crop_subsample_subsample_n20,diffsbdd,mean_qed,2.519,1.389,4.523,0.06552,0.02601,15,30,crop_radius_minus_1.5,"atom_shuffle,coordinate_jitter",1951,20,15
colab47_crop_subsample_subsample_n20,diffsbdd,mean_qed,1.496,0.308,2.785,0.04211,0.02815,15,30,crop_radius_minus_1.5,"atom_shuffle,coordinate_jitter",1952,20,15
colab47_crop_subsample_subsample_n20,diffsbdd,mean_qed,2.257,1.334,3.058,0.06919,0.03066,16,32,crop_radius_minus_1.5,"atom_shuffle,coordinate_jitter",1953,20,16
colab47_crop_subsample_subsample_n20,diffsbdd,mean_qed,1.785,0.444,3.305,0.0495,0.02774,17,34,crop_radius_minus_1.5,"atom_shuffle,coordinate_jitter",1954,20,17
colab47_crop_subsample_subsample_n20,diffsbdd,mean_qed,2.043,1.139,2.979,0.06919,0.03387,14,28,crop_radius_minus_1.5,"atom_shuffle,coordinate_jitter",1955,20,14
colab47_crop_subsample_subsample_n20,diffsbdd,mean_qed,1.975,0.986,2.593,0.06366,0.03224,16,32,crop_radius_minus_1.5,"atom_shuffle,coordinate_jitter",1956,20,16
colab47_crop_subsample_subsample_n20,diffsbdd,mean_qed,1.74,0.663,2.606,0.05285,0.03038,18,36,crop_radius_minus_1.5,"atom_shuffle,coordinate_jitter",1957,20,18
colab47_crop_subsample_subsample_n20,diffsbdd,mean_qed,2.332,1.232,4.176,0.06536,0.02803,16,32,crop_radius_minus_1.5,"atom_shuffle,coordinate_jitter",1958,20,16
colab47_crop_subsample_subsample_n20,diffsbdd,mean_qed,2.238,1.308,3.644,0.06112,0.02731,18,36,crop_radius_minus_1.5,"atom_shuffle,coordinate_jitter",1959,20,18
colab47_crop_subsample_subsample_n20,diffsbdd,mean_qed,1.338,0.765,2.579,0.04422,0.03305,14,28,crop_radius_minus_1.5,"atom_shuffle,coordinate_jitter",1960,20,14
colab47_crop_subsample_subsample_n20,diffsbdd,mean_qed,1.715,0.909,2.631,0.05082,0.02964,16,32,crop_radius_minus_1.5,"atom_shuffle,coordinate_jitter",1961,20,16
colab47_crop_subsample_subsample_n20,diffsbdd,mean_qed,1.939,1.089,2.531,0.06366,0.03282,16,32,crop_radius_minus_1.5,"atom_shuffle,coordinate_jitter",1962,20,16
colab47_crop_subsample_subsample_n20,diffsbdd,mean_qed,1.993,0.798,3.035,0.05714,0.02866,18,36,crop_radius_minus_1.5,"atom_shuffle,coordinate_jitter",1963,20,18
colab47_crop_subsample_subsample_n20,diffsbdd,mean_qed,1.939,1.227,2.907,0.05641,0.0291,17,34,crop_radius_minus_1.5,"atom_shuffle,coordinate_jitter",1964,20,17
colab47_crop_subsample_subsample_n20,diffsbdd,mean_qed,1.706,0.488,3.301,0.05426,0.0318,18,36,crop_radius_minus_1.5,"atom_shuffle,coordinate_jitter",1965,20,18
colab47_crop_subsample_subsample_n20,diffsbdd,mean_qed,2.401,1.228,3.702,0.06784,0.02826,15,30,crop_radius_minus_1.5,"atom_shuffle,coordinate_jitter",1966,20,15
colab47_crop_subsample_subsample_n20,diffsbdd,mean_qed,2.534,1.496,3.847,0.06784,0.02678,17,34,crop_radius_minus_1.5,"atom_shuffle,coordinate_jitter",1967,20,17
colab47_crop_subsample_subsample_n20,diffsbdd,mean_qed,2.079,1.134,2.669,0.06784,0.03263,19,38,crop_radius_minus_1.5,"atom_shuffle,coordinate_jitter",1968,20,19
colab47_crop_subsample_subsample_n20,diffsbdd,mean_qed,2.36,1.318,3.069,0.06668,0.02826,18,36,crop_radius_minus_1.5,"atom_shuffle,coordinate_jitter",1969,20,18
colab47_crop_subsample_subsample_n20,diffsbdd,mean_qed,1.918,0.792,2.842,0.05714,0.02978,16,32,crop_radius_minus_1.5,"atom_shuffle,coordinate_jitter",1970,20,16
colab47_crop_subsample_subsample_n20,diffsbdd,mean_qed,1.637,1.162,2.936,0.043,0.02626,17,34,crop_radius_minus_1.5,"atom_shuffle,coordinate_jitter",1971,20,17
colab47_crop_subsample_subsample_n20,diffsbdd,mean_qed,1.866,0.644,2.348,0.0604,0.03237,14,28,crop_radius_minus_1.5,"atom_shuffle,coordinate_jitter",1972,20,14
colab47_crop_subsample_subsample_n20,diffsbdd,mean_qed,1.757,1.178,2.996,0.05285,0.03009,16,32,crop_radius_minus_1.5,"atom_shuffle,coordinate_jitter",1973,20,16
colab47_crop_subsample_subsample_n20,diffsbdd,mean_qed,2.042,1.01,2.979,0.06495,0.0318,16,32,crop_radius_minus_1.5,"atom_shuffle,coordinate_jitter",1974,20,16
colab47_crop_subsample_subsample_n20,diffsbdd,mean_qed,2.737,1.416,3.723,0.07313,0.02672,18,36,crop_radius_minus_1.5,"atom_shuffle,coordinate_jitter",1975,20,18
colab47_crop_subsample_subsample_n20,diffsbdd,mean_qed,2.17,0.944,3.499,0.0562,0.0259,17,34,crop_radius_minus_1.5,"atom_shuffle,coordinate_jitter",1976,20,17
colab47_crop_subsample_subsample_n20,diffsbdd,mean_qed,1.496,0.502,2.266,0.04685,0.03132,18,36,crop_radius_minus_1.5,"atom_shuffle,coordinate_jitter",1977,20,18
colab47_crop_subsample_subsample_n20,diffsbdd,mean_qed,2.16,1.368,3.362,0.06438,0.0298,17,34,crop_radius_minus_1.5,"atom_shuffle,coordinate_jitter",1978,20,17
colab47_crop_subsample_subsample_n20,diffsbdd,mean_qed,1.221,0.605,1.591,0.03639,0.0298,14,28,crop_radius_minus_1.5,"atom_shuffle,coordinate_jitter",1979,20,14
colab47_crop_subsample_subsample_n20,diffsbdd,mean_qed,2.175,1.211,3.235,0.06668,0.03066,18,36,crop_radius_minus_1.5,"atom_shuffle,coordinate_jitter",1980,20,18
colab47_crop_subsample_subsample_n20,diffsbdd,mean_qed,1.469,0.679,2.593,0.04256,0.02898,16,32,crop_radius_minus_1.5,"atom_shuffle,coordinate_jitter",1981,20,16
colab47_crop_subsample_subsample_n20,diffsbdd,mean_qed,1.425,0.897,2.53,0.04825,0.03387,15,30,crop_radius_minus_1.5,"atom_shuffle,coordinate_jitter",1982,20,15
colab47_crop_subsample_subsample_n20,diffsbdd,mean_qed,2.034,0.829,3.501,0.05641,0.02774,17,34,crop_radius_minus_1.5,"atom_shuffle,coordinate_jitter",1983,20,17
colab47_crop_subsample_subsample_n20,diffsbdd,mean_qed,1.82,1.075,2.754,0.05296,0.0291,18,36,crop_radius_minus_1.5,"atom_shuffle,coordinate_jitter",1984,20,18
colab47_crop_subsample_subsample_n20,diffsbdd,mean_qed,1.377,0.371,2.684,0.04015,0.02915,16,32,crop_radius_minus_1.5,"atom_shuffle,coordinate_jitter",1985,20,16
colab47_crop_subsample_subsample_n20,diffsbdd,mean_qed,2.112,1.287,3.806,0.05967,0.02826,15,30,crop_radius_minus_1.5,"atom_shuffle,coordinate_jitter",1986,20,15
colab47_crop_subsample_subsample_n20,diffsbdd,mean_qed,1.734,1.205,3.156,0.04825,0.02783,17,34,crop_radius_minus_1.5,"atom_shuffle,coordinate_jitter",1987,20,17
colab47_crop_subsample_subsample_n20,diffsbdd,mean_qed,2.205,0.937,2.571,0.07288,0.03305,17,34,crop_radius_minus_1.5,"atom_shuffle,coordinate_jitter",1988,20,17
colab47_crop_subsample_subsample_n20,diffsbdd,mean_qed,1.608,0.576,3.39,0.04916,0.03057,16,32,crop_radius_minus_1.5,"atom_shuffle,coordinate_jitter",1989,20,16
colab47_crop_subsample_subsample_n20,diffsbdd,mean_qed,2.1,1.301,2.866,0.06438,0.03066,15,30,crop_radius_minus_1.5,"atom_shuffle,coordinate_jitter",1990,20,15
colab47_crop_subsample_subsample_n20,diffsbdd,mean_qed,1.864,1.172,3.518,0.05285,0.02835,18,36,crop_radius_minus_1.5,"atom_shuffle,coordinate_jitter",1991,20,18
colab47_crop_subsample_subsample_n20,diffsbdd,mean_qed,1.994,0.613,2.604,0.05786,0.02901,17,34,crop_radius_minus_1.5,"atom_shuffle,coordinate_jitter",1992,20,17
colab47_crop_subsample_subsample_n20,diffsbdd,mean_qed,1.223,0.81,2.178,0.0417,0.0341,16,32,crop_radius_minus_1.5,"atom_shuffle,coordinate_jitter",1993,20,16
colab47_crop_subsample_subsample_n20,diffsbdd,mean_qed,1.838,1.168,2.782,0.04825,0.02626,19,38,crop_radius_minus_1.5,"atom_shuffle,coordinate_jitter",1994,20,19
colab47_crop_subsample_subsample_n20,diffsbdd,mean_qed,2.058,0.951,3.364,0.0562,0.02731,17,34,crop_radius_minus_1.5,"atom_shuffle,coordinate_jitter",1995,20,17
colab47_crop_subsample_subsample_n20,diffsbdd,mean_qed,2.213,1.131,2.567,0.06784,0.03066,15,30,crop_radius_minus_1.5,"atom_shuffle,coordinate_jitter",1996,20,15
colab47_crop_subsample_subsample_n20,diffsbdd,mean_qed,1.359,0.27,2.768,0.04825,0.03551,13,26,crop_radius_minus_1.5,"atom_shuffle,coordinate_jitter",1997,20,13
colab47_crop_subsample_subsample_n20,diffsbdd,mean_qed,1.905,1.028,2.596,0.05967,0.03132,17,34,crop_radius_minus_1.5,"atom_shuffle,coordinate_jitter",1998,20,17
colab47_crop_subsample_subsample_n20,diffsbdd,mean_qed,1.947,1.158,2.764,0.05786,0.02972,17,34,crop_radius_minus_1.5,"atom_shuffle,coordinate_jitter",1999,20,17
